index	trigger	syllables	flag	preview
1	line-end	19		༄༅༅། །ཇི་སྐད་དུ་སྤངས་པ་ནི་ཡོངས་སུ་ཤེས་པའི་མིང་འཐོབ་པོ་ཞེས་བཤད་པ་དེ་ཡང་།
2	verse-stanza	13		བདེན་པ་མཐོང་དང་བསྒོམ་པ་ལས། །↵ཉོན་མོངས་སྤངས་པ་ཞེས་བཤད་པ། །
3	line-end	53		ཉོན་མོངས་པ་རྣམས་མཐོང་བས་སྤང་བར་བྱ་བ་དང་། བསྒོམ་པས་སྤང་བར་བྱ་བ་ཡིན་ནོ་ཞེས་རྒྱས་པར
4	verse-stanza	19		བསྒོམ་པའི་ལམ་ནི་རྣམ་གཉིས་ཏེ། །↵མཐོང་བ་ཞེས་བྱ་ཟག་པ་མེད། །↵བསྒོམ་པའི་ལམ་ནི་རྣམ་གཉི
5	terminal-particle	9		འཇིག་རྟེན་པ་དང་། འཇིག་རྟེན་ལས་འདས་པའོ། །
6	terminal-particle	47		མཐོང་བའི་ལམ་ནི་ཁམས་གསུམ་པའི་གཉེན་པོ་ཡིན་པའི་ཕྱིར་དང་། མཐོང་བས་སྤང་བར་བྱ་བ་རྣམ་པ་
7	terminal-particle	22		བདེན་པ་མཐོང་བ་ལས་ཞེས་བཤད་པ། བདེན་པ་དེ་དག་ཀྱང་གང་ཞིག་ཅེ་ན། བདེན་པ་དག་ནི་བཞིར་བཤད་
8	line-end	35		གང་དུ་བཤད་ཅེ་ན། ཆོས་ཟག་པ་དང་བཅས་པ་དང་། ཟག་པ་མེད་པ་བསྟན་པར་ཟག་མེད་ལམ་གྱི་བདེན་པ་ད
9	verse-stanza	23		སོ་སོར་བརྟགས་པས་འགོག་པ་གང་། །↵བྲལ་བའོ་ཞེས་འགོག་པའི་བདེན་བ་བསྟན་ཏོ། །↵སྡུག་བསྔལ་ཀ
10	terminal-particle	15		ཞེས་བྱ་བ་དེར་སྡུག་བསྔལ་དང་ཀུན་འབྱུང་གི་བདེན་པ་དག་བསྟན་ཏོ། །
11	terminal-particle	16		ཅི་འདི་དག་གི་རིམ་པ་འདི་ཁོ་ན་ཡིན་ནམ་ཞེ་ན། སྨྲས་པ། མ་ཡིན་ནོ། །
12	line-end	8		འོ་ན་ཇི་ལྟ་བུ་ཡིན་ཞེ་ན།
13	verse-stanza	21		སྡུག་བསྔལ་ཀུན་འབྱུང་དེ་བཞིན་དུ། །↵འགོག་དང་ལམ་སྟེ་དེ་ལྟར་ན། །↵དེ་དག་གི་རིམ་པ་ནི་འ
14	terminal-particle	31		དེ་བཞིན་ཞེས་བྱ་བའི་སྒྲ་ནི་རང་གི་ངོ་བོ་ནི་སྔར་ཇི་སྐད་བཤད་པ་དེ་ཁོ་ན་བཞིན་ནོ་ཞེས་རབ
15	terminal-particle	20		དེ་ནི། དེ་དག་ཇི་ལྟར་མངོན་རྟོགས་རིམ། །བདེན་པ་གང་ཞིག་སྔར་མངོན་པར་རྟོགས་པ་དེ་སྔར་བས
16	terminal-particle	18		དེ་ལྟ་མ་ཡིན་ན་རྒྱུ་ནི་སྔར་བསྟན་ལ་འབྲས་བུ་ནི་ཕྱིས་བསྟན་པར་འགྱུར་རོ། །
17	terminal-particle	25		ཁ་ཅིག་ནི་སྐྱེ་བ་དང་མཐུན་པ་བསྟན་ཏེ། དཔེར་ན་དྲན་པ་ཉེ་བར་གཞག་པ་དང་། བསམ་གཏན་ལ་སོགས་
18	terminal-particle	57		ཁ་ཅིག་ནི་རབ་ཏུ་བརྟག་པ་དང་མཐུན་པར་བསྟན་ཏེ། དཔེར་ན་ཡང་དག་པར་སྤོང་བ་རྣམས་ལྟ་བུ་སྟེ།
19	terminal-particle	15		བདེན་པ་རྣམས་ནི་མངོན་པར་རྟོགས་པ་དང་མཐུན་པར་བསྟན་པ་ཡིན་ནོ། །
20	terminal-particle	69		ཅིའི་ཕྱིར་བདེན་པ་རྣམས་དེ་ལྟར་མངོན་པར་རྟོགས་ཤེ་ན། གང་ལ་ཆགས་པ་དང་། གང་གིས་གནོད་པ་བ
21	terminal-particle	17		འདིའི་འགོག་པ་ནི་གང་ཞིག་ཡིན་ཞེས་འགོག་པའི་བདེན་པ་ལ་ཡོངས་སུ་རྟོག་གོ། །
22	terminal-particle	29		འདིའི་ལམ་ནི་གང་ཞིག་ཡིན་ཞེས་ལམ་གྱི་བདེན་པ་ལ་ཡོངས་སུ་རྟོག་སྟེ། ནད་མཐོང་བས་དེའི་གཞི
23	terminal-particle	12		བདེན་པ་རྣམས་ཀྱི་དཔེ་འདི་ནི་མདོ་ལས་ཀྱང་བཤད་དོ། །
24	terminal-particle	23		མདོ་གང་ལས་ཤེ་ན། ཡན་ལག་བཞི་དང་ལྡན་པའི་སྨན་པས་ཟུག་རྔུ་འབྱིན་པ་ཞེས་གསུངས་པ་དེ་ལས་བས
25	terminal-particle	51		སྔར་འཕངས་པའི་ཕྱིར་ཇི་ལྟར་རྣམ་པར་དཔྱོད་པའི་གནས་སྐབས་ན་བདེན་པ་ལ་ཡོངས་སུ་རྟོག་པ་དེ་
26	terminal-particle	18		མངོན་པར་རྟོགས་པ་ཞེས་བྱ་བའི་དོན་ནི་ཅི་ཞེ་ན། མངོན་པར་ཡང་དག་པར་རྟོགས་པའོ། །
27	terminal-particle	47		ཅིའི་ཕྱིར་ཟག་པ་མེད་པ་ཁོ་ན་ཡིན་གྱི་ཟག་པ་དང་བཅས་པ་མ་ཡིན་ཞེ་ན། དེ་ནི་མྱ་ངན་ལས་འདས་པ
28	terminal-particle	21		དེ་ལ་ཉེ་བར་ལེན་པའི་ཕུང་པོ་འབྲས་བུར་གྱུར་པ་རྣམས་ནི་སྡུག་བསྔལ་གྱི་བདེན་པ་ཡིན་ནོ། །
29	terminal-particle	18		རྒྱུར་གྱུར་པ་རྣམས་ནི་ཀུན་འབྱུང་གི་བདེན་པ་ཡིན་ཏེ། འདི་ལས་ཀུན་འབྱུང་བའི་ཕྱིར་རོ། །
30	terminal-particle	27		དེ་ཉིད་ཀྱི་ཕྱིར་འདི་གཉིས་ནི་རྒྱུ་དང་འབྲས་བུར་གྱུར་པས་མིང་གི་སྒོ་ནས་བྱེ་བྲག་ཡོད་ཀ
31	terminal-particle	12		འགོག་པ་དང་ལམ་ནི་རྫས་སུ་ཡང་བྱེ་བྲག་ཡོད་དོ། །
32	quote-open	30		མདོ་ལས་འཕགས་པའི་བདེན་པ་རྣམས་ཞེས་འབྱུང་བ་དེའི་དོན་ཅི་ཞེ་ན། འདི་དག་ནི་འཕགས་པ་རྣམས་
33	quote-close	8		འཕགས་པའི་བདེན་པ་རྣམས་ཞེས་བཤད་དོ། །
34	line-end	83		ཅི་འདི་དག་གཞན་རྣམས་ལ་བརྫུན་ནམ་ཞེ་ན། འདི་དག་ནི་ཕྱིན་ཅི་མ་ལོག་པའི་ཕྱིར་ཐམས་ཅད་ལ་བད
35	verse-stanza	19		འཕགས་པས་བདེ་བར་གང་གསུངས་པ། །↵དེ་ནི་གཞན་གྱིས་སྡུག་བསྔལ་རིག།↵གཞན་གྱིས་བདེ་བར་གང་སྨ
36	terminal-particle	40		དེ་ནི་འཕགས་པས་སྡུག་བསྔལ་རིག །ཅེས་འབྱུང་ངོ་། །གཞན་དག་ན་རེ་གཉིས་ནི་འཕགས་པ་རྣམས་ཀྱི
37	line-end	34		གང་གི་ཚེ་ཚོར་བའི་ཕྱོགས་གཅིག་སྡུག་བསྔལ་གྱི་རང་བཞིན་ཡིན་པ་དེའི་ཚེ་ཇི་ལྟར་ན་འདུ་བྱེ
38	verse-stanza	26		ཡིད་འོང་ཡིད་དུ་མི་འོང་དང་། །↵དེ་ལས་གཞན་ཟག་བཅས་རྣམས་ཉིད། །↵སྡུག་བསྔལ་ཉིད་གསུམ་ལྡན
39	terminal-particle	25		སྡུག་བསྔལ་ཉིད་ནི་གསུམ་སྟེ། སྡུག་བསྔལ་གྱི་སྡུག་བསྔལ་ཉིད་དང་། འདུ་བྱེད་ཀྱི་སྡུག་བས
40	terminal-particle	40		དེ་དག་གིས་ཅི་རིགས་པར་འདུ་བྱེད་ཟག་པ་དང་བཅས་པ་ཐམས་ཅད་མ་ལུས་པར་སྡུག་བསྔལ་བ་ཡིན་ཏེ། 
41	terminal-particle	15		ཡིད་དུ་མི་འོང་བ་རྣམས་ནི་སྡུག་བསྔལ་གྱིས་སྡུག་བསྔལ་བ་ཉིད་དོ། །
42	terminal-particle	18		དེ་དག་ལས་གཞན་པ་རྣམས་ནི་འདུ་བྱེད་ཀྱི་སྡུག་བསྔལ་གྱིས་སྡུག་བསྔལ་བ་ཉིད་དོ། །
43	quote-open	69		ཡིད་དུ་འོང་བ་ནི་གང་དག་ཡིན། ཡིད་དུ་མི་འོང་བ་ནི་གང་དག་ཡིན། གཉི་ག་མ་ཡིན་པ་ནི་གང་དག་
44	quote-close	23		བདེ་བའི་ཚོར་བ་ནི་སྐྱེ་བ་ན་ཡང་བདེ། གནས་པ་ན་ཡང་བདེ་ལ། འགྱུར་བ་ན་སྡུག་བསྔལ་ལོ་ཞེས་ག
45	quote-open	18		སྡུག་བསྔལ་ནི་སྡུག་བསྔལ་གྱི་རང་གི་ངོ་བོ་ཁོ་ནས་སྡུག་བསྔལ་བ་ཉིད་དེ། མདོ་ལས།
46	quote-close	22		སྡུག་བསྔལ་གྱི་ཚོར་བ་ནི་སྐྱེ་བ་ན་ཡང་སྡུག་བསྔལ་ལ། གནས་པ་ན་ཡང་སྡུག་བསྔལ་ལོ་ཞེས་གསུང
47	terminal-particle	60		བདེ་བ་ཡང་མ་ཡིན། སྡུག་བསྔལ་བ་ཡང་མ་ཡིན་པའི་ཚོར་བ་ནི་རྐྱེན་གྱིས་མངོན་པར་འདུ་བྱེད་པའ
48	terminal-particle	35		གཞན་དག་ན་རེ་སྡུག་བསྔལ་ཉིད་སྡུག་བསྔལ་ཉིད་ཡིན་པས་སྡུག་བསྔལ་གྱི་སྡུག་བསྔལ་ཉིད་ཡིན་ལ
49	terminal-particle	30		འགྱུར་བ་ཡང་སྡུག་བསྔལ་གྱི་སྡུག་བསྔལ་དག་ནི་ཡིད་དུ་འོང་བ་དང་ཡིད་དུ་མི་འོང་བ་རྣམས་ཀྱ
50	terminal-particle	27		འདུ་བྱེད་ཐམས་ཅད་ནི་འདུ་བྱེད་ཀྱི་སྡུག་བསྔལ་ཉིད་ཀྱིས་སྡུག་བསྔལ་བ་ཉིད་ལ་དེ་དག་ཀྱང་འ
51	line-end	3		འདིར་སྨྲས་པ།
52	verse-stanza	25		ལག་མཐིལ་སྤུ་ཉག་གཅིག་འདུག་པ། །↵མི་རྣམས་ཀྱིས་ནི་མི་རྟོགས་ལ། །↵དེ་ཉིད་མིག་ཏུ་སོང་ན་
53	verse-stanza	26		བྱིས་པ་ལག་མཐིལ་འདྲ་བ་ཡིས། །↵འདུ་བྱེད་སྡུག་བསྔལ་སྤུ་མི་རྟོགས། །↵འཕགས་པ་མིག་དང་འདྲ
54	terminal-particle	41		ཇི་ལྟར་འཕགས་པ་རྣམས་སྲིད་པའི་རྩེ་མོ་བ་དག་ལ་ཡང་སྡུག་བསྔལ་གྱི་བློ་འཇུག་པ་ལྟར་བྱིས་པ
55	terminal-particle	67		དེ་ལྟ་ན་འོ་ན་ནི་ལམ་ཡང་འདུས་བྱས་ཡིན་པའི་ཕྱིར་འདུ་བྱེད་ཀྱི་སྡུག་བསྔལ་ཉིད་དུ་ཐལ་བར་
56	terminal-particle	35		གང་གི་ཚེ་དེ་དག་མྱ་ངན་ལས་འདས་པ་ལ་ཞི་བར་ལྟ་བ་དེའི་ཚེ་ཡང་། སྡུག་བསྔལ་དུ་མཐོང་བ་གང་ཡ
57	line-end	77		གང་གི་ཚེ་འདི་དག་ལ་བདེ་བ་ཡང་ཡོད་པ་དེའི་ཚེ་ཅིའི་ཕྱིར་སྡུག་བསྔལ་ཁོ་ན་འཕགས་པའི་བདེན་
58	verse-stanza	27		སྡུག་བསྔལ་གྱི་ནི་རྒྱུ་ཕྱིར་དང་། །↵སྡུག་བསྔལ་མང་པོས་བསྐྱེད་ཕྱིར་དང་།↵སྡུག་བསྔལ་ཡོ
59	terminal-particle	47		སྲིད་པ་ཐམས་ཅད་ནི་བདེ་བ་དང་བཅས་ཏེ་འདུ་བྱེད་ཀྱི་སྡུག་བསྔལ་དུ་རོ་གཅིག་པའི་འཕགས་པ་རྣ
60	terminal-particle	64		ད་ནི་ཇི་ལྟར་བདེ་བའི་རང་བཞིན་གྱི་ཚོར་བ་རྣམས་ལ་སྡུག་བསྔལ་དུ་ལྟ་ཞེ་ན། མི་རྟག་པའི་མཚ
61	terminal-particle	33		གང་ཞིག་སྡུག་བསྔལ་གྱི་རྒྱུ་ཡིན་པའི་ཕྱིར་རོ་སྙམ་དུ་སེམས་པ་དེའི་དེ་ནི་ཀུན་འབྱུང་གི་
62	terminal-particle	40		གཟུགས་དང་གཟུགས་མེད་པར་སྐྱེས་པ་དག་གིས་འཕགས་པ་རྣམས་ལ་ཡང་ཇི་ལྟར་སྡུག་བསྔལ་གྱི་འདུ་ཤ
63	terminal-particle	89		མདོ་ལས་འདུ་བྱེད་ཀྱི་སྡུག་བསྔལ་ཉིད་ཀྱང་ཅིའི་ཕྱིར་གསུངས་པར་གྱུར། གལ་ཏེ་མི་རྟག་པའི་
64	terminal-particle	23		ཁ་ཅིག་ན་རེ་བདེ་བའི་ཚོར་བ་ཞེས་བྱ་བ་ནི་མེད་པ་ཉིད་དེ། ཐམས་ཅད་སྡུག་བསྔལ་ཁོ་ན་ཡིན་ནོ།
65	terminal-particle	78		འདི་ཇི་ལྟར་ཁོང་དུ་ཆུད་ཅེ་ན། མདོ་དང་། རིགས་པ་ལས་ཏེ། རེ་ཞིག་མདོ་ལས་ཇི་ལྟ་བུ་ཞེ་ན་བ
66	terminal-particle	66		རིགས་པ་ལས་ཇི་ལྟ་བུ་ཞེ་ན། བདེ་བའི་རྒྱུ་རྣམ་པར་མི་གནས་པའི་ཕྱིར་ཏེ། ཁ་ཅིག་བདེ་བའི་ར
67	terminal-particle	69		བདེ་བའི་རྒྱུ་འཕེལ་བའམ་མཉམ་པས་ནི་དུས་གཞན་ན་སྡུག་བསྔལ་སྐྱེད་པར་རིགས་པ་མ་ཡིན་པས་དེ་
68	terminal-particle	67		སྡུག་བསྔལ་གྱི་གཉེན་པོ་དང་སྡུག་བསྔལ་གྱི་བྱེ་བྲག་ལ་བདེ་བའི་བློ་སྐྱེ་བའི་ཡང་ཕྱིར་ཏེ
69	terminal-particle	56		དེ་ལྟ་བས་ན་མི་མཁས་པ་རྣམས་ནི་གཉེན་པོ་ཁོ་ན་ལ་བདེ་བའི་བློ་འཇུག་གི་བདེ་བ་ལ་ནི་མ་ཡིན་
70	terminal-particle	14		དེ་ལྟ་བས་ན་བདེ་བ་ནི་མེད་པ་ཁོ་ནའོ་ཞེས་ཟེར་རོ། །
71	terminal-particle	18		ཆོས་མངོན་པ་པ་རྣམས་ན་རེ། ཡོད་པ་ཉིད་དོ་ཞེས་ཟེར་ཏེ། འདི་ཉིད་རིགས་པ་ཡིན་ནོ། །
72	terminal-particle	49		ཇི་ལྟར་བྱས་པས་ཤེ་ན། རེ་ཞིག་བདེ་བ་ལ་སྐུར་བ་འདེབས་པ་དེ་ལ་འདི་དྲི་བར་བྱ་སྟེ། སྡུག་བ
73	terminal-particle	94		གལ་ཏེ་གནོད་པར་བྱེད་པ་ཡིན་ནོ་ཞེས་ཟེར་ན་ནི་ཕན་པར་བྱེད་པ་བདེ་བ་ཡིན་ནོ་ཞེས་བྱ་བར་གྲུ
74	terminal-particle	89		ཚོར་བ་གང་ཞིག་རང་གི་མཚན་ཉིད་ཀྱིས་འདོད་པ་དེ་ནི་ནམ་ཡང་དེ་ཁོ་ནས་མི་འདོད་པར་མི་འགྱུར་
75	terminal-particle	68		གལ་ཏེ་འདི་རང་གི་མཚན་ཉིད་ཀྱིས་མི་འདོད་པ་ཞིག་ཡིན་པར་གྱུར་ན་ནི་དེ་ལ་སུ་ཡང་འདོད་ཆགས་
76	terminal-particle	74		བཅོམ་ལྡན་འདས་ཀྱིས་གང་ཅི་ཚོར་ཡང་རུང་དེ་ནི་འདིར་སྡུག་བསྔལ་ལོ་ཞེས་གསུངས་པ་གང་ཡིན་པ་
77	terminal-particle	24		དེ་ལྟ་བས་ན་འདི་ནི་སྡུག་བསྔལ་གྱི་སྡུག་བསྔལ་ཉིད་ལས་དགོངས་ཏེ་གསུངས་པ་མ་ཡིན་པར་གྲུབ་
78	terminal-particle	215		གལ་ཏེ་ཚོར་བ་ཐམས་ཅད་རང་བཞིན་གྱིས་སྡུག་བསྔལ་བ་ཞིག་ཡིན་པར་གྱུར་ན་ནི་ཅིའི་ཕྱིར་འཕགས་
79	terminal-particle	23		གང་ཡང་བདེ་བའི་ཚོར་བ་ནི་སྡུག་བསྔལ་དུ་བལྟ་བར་བྱའོ་ཞེས་གསུངས་པ་ཡང་དེ་ལ་གཉི་ག་ཡོད་དོ
80	terminal-particle	37		རང་གི་ངོ་བོས་ཡིད་དུ་འོང་བའི་ཕྱིར་ནི་བདེ་བ་ཉིད་ཡིན་ལ་རྣམ་པར་འགྱུར་བ་དང་མི་རྟག་པའི
81	terminal-particle	64		དེ་ལ་བདེ་བར་མཐོང་ན་ནི་འདོད་ཆགས་ཅན་རྣམས་དེའི་རོ་མྱོང་བར་བྱེད་པའི་ཕྱིར་འཆིང་བར་འགྱ
82	line-end	18		དེ་རང་གི་ངོ་བོས་བདེ་ཞེས་བྱ་བ་འདི་ཇི་ལྟར་ཁོང་དུ་ཆུད་ཅེ་ན། འདི་ལྟར།
83	verse-stanza	25		རྫོགས་པའི་སངས་རྒྱས་རབ་མཁྱེན་གྱིས། །↵འདུ་བྱེད་མི་རྟག་ཉིད་དང་ནི། །↵རྣམ་པར་འགྱུར་བ་
84	terminal-particle	5		ཞེས་བྱ་བ་སྨོས་སོ། །
85	terminal-particle	47		གང་ཡང་སྡུག་བསྔལ་ལ་བདེ་བའོ་སྙམ་དུ་འདུ་ཤེས་ཕྱིན་ཅི་ལོག་གོ་ཞེས་གསུངས་པ་ཡང་བསྟན་པ་འད
86	terminal-particle	64		དེ་ལ་བདེ་བའི་ཚོར་བ་ལ་ནི་རྣམ་གྲངས་ཀྱིས་སྡུག་བསྔལ་ཡང་ཡོད་ན་གཅིག་ཏུ་བདེ་བར་ལྟ་བ་ནི་
87	terminal-particle	79		དེ་ལྟ་བས་ན་བདེ་བའི་ཚོར་བ་མེད་པར་མི་འགྲུབ་པོ། །གལ་ཏེ་ཚོར་བ་ཐམས་ཅད་རང་གི་ངོ་བོ་ཁོ་
88	terminal-particle	90		ཡང་དག་པར་ཇི་ལྟ་བ་བཞིན་ཞེས་གསུངས་པའི་ཡང་ཕྱིར་ཏེ། བདེ་བའི་དབང་པོ་གང་ཡིན་པ་དང་། ཡིད
89	terminal-particle	73		འཇིག་རྟེན་ཡང་ཇི་ལྟར་ན་སྡུག་བསྔལ་གྱི་ཚོར་བ་ལ་རྣམ་པ་གསུམ་དུ་རྟོག་པར་འགྱུར་གལ་ཏེ་ཆུ
90	terminal-particle	84		གང་གི་ཚེ་དྲི་དང་རོ་དང་རེག་བྱའི་ཁྱད་པར་ལས་སྐྱེས་པའི་བདེ་བ་སང་བ་དེའི་ཚེ་གང་ལ་འདི་བ
91	terminal-particle	174		ཚོར་བ་ཆུང་ངུ་ལ་ནི་ཉམས་སུ་མྱོང་བ་ཤིན་ཏུ་གསལ་བ་དང་ཤས་ཆེན་པོར་འཛིན་ལ། འབྲིང་ལ་ནི་མི
92	terminal-particle	50		གང་ཡང་བདེ་བའི་རྒྱུ་རྣམ་པར་མི་གནས་པའི་ཕྱིར་རོ་ཞེས་སྨྲས་པ། དེ་ཡང་རྒྱུ་ཡོངས་སུ་མ་ཤེ
93	terminal-particle	113		དེ་ལུས་ཀྱི་གནས་སྐབས་གང་ཞིག་དང་ཕྲད་ན་བདེ་བའི་རྒྱུ་ཡིན་པ་དེ་ནི་དེ་དང་ཕྲད་ན་མ་ཡིན་པ
94	terminal-particle	76		བསམ་གཏན་དག་ན་ཡང་བདེ་བའི་རྒྱུ་ཇི་ལྟར་རྣམ་པར་མི་གནས་པ་ཡིན། གང་ཡང་གཉེན་པོ་ལ་བདེ་བའི
95	terminal-particle	27		བསམ་གཏན་ལས་སྐྱེས་པའི་བདེ་བ་ལ་ཡང་གང་གི་གཉེན་པོ་ཡིན་ཞེས་བྱ་བ་དེ་ལྟ་བུ་ལ་སོགས་པ་ལན་
96	terminal-particle	36		ཁུར་སྦེད་པ་ལ་ཡང་ཇི་སྲིད་དུ་ལུས་ཀྱི་གནས་སྐབས་དེ་ལྟ་བུ་མེད་པར་མ་གྱུར་གྱི་བར་དུ་གནས
97	terminal-particle	31		དེ་ལྟ་མ་ཡིན་ན་ཕྱིས་བདེ་བའི་བློ་ཇེ་མང་དུ་སྐྱེ་བར་འགྱུར་ཏེ། ངལ་བའི་སྤྱོད་ལམ་གྱི་རྣ
98	terminal-particle	43		གལ་ཏེ་དང་པོ་ནས་རྩོམ་པ་ཞིག་མེད་ན་མཇུག་ཏུ་སྡུག་བསྔལ་གྱི་བློར་ག་ལ་འགྱུར་ཞེ་ན། ལུས་ཡ
99	terminal-particle	43		དེ་ལྟ་བས་ན་བདེ་བའི་ཚོར་བ་ཡོད་པ་ཁོ་ནའོ་ཞེས་བྱ་བ་ཡང་གྲུབ་ལ། སྡུག་བསྔལ་ཉིད་གསུམ་དང་
100	terminal-particle	38		ཀུན་འབྱུང་གི་བདེན་པ་གང་ཡིན་པ་དེ་ཉིད་སྡུག་བསྔལ་གྱི་བདེན་པ་ཡིན་ནོ་ཞེས་བྱ་བ་དེ་ནི་མ
101	terminal-particle	19		དེ་ནི་གཙོ་བོ་ཡིན་པའི་ཕྱིར་མདོ་ལས་བཤད་ཀྱི་གཞན་དག་ཀྱང་ཀུན་འབྱུང་ནི་ཡིན་ནོ། །
102	line-end	22		འདི་ཇི་ལྟར་ཁོང་དུ་ཆུད་པར་བྱ་ཞེ་ན། གཞན་ལས་གཞན་ཡང་ཡིན་པར་གསུངས་པའི་ཕྱིར་ཏེ། བཅོམ་ལ
103	verse-stanza	17		ལས་དང་སྲིད་པ་དང་ནི་མ་རིག་པ། །↵ཕྱི་མའི་ཚེ་ལ་འདུ་བྱེད་རྣམས་ཀྱི་རྒྱུ། །
104	terminal-particle	30		ཞེས་གསུངས་ལ་ཡང་ས་བོན་གྱི་རྣམ་པ་ལྔ་ཞེས་བྱ་བ། འདི་ནི་ཉེ་བར་ལེན་པ་དང་བཅས་པའི་རྣམ་པར
105	terminal-particle	47		སའི་ཁམས་ཞེས་བྱ་བ་འདི་ནི་རྣམ་པར་ཤེས་པ་གནས་པ་བཞིའི་ཚིག་བླ་དགས་ཡིན་ནོ་ཞེས་ཀྱང་གསུངས
106	quote-open	45		གཞན་ཡང་མངོན་པར་འགྲུབ་པའི་རྒྱུ་བཀའ་སྩོལ་པ་ན་ནི་ཀུན་འབྱུང་གི་བདེན་པ་སྲེད་པ་ཁོ་ན་ཡི
107	quote-open	13		ལས་དང་སྲེད་པ་དང་མ་རིག་པ་ཡིན་པར་གསུངས་ཏེ། མདོ་ལས།
108	terminal-particle	21		ལས་ནི་སྐྱེ་བའི་རྒྱུ་ཡིན་ལ། སྲིད་པ་ནི་མངོན་པར་འགྲུབ་པའི་རྒྱུ་ཡིན་ནོ་ཞེས་འབྱུང་བའི
109	terminal-particle	20		ཡང་ན་མདོ་ལས་རྒྱུ་དང་བཅས། རྐྱེན་དང་བཅས། གཞི་དང་བཅས་ཞེས་འབྱུང་བའི་རིམ་པར་བསྟན་པ་ཡི
110	terminal-particle	22		ས་བོན་དང་ཞིང་གི་དངོས་པོར་སྟོན་པར་མཛད་པས་རྣམ་པར་ཤེས་པ་ལ་སོགས་པ་ལ་ཡང་གསུངས་སོ། །
111	terminal-particle	50		སྐྱེ་བ་ནི་གང་ཡིན། མངོན་པར་འགྲུབ་པ་ནི་གང་ཡིན་ཞེ་ན། ཁམས་དང་འགྲོ་བ་དང་སྐྱེ་གནས་ལ་སོ
112	terminal-particle	61		དེ་གཉིས་ཀྱི་རྒྱུ་ནི་གོ་རིམས་བཞིན་དུ་ལས་དང་སྲེད་པ་ཡིན་ཏེ། དཔེར་ན་ས་བོན་སཱ་ལུ་དང་ན
113	terminal-particle	91		མངོན་པར་གྲུབ་པའི་རྒྱུ་སྲེད་པ་ཡིན་ནོ་ཞེས་བྱ་བ་འདི་ལ་རིགས་པ་ཅི་ཞིག་ཡོད་ཅེ་ན། སྲེད་
114	terminal-particle	40		རྒྱུད་གཞོལ་བའི་ཡང་ཕྱིར་ཏེ། གང་ལ་སྲེད་པ་དང་བཅས་པ་དེར་སེམས་ཀྱི་རྒྱུད་ཡང་དང་ཡང་དུ་ག
115	terminal-particle	60		ཇི་ལྟར་སྲེད་པས་འདག་པའི་ཆ་ལ་སྲན་ཆུང་གི་ཕྱེ་མའི་ལྡེ་གུ་བསྐམས་པས་ལུས་བཟུང་བ་བཞིན་དུ
116	quote-open	10		བཅོམ་ལྡན་འདས་ཀྱིས་བདེན་པ་བཞི་ཞེས་ཀྱང་གསུངས།
117	line-end	19		ཀུན་རྫོབ་ཀྱི་བདེན་པ་དང་། དོན་དམ་པའི་བདེན་པ་དང་བདེན་པ་གཉིས་ཞེས་ཀྱང་གསུངས་ལ།
118	verse-stanza	26		དེ་གཉིས་ཀྱི་མཚན་ཉིད་ཅི་ཞེ་ན། །↵གང་ལ་བཅོམ་དང་བློ་ཡིས་གཞན། །↵བསལ་ན་དེ་བློ་མི་འཇུག་
119	terminal-particle	7		ཡོད་དེ་དོན་དམ་ཡོད་གཞན་ནོ། །
120	terminal-particle	25		གང་ལ་ཆ་ཤས་སུ་བཅོམ་ན་དེའི་བློ་མི་འཇུག་པ་དེ་ནི་ཀུན་རྫོབ་ཏུ་ཡོད་པ་སྟེ། དཔེར་ན་བུམ་པ
121	terminal-particle	13		དེ་ལ་ནི་གྱོ་མོར་བཅོམ་ན་བུམ་པའི་བློ་མི་འཇུག་གོ། །
122	terminal-particle	31		གང་ལ་བློས་ཆོས་གཞན་བསལ་ན་དེའི་བློ་མི་འཇུག་པ་དེ་ཡང་ཀུན་རྫོབ་ཏུ་ཡོད་པ་ཡིན་པར་ཁོང་དུ
123	terminal-particle	15		དེ་ལ་ནི་བློས་གཟུགས་ལ་སོགས་པའི་ཆོས་བསལ་ན། ཆུའི་བློ་མི་འཇུག་གོ། །
124	terminal-particle	52		དེ་དག་ཁོ་ན་ལ་ཀུན་རྫོབ་ཏུ་དེའི་མིང་དུ་བཏགས་པ་ཡིན་པས་ཀུན་རྫོབ་ཀྱི་དབང་གིས་བུམ་པ་དང
125	terminal-particle	43		དེ་ལས་གཞན་པ་ནི་དོན་དམ་པའི་བདེན་པ་སྟེ། གང་ལ་བཅོམ་ཡང་དེའི་བློ་འཇུག་པ་ཁོ་ན་ཡིན་ལ། བ
126	terminal-particle	39		དེ་ལ་རྡུལ་ཕྲ་བར་ཏུ་བཅོམ་ཡང་རུང་། བློས་རོ་ལ་སོགས་པའི་ཆོས་བསལ་ཀྱང་རུང་གཟུགས་ཀྱི་རང
127	terminal-particle	15		དེ་ནི་དོན་དམ་པར་ཡོད་པའི་ཕྱིར་དོན་དམ་པའི་བདེན་པ་ཞེས་བྱའོ། །
128	terminal-particle	34		སྔོན་གྱི་སློབ་དཔོན་རྣམས་ན་རེ། ཇི་ལྟར་འཇིག་རྟེན་ལས་འདས་པའི་ཤེས་པའམ། དེའི་རྗེས་ལ་ཐ
129	terminal-particle	19		ཇི་ལྟར་གཞན་གྱིས་འཛིན་པ་དེ་ལྟར་ནི་ཀུན་རྫོབ་ཀྱི་བདེན་པ་ཡིན་ནོ་ཞེས་ཟེར་རོ། །
130	terminal-particle	6		བདེན་པ་རྣམས་བཤད་ཟིན་ཏོ། །
131	line-end	24		ཇི་ལྟར་ན་དེ་དག་མཐོང་བར་འགྱུར་བ་བརྗོད་པར་བྱ་སྟེ། དེའི་ཕྱིར་དང་པོ་འཇུག་པ་ལས་བརྩམས་
132	verse-stanza	13		ཚུལ་གནས་ཐོས་དང་བསམ་གཏན་པ། །↵བསྒོམ་པ་ལ་ནི་རབ་ཏུ་སྦྱོར། །
133	terminal-particle	18		བདེན་པ་རྣམས་མཐོང་བར་འདོད་པ་ནི་དང་པོ་ཁོ་ནར་ཚུལ་ཁྲིམས་སྲུང་བར་བྱེད་དོ། །
134	terminal-particle	18		དེའི་འོག་ཏུ་བདེན་པ་མཐོང་བ་དང་མཐུན་པའི་ཐོས་པ་འཛིན་པའམ། དོན་ཉན་པར་བྱེད་དོ། །
135	terminal-particle	11		ཐོས་ནས་ཕྱིན་ཅི་མ་ལོག་པར་སེམས་པར་བྱེད་དོ། །
136	terminal-particle	14		བསམས་ནས་ཏིང་ངེ་འཛིན་སྒོམ་པ་ལ་རབ་ཏུ་སྦྱོར་བར་བྱེད་དོ། །
137	terminal-particle	17		དེ་ཐོས་པ་ལས་བྱུང་བའི་ཤེས་རབ་ལ་བརྟེན་ནས་བསམ་པ་ལས་བྱུང་བ་སྐྱེའོ། །
138	terminal-particle	14		བསམ་པ་ལས་བྱུང་བ་ལ་བརྟེན་ནས་བསྒོམ་པ་ལས་བྱུང་བ་སྐྱེའོ། །
139	line-end	10		ཤེས་རབ་འདི་དག་གི་མཚན་ཉིད་ཅི་ཞེ་ན།
140	verse-stanza	13		ཐོས་སོགས་ལས་བྱུང་བློ་རྣམས་ནི། །↵མིང་དང་གཉི་ག་དོན་ཡུལ་ཅན། །
141	terminal-particle	44		བྱེ་བྲག་ཏུ་སྨྲ་བ་རྣམས་ན་རེ་ཐོས་པ་ལས་བྱུང་བའི་ཤེས་རབ་ནི་མིང་ལ་དམིགས་པ་ཡིན་ལ། བསམ་
142	terminal-particle	25		བསྒོམ་པ་ལས་བྱུང་བ་ནི་དོན་ལ་དམིགས་པ་ཁོ་ན་ཡིན་ཏེ། དེ་ནི་ཡི་གེ་ལ་མི་ལྟོས་པར་དོན་ལ་འ
143	terminal-particle	38		དཔེར་ན་སྟོང་རྐྱལ་ལེགས་པར་མ་ལོབས་པ་ཆུའི་ནང་དུ་འཇུ་བར་བྱ་བ་མི་གཏོང་བ་ཁོ་ན་ཡིན་ལ། ཅ
144	terminal-particle	29		ལེགས་པར་ལོབས་པ་ནི་འཇུ་བར་བྱ་བ་ལ་མི་ལྟོས་པར་རྒལ་བ་ལྟ་བུ་སྟེ་འདི་ནི་དཔེ་ཡིན་ནོ་ཞེས
145	terminal-particle	77		གཞན་དག་ན་རེ་རྟོག་པ་འདི་ལ་ནི་མིང་ལ་དམིགས་པ་གང་ཡིན་པ་དེ་ནི་ཐོས་པ་ལས་བྱུང་བ་ཡིན་པར་
146	terminal-particle	17		བསམ་པ་ལས་བྱུང་བ་ནི་རིགས་པས་ངེས་པར་བརྟགས་པ་ལ་སྐྱེས་པ་ཡིན་ནོ། །
147	terminal-particle	35		བསྒོམ་པ་ལས་བྱུང་བའི་ཏིང་ངེ་འཛིན་ལས་སྐྱེས་པ་ཡིན་ནོ་ཞེས་བྱ་བ་འདི་ནི་འདི་དག་གི་མཚན་
148	terminal-particle	55		དེ་ལྟར་བསྒོམ་པ་ལ་རབ་ཏུ་བརྩོན་པ་དེ་ཇི་ལྟར་ན་སྒོམ་པ་རྫོགས་པར་འགྱུར་ཞེ་ན། བསྲིངས་གཉ
149	line-end	31		འོ་ན་བསྲིངས་པ་དེ་གཉིས་སུ་ལ་སླ་ཞེ་ན། འདོད་པ་ཆུང་བ་དང་། ཆོག་ཤེས་པ་ལ་སླའི། ཆོག་མི་ཤ
150	verse-stanza	18		ཆོག་མི་ཤེས་པ་འདི་ནི་གང་ཞིག་ཡིན་ནོ། །↵འདོད་ཆེན་ཅན་ནི་གང་ཞིག་ཡིན་ཞེ་ན།
151	verse-stanza	13		རྙེད་ལ་ཡང་སྲེད་ཆོག་མི་ཤེས། །↵མ་རྙེད་ལ་འདོད་འདོད་ཆེན་ཅན། །
152	terminal-particle	50		ཆོས་མངོན་པ་པ་རྣམས་ན་རེ་ཆོས་གོས་ལ་སོགས་པ་གྱ་ནོམ་པ་རྙེད་པ་ལ་ཡང་དང་ཡང་དུ་འདོད་པ་ནི་
153	terminal-particle	41		ཡང་དང་ཡང་དུ་འདོད་པ་དེ་ཡང་མ་རྙེད་པ་ཁོ་ན་ལ་ཡིན་གྱི་རྙེད་པ་ལ་ནི་མ་ཡིན་པ་མ་ཡིན་ནམ། འ
154	terminal-particle	29		འདི་ལྟར་ནི་རུང་སྟེ། གྱ་ནོམ་པ་མ་ཡིན་པ་དང་། མང་པོ་མ་ཡིན་པ་རྙེད་པས་ཡིད་མི་བདེ་བ་ནི་
155	terminal-particle	17		གྱ་ནོམ་པ་དང་མང་པོ་མ་རྙེད་པས་འདོད་པ་ནི་འདོད་ཆེན་ཅན་ཡིན་ནོ། །
156	line-end	28		བཟློག་པ་དེ་ཡི་གཉེན་པོ་དག །ཆོག་མི་ཤེས་པ་དང་། འདོད་ཆེན་ཅན་ལས་བཟློག་པ་ནི་དེ་དག་གི་ག
157	verse-stanza	15		འདོད་ཆེན་ཆུང་བ་ཡིན་པར་རིག་པར་བྱའོ། །↵དེ་གཉིས་ཁམས་གསུམ་གཏོགས་དྲི་མེད། །
158	terminal-particle	37		དེའི་གཉེན་པོ་ཞེས་བྱ་བར་སྦྱར་ཏེ། ཁམས་གསུམ་པ་དག་དང་། མི་ལྡན་པ་དག་ཀྱང་ཡིན་ནོ། ཆོག་མ
159	terminal-particle	32		འདོད་ཆེན་ཆུང་བ་དང་ཆོག་ཤེས་པ་འདི་གཉིས་ཀྱི་རང་བཞིན་ཅི་ཞེ་ན། མ་ཆགས་ཞེས་བྱ་བ་སྨོས་ཏེ
160	line-end	23		འཕགས་རིགས་མ་ཆགས་པ་ཞེས་བྱ་བར་སྦྱར་ཏེ། འདི་དག་ལས་འཕགས་པ་རྣམས་སྐྱེ་བས་ན་འཕགས་པའི་རི
161	verse-stanza	18		དེ་དག་ཀྱང་མ་ཆགས་པའི་རང་བཞིན་ནོ། །↵དེ་དག་ལས་གསུམ་ནི་ཆོག་ཤེས་བདག་ཉིད་དོ། །
162	terminal-particle	28		དང་པོ་གསུམ་པོ་ཆོས་གོས་དང་། བསོད་སྙོམས་དང་། མལ་ཆ་དང་སྟན་གྱིས་ཆོག་ཤེས་པ་རྣམས་ནི་ཆོ
163	terminal-particle	18		འཕགས་པའི་རིགས་བཞི་པ་ནི་སྤོང་བ་དང་བསྒོམ་པ་དག་ལ་དགའ་བ་ཉིད་ཡིན་ནོ། །
164	terminal-particle	24		ཇི་ལྟར་ན་མ་ཆགས་པའི་རང་བཞིན་ཡིན་ཞེ་ན། སྲིད་པ་དང་འདོད་པའི་འདོད་ཆགས་ལ་རྒྱབ་ཀྱིས་ཕྱོ
165	quote-open	20		ཡང་བཅོམ་ལྡན་འདས་ཀྱིས་འཕགས་པའི་རིགས་བཞིས་ཅི་ཞིག་བསྟན་ཅེ་ན། གསུམ་གྱིས་ཚུལ་བསྟན་ཐམས
166	terminal-particle	44		ཆོས་ཀྱི་རྗེ་བཅོམ་ལྡན་འདས་ཀྱིས། རང་གི་ཚུལ་དང་ལས་ཀྱི་མཐའ་ཡོངས་སུ་སྤངས་ཤིང་ཐར་པ་དོན
167	quote-close	26		བཞི་པས་ནི་ལས་བཅས་ཏེ། ཁྱེད་ཚུལ་འདིས་ལས་འདི་བྱེད་ན་རིང་པོར་མི་ཐོགས་པར་ཐར་པ་ཐོབ་པར་
168	terminal-particle	51		ཅིའི་ཕྱིར་ཚུལ་འདི་ལྟ་བུ་དང་། ལས་འདི་ལྟ་བུ་བཅས་ཤེ་ན། སྲེད་པ་སྐྱེ་བའི་གཉེན་པོའི་ཕྱ
169	terminal-particle	5		གནས་པ་ན་གནས་སོ། །
170	terminal-particle	9		མངོན་པར་ཞེན་པ་ན་མངོན་པར་ཞེན་ཏོ། །
171	line-end	32		དགེ་སློང་སྲེད་པ་སྐྱེ་བ་ན་འབྱུང་བ་དང་འཇིག་པ་དེ་ལྟ་བུའི་ཕྱིར་སྐྱེའོ་ཞེས་རྒྱས་པར་གས
172	verse-stanza	13		བདག་གི་བདག་འཛིན་དངོས་འདོད་པ། །↵དེ་ཡི་དུས་དང་གཏན་ཞི་ཕྱིར། །
173	line-end	20		དོན་དེ་ཉིད་རྣམ་གྲངས་ཀྱིས་སྟོན་པ་སྟེ། བདག་གིར་འཛིན་པའི་དངོས་པོ་ནི་ཆོས་གོས་ལ་སོགས་
174	verse-stanza	16		བདག་ཏུ་འཛིན་པའི་དངོས་པོ་ནི་ལུས་སོ། །↵དེ་དག་ལ་འདོད་པ་ནི་སྲེད་པའོ། །
175	terminal-particle	24		དེ་ལ་འཕགས་པའི་རིགས་གསུམ་ནི་བདག་གིར་འཛིན་པའི་དངོས་པོ་འདོད་པ་དེའི་དུས་སུ་ཞི་བར་བྱེ
176	ordinal-open	15		བཞི་པ་ནི་གཉི་ག་འདོད་པ་གཏན་དུ་ཞི་བར་བྱེད་པ་ཡིན་ནོ། །
177	terminal-particle	16		ཇི་ལྟ་བུའི་བསྒོམ་པ་ཡོངས་སུ་རྫོགས་པར་འགྱུར་བ་འདི་ནི་བཤད་ཟིན་ཏོ། །
178	line-end	19		དེ་ལྟར་སྣོད་དུ་གྱུར་པ་དེ་ཇི་ལྟར་ན་བསྒོམ་པ་དེ་ལ་འཇུག་པ་ཡིན་ཞེ་ན།
179	verse-stanza	20		དེ་ལ་འཇུག་པ་མི་སྡུག་དང་། །↵དབུགས་རྔུབ་འབྱུང་བ་དྲན་པ་ཡིས། །↵དྲན་པ་ཉིད་དྲན་པ་ཡིན་ན
180	terminal-particle	29		གང་དག་ནི་མི་སྡུག་པས་འཇུག །གང་དག་ནི་དབུགས་རྔུབ་པ་དང་འབྱུང་བ་དྲན་པས་འཇུག་ཅེ་ན། གོ་
181	terminal-particle	44		འདི་དག་ལ་འདོད་ཆགས་དང་རྣམ་པར་རྟོག་པ་ལྷག་པ་ཡོད་པས། འདི་དག་ནི་འདོད་ཆགས་དང་རྣམ་པར་རྟ
182	terminal-particle	20		གང་ཞིག་རྣམ་པར་རྟོག་པ་སྤྱད་པ་དེ་ནི་དབུགས་རྔུབ་པ་དང་འབྱུང་བ་དྲན་པས་འཇུག་གོ། །
183	terminal-particle	48		ཁ་ཅིག་ན་རེ་འདི་ནི་སྣ་ཚོགས་ལ་མི་དམིགས་པའི་ཕྱིར་རྣམ་པར་རྟོག་པ་གཅོད་པར་བྱེད་པ་ཡིན་ག
184	terminal-particle	39		གཞན་དག་ན་རེ་ཁ་ཕྱིར་མ་བལྟས་པའི་ཕྱིར་ཏེ། མི་སྡུག་པ་ནི་མིག་གི་རྣམ་པར་ཤེས་པ་བཞིན་དུ་
185	terminal-particle	30		དེ་ལ་འདོད་ཆགས་ནི་རྣམ་པ་བཞི་སྟེ། ཁ་དོག་གི་འདོད་ཆགས་དང་། དབྱིབས་ཀྱི་འདོད་ཆགས་དང་། 
186	terminal-particle	22		དང་པོའི་གཉེན་པོར་ནི་རྣམ་པར་བསྔོས་པ་ལ་སོགས་པ་ལ་དམིགས་པའི་མི་སྡུག་པ་རྗོད་པར་བྱེད་ད
187	terminal-particle	15		གཉིས་པའི་ནི་རྣམ་པར་ཟོས་པ་དང་། རྣམ་པར་འཐོར་བ་ལ་དམིགས་པའོ། །
188	terminal-particle	21		གསུམ་པའི་ནི་རྣམ་པར་འབུས་གཞིགས་པ་དང་། རྒྱུས་པས་བྲང་བྲེང་དུ་སྦྲེལ་བའི་ཀེང་རུས་ལ་དམ
189	terminal-particle	13		བཞི་པའི་ནི་ཤི་བའི་རོ་གཡོ་བ་མེད་པ་ལ་དམིགས་པའོ། །
190	terminal-particle	30		བྱེ་བྲག་མེད་པར་ནི། ཀེང་རུས་ཆགས་བཅས་ཐམས་ཅད་ལ། །ཤིས་ཏེ། རུས་པའི་ཀེང་རུས་ལ་ནི་ཆགས་པ
191	terminal-particle	32		མོས་པ་དང་ཉི་ཚེ་བ་ཡིད་ལ་བྱེད་པ་ཡིན་པའི་ཕྱིར་མི་སྡུག་པས་ཉོན་མོངས་པ་སྤོང་བ་ནི་མ་ཡིན
192	line-end	34		མི་སྡུག་པ་བསྒོམ་པའི་རྣལ་འབྱོར་སྤྱོད་པ་དེ་ནི་རྣམ་པ་གསུམ་དུ་བརྗོད་དེ། ལས་དང་པོ་པ་ད
193	verse-stanza	15		དེ་ལ་རུས་པ་རྒྱ་མཚོའི་བར་དུ་ནི། །↵སྤྲོ་ཞིང་སྡུད་པ་ལས་དང་པོ། །
194	terminal-particle	119		མི་སྡུག་པ་བསྒོམ་པར་འདོད་པའི་རྣལ་འབྱོར་སྤྱོད་པ་ནི་དང་པོ་ཉིད་དུ་རང་གི་ལུས་ཀྱི་ཡན་ལ
195	line-end	51		ཡང་སྡུད་པ་ན་སེམས་བསྡུ་བའི་ཕྱིར་བདག་གཅིག་པུ་ཁོ་ན་ལ་རུས་པའི་ཀེང་རུས་སུ་མོས་པའི་བར་
196	verse-stanza	13		རྐང་རུས་ནས་ནི་ཐོད་ཕྱེད་པར། །↵བཏང་བས་སྦྱང་བ་བྱས་པར་བཤད། །
197	terminal-particle	57		དེ་སེམས་བསྡུ་བ་ཁྱད་པར་ཅན་དུ་བྱ་བའི་ཕྱིར་རུས་པའི་ཀེང་རུས་དེ་ལས་རྐང་པའི་རུས་པ་རྣམས
198	terminal-particle	50		སྨིན་མའི་བར་དུ་སེམས་འཛིན་པས། ཡིད་ལ་བྱེད་པ་རྫོགས་པ་ཡིན། དེ་ཐོད་པའི་ཕྱེད་ཀྱང་བོར་ན
199	terminal-particle	69		དམིགས་པ་ཆུང་བས་ཆུང་ལ་དབང་ཆུང་བས་མ་ཡིན་པས་ཡང་མི་སྡུག་པ་ཡང་ཡོད་དེ་ཞེས་བྱ་བ་མུ་བཞི་
200	line-end	35		ཡང་མི་སྡུག་པ་འདིའི་རང་བཞིན་ཅི་ཞིག་ཡིན། ས་ནི་དུ་ཞིག་ཡིན། དམིགས་པ་ནི་ཅི་ཞིག་ཡིན། ག
201	verse-stanza	12		དམིགས་པ་འདོད་སྣང་མིས་སྐྱེད་དོ། །↵རང་བཞིན་ནི་མ་ཆགས་པའོ། །
202	terminal-particle	25		ས་ནི་བཅུ་པ་སྟེ། བསམ་གཏན་བཞི་ཉེར་བསྡོགས་དང་བསམ་གཏན་ཁྱད་པར་ཅན་དང་བཅས་པ་དང་། འདོད་པ
203	terminal-particle	12		དམིགས་པ་ནི་འདོད་པ་ན་སྤྱོད་པའི་སྣང་བ་ཡིན་ནོ། །
204	terminal-particle	24		སྣང་བ་ཞེས་བྱ་བ་ཅི་ཞེ་ན། ཁ་དོག་དང་། དབྱིབས་ཏེ། དེ་ཉིད་ཀྱི་ཕྱིར་དོན་ལ་དམིགས་པ་ཞེས་
205	terminal-particle	35		མི་རྣམས་ཀྱི་ནང་ཁོ་ནར་སྐྱེད་ཀྱི་འགྲོ་བ་གཞན་དུ་ཡང་མ་ཡིན་ན་ཁམས་གཞན་དུ་ལྟ་སྨོས་ཀྱང་ཅ
206	terminal-particle	21		མི་ཉིད་ཀྱིས་མི་སྡུག་པའི་རྣམ་པ་ཞེས་བྱ་བར་གྲུབ་པོ། །དུས་གང་ཡིན་པ་དེའི་དུས་ལ་དམིགས་
207	terminal-particle	12		མི་སྐྱེ་བའི་ཆོས་ཅན་གྱི་ཡུལ་ནི་དུས་གསུམ་ཡིན་ནོ། །
208	terminal-particle	16		མོས་པ་ཡིད་ལ་བྱེད་པ་ཡིན་པའི་ཕྱིར་ཟག་པ་དང་བཅས་པ་ཡིན་ནོ། །
209	terminal-particle	24		འདྲིས་པ་དང་མ་འདྲིས་པ་ཡིན་པའི་ཕྱིར་འདོད་ཆགས་དང་བྲལ་བས་ཐོབ་པ་དང་སྦྱོར་བ་ལས་བྱུང་བ་
210	line-end	15		མི་སྡུག་པའི་མཚན་ཉིད་རབ་ཏུ་དབྱེ་བ་དང་བཅས་ཏེ་བཤད་ཟིན་ཏོ། །
211	verse-stanza	14		དབུགས་རྔུབ་དབུགས་འབྱུང་དྲན་པ་ནི། །↵ཤེས་རབ་ས་ལྔ་སྤྱོད་ཡུལ་རླུང་། །
212	terminal-particle	15		འདོད་རྟེན། དབུགས་རྔུབ་པ་ནི་དབུགས་རྔུབ་པ་སྟེ་རླུང་འཇུག་པ་གང་ཡིན་པའོ། །
213	terminal-particle	14		དབུགས་འབྱུང་བ་ནི་དབུགས་འབྱིན་པ་སྟེ་རླུང་འབྱུང་བ་གང་ཡིན་པའོ། །
214	terminal-particle	23		དེ་གཉིས་དྲན་པ་ནི་དབུགས་རྔུབ་པ་དང་དབུགས་འབྱུང་བ་དྲན་པ་སྟེ། དེ་ནི་ཤེས་རབ་ཀྱི་རང་བཞ
215	terminal-particle	21		དྲན་པ་ཞེས་སྨོས་པ་ནི་དྲན་པ་ཉེ་བར་གཞག་པ་བཞི་སྟེ། དེའི་སྟོབས་བསྐྱེད་པས་འཇུག་པའི་ཕྱི
216	terminal-particle	19		ས་ལྔ་པོ་ཉེར་བསྡོགས་གསུམ་དང་། བསམ་གཏན་ཁྱད་པར་ཅན་དང་། འདོད་པའི་ཁམས་ན་ཡོད་དོ། །
217	terminal-particle	9		བཏང་སྙོམས་དང་མཚུངས་པར་ལྡན་པའི་ཕྱིར་རོ། །
218	terminal-particle	27		བདེ་བ་དང་སྡུག་བསྔལ་དག་ནི་རྣམ་པར་རྟོག་པ་དང་མཐུན་པའི་ཕྱིར་དེའི་གཉེན་པོ་ནི་དེ་དག་དང
219	terminal-particle	31		བདེ་བ་དང་ཡིད་བདེ་བ་དག་ཀྱང་གཏོད་པ་ལ་བར་ཆད་བྱེད་པའི་ཕྱིར་ལ། དེ་ཡང་གཏད་པས་བསྒྲུབ་པར
220	terminal-particle	33		གང་དག་བསམ་གཏན་དངོས་གཞི་དག་ན་ཡང་སྙོམས་པར་ཞུགས་པ་ལ་བཏང་སྙོམས་ཀྱི་དབང་པོ་ཡོད་པར་འདོ
221	line-end	16		ཡན་ཆད་ནི་དབུགས་རྔུབ་པ་དང་དབུགས་འབྱུང་བའི་ས་མ་ཡིན་པའི་ཕྱིར་རོ། །
222	verse-stanza	28		དེའི་དམིགས་པ་ནི་རླུང་ཡིན་ནོ། །↵འདོད་པའི་ཁམས་ཀྱི་རྟེན་ཅན་ཡིན་ནོ། །↵ལྷ་དང་མི་དག་གི
223	verse-stanza	19		འདོད་ཆགས་དང་བྲལ་བས་ཐོབ་པ་ཡིན་ནོ། །↵འདི་ནི་དེ་ཁོ་ན་ཡིད་ལ་བྱེད་པ་ཡིན་ནོ། །
224	terminal-particle	12		ཆོས་འདི་པ་རྣམས་ཁོ་ནའི་ཡིན་གྱི། ཕྱི་པའི་མ་ཡིན་ནོ། །
225	terminal-particle	18		ལུང་མེད་པའི་ཕྱིར་དང་། བདག་ཉིད་ཀྱིས་ཆོས་ཟབ་མོ་མངོན་པར་མི་རྟོགས་པའི་ཕྱིར་རོ། །
226	terminal-particle	45		དེ་ཡང་བགྲང་བ་ལ་སོགས་པ་རྣམ་པ་དྲུག །དེ་ནི་བགྲང་བ་དང་རྗེས་སུ་འགྲོ་བ་དང་། འཇོག་པ་དང་
227	terminal-particle	48		དེ་ལ་བགྲང་བ་ཞེས་བྱ་བའི་དབུགས་རྔུབ་པ་དང་དབུགས་འབྱུང་བ་དག་ལ་སེམས་གཏད་ནས་མངོན་པར་འད
228	terminal-particle	23		སེམས་མངོན་པར་སྡུད་པ་དང་རྣམ་པར་གཡེང་བར་དོགས་པས་ཧ་ཅང་མང་བ་དང་ཉུང་ངུར་ནི་མ་ཡིན་ནོ། 
229	terminal-particle	21		དེ་ལ་སྐྱོན་ནི་གསུམ་ཡོད་དེ། གལ་ཏེ་གཉིས་ལ་གཅིག་ཏུ་འཛིན་ན་མ་ཚང་བར་བགྲང་བའི་སྐྱོན་ནོ
230	terminal-particle	14		གལ་ཏེ་གཅིག་ལ་གཉིས་སུ་འཛིན་ན་ལྷག་པར་བགྲང་བའི་སྐྱོན་ནོ། །
231	terminal-particle	25		གལ་ཏེ་དབུགས་རྔུབ་པ་ལ་དབུགས་འབྱིན་པར་འཛིན་ཏམ། དབུགས་འབྱིན་པ་ལ་དབུགས་རྔུབ་པར་འཛིན་
232	terminal-particle	12		དེ་ལས་གཞན་པ་ནི་ཡང་དག་པའི་བགྲང་བ་ཡིན་ནོ། །
233	terminal-particle	25		བར་སྐབས་སུ་སེམས་རྣམ་པར་གཡེང་ན་ཡང་མགོ་ནས་ཇི་སྲིད་དུ་ཏིང་ངེ་འཛིན་མ་ཐོབ་ཀྱི་བར་དུ་བ
234	terminal-particle	140		རྗེས་སུ་འགྲོ་བ་ཞེས་བྱ་བ་ནི་འདི་དག་ཐག་ནི་ཇི་སྲིད་གཅིག་ཏུ་འབྱུང་ཞིང་འཇུག །ཅི་འདི་ད
235	terminal-particle	49		འཇོག་པ་ཞེས་བྱ་བ་ནི་ནོར་བུའི་ཐག་པ་བཞིན་དུ་སྣའི་རྩེ་མོ་ནས་རྐང་པའི་མཐེ་བོང་གི་བར་དུ
236	terminal-particle	60		ཉེ་བར་རྟོག་པ་ནི་འདི་དག་ནི་རླུང་འབའ་ཞིག་མ་ཡིན་གྱི་འབྱུང་བ་ཆེན་པོ་བཞི་དག་དང་འབྱུང་
237	terminal-particle	34		བསྒྱུར་བ་ཞེས་བྱ་བ་ནི་རླུང་ལ་དམིགས་པའི་བློ་བསྒྱུར་ཏེ་ཆོས་ཀྱི་མཆོག་གི་བར་དུ་གོང་ནས
238	terminal-particle	14		ཡོངས་སུ་དག་པ་ནི་མཐོང་བའི་ལམ་ལ་སོགས་པ་ལ་འཇུག་པའོ། །
239	line-end	41		གཞན་དག་ན་རེ་བསྒྱུར་བ་ནི་དྲན་པ་ཉེ་བར་གཞག་པ་ནས་རྡོ་རྗེ་ལྟ་བུའི་ཏིང་ངེ་འཛིན་གྱི་བར་
240	verse-stanza	27		དབུགས་རྔུབ་དབུགས་འབྱུང་དྲན་པ་ནི། །↵བགྲང་དང་རྗེས་འགྲོ་འཇོག་པ་དང་། །↵རྟོག་པ་དང་ནི་
241	terminal-particle	12		ཅེས་བྱ་བ་ནི་བསྡུ་བའི་ཚིགས་སུ་བཅད་པ་ཡིན་ནོ། །
242	terminal-particle	32		དེ་ལ། དབུགས་རྔུབ་དབུགས་འབྱུང་གང་ལས་ལུས། །འདི་གཉིས་ནི་ལུས་ཀྱི་ཕྱོགས་གཅིག་ཡིན་པའི་
243	terminal-particle	82		དབུགས་རྔུབ་པ་དང་དབུགས་འབྱུང་བ་ནི་གཟུགས་མེད་པ་དང་། ནུར་ནུར་པོ་ལ་སོགས་པར་གྱུར་པ་རྣ
244	terminal-particle	52		སྐྱེ་བ་དང་། བསམ་གཏན་བཞི་པ་ལས་ལྡང་བ་ལ་ནི་འཇུག་ལ། འཆི་བ་དང་། བསམ་གཏན་བཞི་པ་ལ་སྙོམས
245	terminal-particle	3		མ་ཟིན་པའོ། །
246	terminal-particle	8		དབང་པོ་དང་ཐ་དད་པའི་ཕྱིར་རོ། །
247	terminal-particle	49		རྒྱུ་མཐུན་ལས་བྱུང་། ལུས་རྒྱས་པས་འགྲིབ་པར་འགྱུར་བའི་ཕྱིར་དང་། ཆད་ནས་ཡང་ཉིང་མཚམས་ས
248	terminal-particle	9		འོག་མ་ཡི། ཡིད་ཀྱིས་དེ་གཉིས་མི་རྟོགས་སོ། །
249	line-end	29		དེ་གཉིས་ནི་རང་གི་ས་པ་དང་ས་གོང་མ་པའི་སེམས་ཀྱིས་རྟོགས་ཀྱི། འོག་མ་པ་སྤྱོད་ལམ་པ་དང་ས
250	verse-stanza	26		འཇུག་པའི་སྒོ་གཉིས་བཤད་ཟིན་ཏོ། །↵དེ་གཉིས་ཀྱི་ཏིང་ངེ་འཛིན་ཐོབ་ནས།↵ལྷག་མཐོང་བསྒྲུབ་
251	line-end	11		དྲན་པ་ཉེར་གཞག་བསྒོམ་པར་བྱ། །ཇི་ལྟར་བྱ་ཞེ་ན།
252	verse-stanza	13		ལུས་ཚོར་སེམས་དང་ཆོས་རྣམས་ལ། །↵མཚན་ཉིད་གཉིས་སུ་ཡོངས་བརྟགས་པས། །
253	terminal-particle	33		ལུས་དང་། ཚོར་བ་དང་། སེམས་དང་ཆོས་རྣམས་ལ་རང་དང་སྤྱིའི་མཚན་ཉིད་དག་ཏུ་ཡོངས་སུ་བརྟགས་
254	line-end	36		སྤྱིའི་མཚན་ཉིད་ནི་འདུས་བྱས་རྣམས་ནི་མི་རྟག་པ་ཉིད་དང་། ཟག་པ་དང་བཅས་པ་རྣམས་སྡུག་བསྔ
255	verse-stanza	25		ལུས་ཀྱི་རང་གི་ངོ་བོ་ཅི་ཞེ་ན།↵འབྱུང་བ་དང་འབྱུང་བ་ལས་གྱུར་པ་ཉིད་དོ། །↵གསུམ་ལས་གཞན་
256	terminal-particle	28		མཉམ་པར་གཞག་པས་ལུས་ལ་རྡུལ་ཕྲ་རབ་དང་སྐད་ཅིག་མར་མཐོང་བས་ལུས་དྲན་པ་ཉེ་བར་གཞག་པ་གྲུབ་
257	terminal-particle	37		ཡང་དྲན་པ་ཉེ་བར་གཞག་པ་རྣམས་ཀྱི་རང་བཞིན་ཅི་ཞེ་ན། དྲན་པ་ཉེ་བར་གཞག་པ་ནི་རྣམ་པ་གསུམ་ས
258	terminal-particle	14		དེ་ལ་རང་བཞིན་གྱི་དྲན་པ་ཉེ་བར་གཞག་པ་ནི། ཤེས་རབ་བོ། །
259	terminal-particle	12		ཤེས་རབ་ཇི་ལྟ་བུ་ཞིག་ཅེ་ན། ཐོས་སོགས་ལས་བྱུང་བའོ། །
260	terminal-particle	17		ཐོས་པ་ལས་བྱུང་བ་དང་། བསམ་པ་ལས་བྱུང་བ་དང་། བསྒོམ་པ་ལས་བྱུང་བའོ། །
261	line-end	18		དྲན་པ་ཉེ་བར་གཞག་པ་དག་ཀྱང་རྣམ་པ་གསུམ་སྟེ། ཐོས་པ་དང་། བསམ་པ་དང་།
262	verse-stanza	13		བསྒོམ་པ་ལས་བྱུང་བ་དག་གོ། །↵གཞན་ནི་འབྲེལ་དང་དམིགས་པ་ལས། །
263	terminal-particle	20		གཞན་དེ་དང་ལྷན་ཅིག་འབྱུང་བའི་ཆོས་རྣམས་ནི་འབྲེལ་པའི་དྲན་པ་ཉེ་བར་གཞག་པ་ཡིན་ནོ། །
264	terminal-particle	14		དེ་དག་གི་དམིགས་པ་ནི་དམིགས་པའི་དྲན་པ་ཉེ་བར་གཞག་པའོ། །
265	terminal-particle	40		རང་བཞིན་གྱི་དྲན་པ་ཉེ་བར་གཞག་པ་ཤེས་རབ་ཡིན་ནོ་ཞེས་བྱ་བ་འདི་ག་ལས་ཤེ་ན། ལུས་ལ་ལུས་ཀྱ
266	terminal-particle	22		རྗེས་སུ་ལྟ་བ་ཞེས་བྱ་བ་ཅི་ཞེ་ན། ཤེས་རབ་སྟེ། དེས་དེ་དང་ལྡན་པ་རྗེས་སུ་ལྟ་བར་བྱེད་དོ
267	terminal-particle	33		འདི་ལྟར་ནང་གི་ལུས་ལ་ལུས་ཀྱི་རྗེས་སུ་ལྟ་ཞིང་གནས་སོ་ཞེས་ཀྱང་གསུངས་ཏེ། འདི་ལ་རྗེས་ས
268	terminal-particle	13		ལུས་ལ་རྗེས་སུ་ལྟ་བ་ནི་ལུས་ཀྱི་རྗེས་སུ་ལྟ་བའོ། །
269	terminal-particle	56		ཅིའི་ཕྱིར་ཤེས་རབ་ལ་དྲན་པ་ཉེ་བར་གཞག་པ་ཞེས་བཤད་ཅེ་ན། བྱེ་བྲག་ཏུ་སྨྲ་བ་རྣམས་ན་རེ་དྲ
270	terminal-particle	32		འདི་ལྟར་ནི་རུང་སྟེ། འདིས་དྲན་པ་ཉེ་བར་འཇོག་པས་ན་དྲན་པ་ཉེ་བར་གཞག་པ་ནི་ཤེས་རབ་ཡིན་ཏ
271	terminal-particle	38		འདི་ལྟར་ཚེ་དང་ལྡན་པ་མ་འགགས་པས་ཀྱང་། ལུས་ལ་ལུས་ཀྱི་རྗེས་སུ་ལྟ་ཞིང་གནས་པ་དེའི་ལུས་
272	quote-close	31		བཅོམ་ལྡན་འདས་ཀྱིས་ཀྱང་ལུས་ལ་ལུས་ཀྱི་རྗེས་སུ་ལྟ་ཞིང་གནས་པ་དེའི་དྲན་པ་ཉེ་བར་གནས་ཤི
273	terminal-particle	71		གང་ལས་དགེ་སློང་དག་ཇི་ལྟར་ན་དྲན་པ་ཉེ་བར་གཞག་པ་རྣམས་ཀུན་འབྱུང་བ་དང་། ནུབ་པ་ཡིན་ཞེ་
274	terminal-particle	12		འདི་དག་གི་མིང་ནི་དམིགས་པ་ཇི་ལྟ་བ་བཞིན་ནོ། །
275	terminal-particle	22		འདི་དག་རང་དང་གཞན་དང་གཉི་གའི་རྒྱུད་ལ་དམིགས་པའི་ཕྱིར་རེ་རེ་ཞིང་རྣམ་པ་གསུམ་གསུམ་ཡིན
276	terminal-particle	27		རིམ་ནི་ཇི་ལྟར་སྐྱེ་བ་བཞིན་ཅིའི་ཕྱིར་དེ་ལྟར་སྐྱེ་ཞེ་ན། བྱེ་བྲག་ཏུ་སྨྲ་བ་རྣམས་ན་རེ
277	line-end	15		ཡང་ན་འདི་ལྟར་འདོད་པ་ལ་འདོད་ཆགས་པའི་རྟེན་ནི་ལུས་ཡིན་ལ།
278	verse-stanza	17		དེ་ཡང་ཚོར་བ་མངོན་པར་འདོད་པའི་ཕྱིར་རོ། །↵དེ་ཡང་སེམས་མ་ཞི་བའི་ཕྱིར་རོ། །
279	terminal-particle	13		དེ་ཡང་ཉོན་མོངས་པ་མ་སྤངས་པའི་ཕྱིར་རོ་ཞེས་ཟེར་རོ། །
280	terminal-particle	56		ཕྱིན་ཅི་ལོག་གི་གཉེན་པོར་བཞི། །གཙང་བ་དང་བདེ་བ་དང་རྟག་པ་དང་བདག་ཏུ་ཕྱིན་ཅི་ལོག་རྣམ་
281	ordinal-open	22		བཞི་པ་ནི་གཉི་ག་ཡིན་ཏེ། གལ་ཏེ་ཆོས་ཁོ་ན་ལ་ལྟ་ན་མ་འདྲེས་པ་ལ་དམིགས་པ་ཡིན་ནོ། །
282	terminal-particle	23		འོན་ཏེ་ལུས་ལ་སོགས་པ་གཉིས་སམ་གསུམ་མམ་བཞི་པོ་སྤྱི་ལ་ལྟ་ན་འདྲེས་པ་ལ་དམིགས་པ་ཡིན་ནོ།
283	line-end	20		དེ་ལྟར་ལུས་ལ་སོགས་པ་ལ་དམིགས་པའི་དྲན་པ་ཉེ་བར་གཞག་པ་རྣམས་གོམས་པར་བྱས་ནས།
284	verse-stanza	26		དེ་ནི་ཆོས་དྲན་ཉེ་གཞག་པ། །↵སྤྱི་ལ་དམིགས་པ་ལ་གནས་ཏེ། །↵དེ་དག་ལ་ནི་མི་རྟག་དང་། །↵སྡ
285	terminal-particle	43		ཆོས་དྲན་པ་ཉེ་བར་གཞག་པར་འདྲེས་པ་ལ་དམིགས་པ་ལ་གནས་ཏེ། ལུས་ལ་སོགས་པ་དེ་དག་ཐམས་ཅད་སྤྱ
286	terminal-particle	34		དེ་ལས་དྲོ་བར་གྱུར་པ་འབྱུང་། །ཆོས་དྲན་པ་ཉེ་བར་གཞག་པ་ལ་དེ་ལྟར་གོམས་པ་ལས་རིམ་གྱིས་ད
287	terminal-particle	32		དྲོ་བར་གྱུར་པ་དང་འདྲ་བས་ན་དྲོ་བར་གྱུར་པ་སྟེ། ཉོན་མོངས་པའི་བུད་ཤིང་སྲེག་པར་བྱེད་པ
288	terminal-particle	26		དེ་ནི་བདེན་བཞི་སྤྱོད་ཡུལ་ཅན། །དྲོ་བར་གྱུར་པ་དེ་ནི་རྒྱུན་ཆགས་པ་ཡིན་པའི་ཕྱིར་བདེན་
289	terminal-particle	25		རྣམ་པ་བཅུ་དྲུག །སྡུག་བསྔལ་ལ་མི་རྟག་པ་དང་། སྡུག་བསྔལ་བ་དང་། སྟོང་པ་དང་། བདག་མེད་པ
290	terminal-particle	20		ཀུན་འབྱུང་ལ་རྒྱུ་དང་། ཀུན་འབྱུང་བ་དང་། རབ་ཏུ་སྐྱེ་བ་དང་། རྐྱེན་དང་རྣམ་པ་བཞིར་ལྟའ
291	terminal-particle	22		འགོག་པ་ལ་འགོག་པ་དང་། ཞི་བ་དང་། གྱ་ནོམ་པ་དང་། ངེས་པར་འབྱུང་བ་དང་རྣམ་པ་བཞིར་ལྟའོ། 
292	terminal-particle	30		ལམ་ལ་ལམ་དང་། རིགས་པ་དང་། སྒྲུབ་པ་དང་། ངེས་པར་འབྱིན་པ་དང་རྣམ་པ་བཞིར་ལྟ་སྟེ་འདི་དག
293	quote-open	3		དྲོ་བ་ལས།
294	terminal-particle	2		རྩེ་མོ། །
295	terminal-particle	58		དྲོ་བ་ཆུང་ངུ་དང་འབྲིང་དང་ཆེན་པོའི་རིམ་གྱིས་མངོན་པར་འཕེལ་བ་ལས་རྩེ་མོ་དག་ཀྱང་སྐྱེ་
296	terminal-particle	25		དགེ་བའི་རྩ་བ་གཡོ་བའི་རྩེ་མོ་ཡིན་པའི་ཕྱིར་རྩེ་མོ་རྣམས་ཏེ། དེ་དག་ལས་ལྟུང་བའམ་འདའ་བ
297	terminal-particle	28		གཉི་ག་ཆོས་ཀྱི་རྣམ་པ་གཏོད། །དྲོ་བར་གྱུར་པ་དང་རྩེ་མོ་གཉིས་ཀ་ཆོས་དྲན་པ་ཉེ་བར་གཞག་པས
298	line-end	10		རྣམ་པ་གཏོད་ཅེས་བྱ་བ་འདི་ཅི་ཞེ་ན།
299	ordinal-open	13		དང་པོ་ཉིད་དུ་བདེན་པ་རྣམས་ལ་རྣམ་པ་དག་འགོད་པའོ། །
300	terminal-particle	22		གཞན་དག་གིས་ཀྱང་འཕེལ་བར་བྱེད། དྲན་པ་ཉེ་བར་གཞག་པ་བཞི་ཆར་གྱིས་ཀྱང་དེ་དག་འཕེལ་བར་བྱེ
301	terminal-particle	24		རྣམ་པར་འཕེལ་བར་བྱེད་པ་ན་སྔོན་ཐོབ་པ་རྣམས་མངོན་སུམ་དུ་མི་བྱེད་དེ། དགའ་བ་ཆེན་པོ་མེད
302	terminal-particle	41		དེ་ལས་བཟོད་པ་ཡང་སྐྱེ་སྟེ། དེ་ཆུང་ངུ་དང་འབྲིང་དང་ཆེན་པོའི་རིམ་གྱིས་མངོན་པར་འཕེལ་བ
303	terminal-particle	12		དེ་ཡང་རྣམ་པ་གསུམ་སྟེ། ཆུང་ངུ་དང་། འབྲིང་དང་། ཆེན་པོའོ། །
304	terminal-particle	36		དེ་ལ་རྣམ་པ་གཉིས་དེ་བཞིན། །རྩེ་མོ་རྣམས་ཇི་སྐད་བཤད་པ་ལྟར་བཟོད་པ་ཆུང་ངུ་དང་འབྲིང་དག
305	terminal-particle	38		རྣམ་པར་འཕེལ་བ་ལ་ནི་ཁྱད་པར་འདི་ཡོད་དེ། བཟོད་པ་ནི། ཐམས་ཅད་ཆོས་ཀྱིས་འཕེལ་བར་བྱེད་ཆོ
306	terminal-particle	33		ཆེན་པོ་འདོད་གཏོགས་སྡུག་བསྔལ་ཡུལ། །བཟོད་པ་ཞེས་བྱ་བར་སྦྱར་ཏེ། དེ་ནི་ཆོས་ཀྱི་མཆོག་ད
307	terminal-particle	104		དེ་ཉིད་ཀྱི་ཕྱིར་དྲོ་བར་གྱུར་པ་ལ་སོགས་པའི་ངེས་པ་མ་སྨོས་པའི་ཕྱིར་ཁམས་གསུམ་པའི་སྡུག
308	terminal-particle	19		དེ་ནི་སྐད་ཅིག་གཅིག །དེ་ནི་སྐད་ཅིག་མ་གཅིག་ཡིན་གྱི་རྒྱུན་ཆགས་པ་ནི་མ་ཡིན་ནོ། །
309	terminal-particle	34		དེ་བཞིན་དུ་ཆོས་མཆོག། དེ་དག་ཀྱང་བཟོད་པ་ཆེན་པོ་ཇི་ལྟ་བ་བཞིན་དུ་འདོད་པ་ན་སྤྱོད་པའི་
310	terminal-particle	50		དེ་དག་ནི་འཇིག་རྟེན་པ་ཡང་ཡིན་ལ་ཆོས་ཀྱི་མཆོག་ཀྱང་ཡིན་ཞིང་། འཇིག་རྟེན་པ་ཐམས་ཅད་ཀྱི་
311	terminal-particle	29		དྲོ་བར་གྱུར་པ་ལ་སོགས་པ་དེ་དག་ནི་དྲན་པ་ཉེ་བར་གཞག་པའི་རང་བཞིན་ཡིན་པའི་ཕྱིར་ཤེས་རབ་
312	terminal-particle	12		ཐམས་ཅད་ཕུང་པོ་ལྔ། འཁོར་དང་བཅས་ཏེ་སྨོས་པའི་ཕྱིར་རོ། །
313	terminal-particle	41		ཐོབ་པ་མ་གཏོགས། ཐོབ་པ་རྣམས་ནི་དྲོ་བར་གྱུར་པ་ལ་སོགས་པས་མ་བསྡུས་ཏེ། འཕགས་པ་ལ་དེ་མངོ
314	terminal-particle	39		དེ་ལ་བདེན་པ་གསུམ་ལ་དམིགས་པའི་དྲོ་བར་གྱུར་པ་རྣམ་པ་གཏོད་པ་ལ་ནི་ཆོས་དྲན་པ་ཉེ་བར་གཞག
315	terminal-particle	16		འགོག་པའི་བདེན་པ་ལ་དམིགས་པ་ལ་ནི་དེ་ཁོ་ན་གཉི་ག་ཡིན་ནོ། །
316	terminal-particle	11		རྣམ་པ་དག་ནི་ཐམས་ཅད་དུ་འདྲ་བ་ཡིན་ནོ། །
317	terminal-particle	22		རྣམ་པར་འཕེལ་བ་ལ་ནི་བཞི་ལས་གང་ཡང་རུང་བ་ཞིག་ཡིན་ལ་མ་འོངས་པ་ནི་བཞི་ཆར་རོ། །
318	line-end	21		འགོག་པ་ལ་དམིགས་པ་དེ་ཁོ་ན་ལ་ནི་ཐ་མ་ཡིན་ལ་མ་འོངས་པ་ནི་བཞི་ཆར་རོ། །
319	verse-stanza	12		རྣམ་པ་ནི་ཐམས་ཅད་དོ། །↵རིགས་རྣམས་ཐོབ་ཟིན་པའི་ཕྱིར་རོ། །
320	terminal-particle	33		རྩེ་མོ་བདེན་པ་བཞི་ལ་དམིགས་པ་རྣམ་པ་གཏོད་པ་དང་། འགོག་པ་ལ་དམིགས་པ་འཕེལ་བ་ལ་ནི་ཐ་མ་ཡ
321	terminal-particle	6		རྣམ་པ་ནི་ཐམས་ཅད་དོ། །
322	terminal-particle	28		བདེན་པ་གསུམ་ལ་དམིགས་པ་རྣམ་པར་འཕེལ་བ་ལ་ནི་བཞི་ལས་གང་ཡང་རུང་བ་ཞིག་ཡིན་ལ་མ་འོངས་པ་ན
323	terminal-particle	6		རྣམ་པ་ནི་ཐམས་ཅད་དོ། །
324	terminal-particle	19		བཟོད་པ་རྣམས་ལ་ནི་ཐམས་ཅད་དུ་ཐ་མ་ཡིན་ལ་མ་འོངས་པ་ནི་བཞི་ཆར་རོ། །
325	terminal-particle	6		རྣམ་པ་ནི་ཐམས་ཅད་དོ། །
326	terminal-particle	17		ཆོས་ཀྱི་མཆོག་དག་ལ་ནི་ཐ་མ་ཡིན་ལ་མ་འོངས་པ་ནི་བཞི་ཆར་རོ། །
327	terminal-particle	19		རྣམ་པ་ནི་བཞི་ཁོ་ན་སྟེ། གཞན་མེད་པའི་ཕྱིར་དང་། མཐོང་བའི་ལམ་དང་འདྲ་བའི་ཕྱིར་རོ། །
328	terminal-particle	49		དེ་ལྟ་ན་ངེས་འབྱེད་ཆ་མཐུན་རྣམ་པ་བཞི་བཞི་པོ་འདི་དག་ནི་ངེས་པར་འབྱེད་པའི་ཆ་དང་མཐུན་པ
329	line-end	19		དེ་དག་ལས་གཉིས་ནི་ཡོངས་སུ་ཉམས་པའི་སྒོ་ནས་གཡོ་བའི་ཕྱིར་ཆུང་ངུ་དག་ཡིན་ནོ། །
330	verse-stanza	15		བཟོད་པ་རྣམས་ནི་འབྲིང་ཡིན་ནོ། །↵ཆོས་ཀྱི་མཆོག་རྣམས་ནི་ཆེན་པོ་ཡིན་ནོ། །
331	terminal-particle	28		ངེས་པར་འབྱེད་པའི་ཆ་དང་མཐུན་པ་རྣམས་ཞེས་བྱ་བའི་དོན་ཅི་ཞེ་ན། ངེས་པར་འབྱེད་པས་ན་ངེས་
332	terminal-particle	35		དེས་ཐེ་ཚོམ་སྤོང་བའི་ཕྱིར་དང་། བདེན་པ་རྣམས་ལ་འདི་ནི་སྡུག་བསྔལ་ལོ་ཞེས་བྱ་བ་ནས་འདི་
333	terminal-particle	31		དེའི་ཆ་ནི་མཐོང་བའི་ལམ་གྱི་ཕྱོགས་གཅིག་ཡིན་ཏེ། དེ་འདྲེན་པར་བྱེད་པ་ཉིད་ཀྱིས་ཕན་འདོག
334	terminal-particle	29		ངེས་པར་འབྱེད་པའི་ཆ་དང་མཐུན་པ་ནི་རྣམ་པ་འདི་བཞི་ཆར་ཡང་། བསྒོམས་བྱུང་། ཐོས་པ་དང་བསམ
335	terminal-particle	11		མི་ལྕོགས་མེད་པ་དང་། ཁྱད་པར་བསམ་གཏན་ས་པའོ། །
336	terminal-particle	27		འདིའི་ས་པ་ནི་མི་ལྕོགས་པ་མེད་པ་དང་། བསམ་གཏན་ཁྱད་པར་ཅན་དང་། བསམ་གཏན་བཞི་ཡིན་ཏེ། དེ
337	terminal-particle	12		མཐོང་བའི་ལམ་གྱི་འཁོར་ཡིན་པའི་ཕྱིར་གོང་ན་མེད་དོ། །
338	terminal-particle	14		དེ་མེད་པ་ནི་འདོད་པའི་ཁམས་ལ་དམིགས་པ་ཡིན་པའི་ཕྱིར་རོ། །
339	terminal-particle	17		དེ་ཡང་སྔར་ཡོངས་སུ་ཤེས་པར་བྱ་ཞིང་སྤང་བར་བྱ་བ་ཡིན་པའི་ཕྱིར་རོ། །
340	terminal-particle	17		དེ་དག་གི་རྣམ་པར་སྨིན་པ་ནི་གཟུགས་ཀྱི་ཁམས་ཀྱི་ཕུང་པོ་ལྔ་ཡིན་ནོ། །
341	terminal-particle	27		ཡོངས་སུ་རྫོགས་པར་བྱེད་པ་དག་ཁོ་ན་ཡིན་གྱི་འཕེན་པར་བྱེད་པ་དག་ནི་མ་ཡིན་ཏེ། སྲིད་པའི་
342	terminal-particle	45		གཉིས་ནི་འོག་ནའང་ཡོད་པའམ། འམ་ཞེས་བྱ་བའི་སྒྲ་ནི་ལུགས་ཐ་དད་པའི་དོན་ཏེ། བཙུན་པ་དབྱངས
343	terminal-particle	25		བཞི་པོ་དེ་དག་ཐམས་ཅད་ཀྱང་། འདོད་རྟེན་གསུམ་ནི་མི་དག་གི་ནང་ཁོ་ན་དང་། གླིང་གསུམ་དུ་ས
344	terminal-particle	15		སྔོན་བསྐྱེད་པ་རྣམས་ནི་ལྷ་དག་གི་ནང་དུ་མངོན་སུམ་དུ་བྱེད་དོ། །
345	ordinal-open	13		བཞི་པ་ནི་ལྷ་དག་གི་ནང་དུ་ཡང་སྐྱེད་པར་བྱེད་དོ། །
346	terminal-particle	15		གསུམ་ནི་སྐྱེས་པ་དང་བུད་མེད་ཀྱི་གཉི་གའི་རྟེན་ཅན་དག་འཐོབ་བོ། །
347	terminal-particle	25		ཆོས་མཆོག་བུད་མེད་ཀྱིས་གཉི་གའི་རྟེན་ཅན་འཐོབ་པར་འགྱུར། ཆོས་ཀྱི་མཆོག་ནི་བུད་མེད་ཁོ་
348	terminal-particle	27		སྐྱེས་པ་ནི་སྐྱེས་པའི་རྟེན་ཅན་འབའ་ཞིག་འཐོབ་སྟེ། བུད་མེད་ཉིད་ནི་སོ་སོར་བརྟགས་པ་མ་ཡ
349	terminal-particle	48		ངེས་པར་འབྱེད་པའི་ཆ་དང་མཐུན་པ་རྣམས་ཇི་ལྟར་སྟོང་ཞེ་ན། འཕགས་པས་དེ་དག་ས་བོར་ནས། །སྟོ
350	terminal-particle	9		ས་འདོར་བ་ནི་ས་འཕོས་པའི་ཕྱིར་རོ། །
351	terminal-particle	5		འཕགས་མིན་འཆི་བས་སོ། །
352	line-end	24		སོ་སོའི་སྐྱེ་བོ་ནི་ས་འཕོ་ཡང་རུང་མི་འཕོ་ཡང་རུང་སྟེ་རིས་མཐུན་པ་བཏང་བ་ཁོ་ནས་གཏོང་ངོ
353	verse-stanza	14		དང་པོ་གཉིས་ཡོངས་ཉམས་པས་ཀྱང་། །↵གཏོང་ལ་འཆི་བས་ཀྱང་གཏོང་སྟེ། །
354	terminal-particle	20		སོ་སོའི་སྐྱེ་བོ་ཁོ་ན་ཡིན་གྱི་འཕགས་པ་ནི་དེ་གཉིས་ལས་ཡོངས་སུ་ཉམས་པ་མེད་དོ། །
355	terminal-particle	20		བཟོད་པ་དང་ཆོས་ཀྱི་མཆོག་དག་ལས་ནི་སོ་སོའི་སྐྱེ་བོ་ཡང་ཡོངས་སུ་ཉམས་པ་མེད་དོ། །
356	line-end	45		དངོས་གཞིས་དེ་ཉིད་ལ་བདེན་མཐོང་། །གང་ཞིག་བསམ་གཏན་དངོས་གཞིའི་ས་པའི་ངེས་པར་འབྱེད་པའི
357	verse-stanza	14		ཡིད་འབྱུང་བ་ཤས་ཆེ་བའི་ཕྱིར་རོ། །↵རྣམ་པར་ཉམས་ན་དངོས་མེད་འཐོབ། །
358	terminal-particle	52		གང་གི་ཚེ་རྣམ་པར་ཉམས་པ་དག་གིས་ཡང་ཐོབ་པ་དེའི་ཚེ་སོ་སོར་ཐར་པའི་སྡོམ་པ་བཞིན་དུ་སྔོན་
359	terminal-particle	15		མཚམས་སྟོན་པར་བྱེད་པ་ཞིག་ཡོད་ན་ནི་གོང་མ་སྐྱེད་པར་བྱེད་དོ། །
360	terminal-particle	10		མེད་ན་ནི་གཞི་ཁོ་ནས་སྐྱེད་པར་བྱེད་དོ། །
361	terminal-particle	55		རྣམ་པར་ཉམས་པ་དང་ཡོངས་སུ་ཉམས་པ་འདི་དག་གི་རང་བཞིན་ཅི་ཞེ་ན། ཉམས་པ་གཉིས་ནི་མི་ལྡན་པ།
362	terminal-particle	22		དྲོ་བར་གྱུར་པ་ཐོབ་པ་ནི་ཡོངས་སུ་ཉམས་ཀྱང་ངེས་པར་མྱ་ངན་ལས་འདས་པའི་ཆོས་ཅན་ཡིན་ནོ། །
363	terminal-particle	29		ཐར་པའི་ཆ་དང་མཐུན་པ་དང་ཁྱད་པར་ཅི་ཡོད་ཅེ་ན། བར་ཆད་བྱེད་པ་མེད་ན་བདེན་པ་མཐོང་བ་ལ་ཆེས
364	terminal-particle	38		རྩེ་མོ་ཐོབ་པ་རྩ་མི་འཆད། །རྩེ་མོ་ཐོབ་པ་ནི་ཡོངས་སུ་ཉམས་ཀྱང་དགེ་བའི་རྩ་བ་རྣམས་ཀུན་ཏ
365	terminal-particle	6		བཟོད་ཐོབ་ངན་སོང་མི་འགྲོའོ། །
366	terminal-particle	26		བཟོད་པ་ལས་ནི་རྣམ་པར་ཉམས་ཀྱང་ངན་སོང་དུ་མི་འགྲོ་སྟེ། དེར་འགྲོ་བའི་ལས་དང་ཉོན་མོངས་པ
367	terminal-particle	117		བཟོད་པ་ཐོབ་པ་ཁོ་ནས་འགྲོ་བ་དང་། སྐྱེ་གནས་དང་། སྐྱེ་བ་དང་། ལུས་དང་། སྲིད་པ་དང་། ཉོ
368	terminal-particle	26		དེ་དག་ནི་ཅི་རིགས་པར་ཏེ། ཆུང་ངུས་ནི་ངན་སོང་གི་འགྲོ་བ་རྣམས་ཀྱི་མི་སྐྱེ་བ་འཐོབ་ལ། ཆ
369	terminal-particle	69		ཉན་ཐོས་ལ་སོགས་པའི་རིགས་ཐ་དད་པའི་ཕྱིར་ངེས་པར་འབྱེད་པའི་ཆ་དང་མཐུན་པ་རྣམས་རིགས་གསུམ
370	terminal-particle	31		ཅིའི་ཕྱིར་ཞེ་ན། ངན་སོང་བཟློག་པའི་ཕྱིར་ཏེ། བྱང་ཆུབ་སེམས་དཔའ་རྣམས་ནི་གཞན་ལ་ཕན་འདོག
371	terminal-particle	12		རིགས་དེ་ཉིད་བཟློག་ཏུ་མི་རུང་བའི་ཕྱིར་མི་སྲིད་དོ། །
372	terminal-particle	43		གཞན་གསུམ་ཡང་། བཟློག་ནས་འགྱུར་ཞེས་བྱ་བར་སྦྱར་ཏེ། ངེས་པར་འབྱེད་པའི་ཆ་དང་མཐུན་པ་གསུ
373	line-end	13		རང་སངས་རྒྱས་ཀྱི་རིགས་རྣམས་ནི་བཟློག་པར་མི་ནུས་ཏེ། འདི་ལྟར།
374	verse-stanza	18		སྟོན་དང་བསེ་རུ་བྱང་ཆུབ་པར། །↵བསམ་གཏན་མཐའ་རྟེན་གཅིག་ལ་ཀུན། །↵སྟོན་པ་ནི་སངས་རྒྱས་ས
375	terminal-particle	55		བསེ་རུ་ལྟ་བུ་ནི་རང་སངས་རྒྱས་ཏེ། དེ་གཉིས་ནི་ཏིང་ངེ་འཛིན་མི་གཡོ་བ་དང་། གསལ་བའི་ཕྱི
376	terminal-particle	21		བྱང་ཆུབ་ནི་ཟད་པ་དང་མི་སྐྱེ་བ་ཤེས་པའི་ཡེ་ཤེས་ཡིན་ནོ་ཞེས་འོག་ནས་བཤད་པར་བྱའོ། །
377	terminal-particle	17		གཞན་དག་ན་རེ་མི་སྡུག་པ་ནས་བཟུང་སྟེ། བྱང་ཆུབ་ཀྱི་བར་དུའོ་ཞེས་ཟེར་རོ། །
378	terminal-particle	26		གང་དག་བསེ་རུ་ལྟ་བུ་ལས་གཞན་པའི་རང་སངས་རྒྱས་ཡོད་པར་འདོད་པ་དེའི་རིགས་རྣམས་ནི་བཟློག་
379	terminal-particle	45		ཅི་ཚེ་དང་པོ་ཁོ་ན་ལ་སྦྱོར་བ་བྱས་ཏེ་ངེས་པར་འབྱེད་པའི་ཆ་དང་མཐུན་པ་རྣམས་སྐྱེད་པར་བྱེ
380	terminal-particle	43		ཐམས་ཅད་པས་ཤིན་ཏུ། མྱུར་བའི་སྲིད་པ་གསུམ་གྱིས་ཐར། །ས་བོན་འདེབས་པ་དང་། འབྲུ་སྐྱེ་བ་
381	ordinal-open	17		གཉིས་པ་ལ་ནི་ངེས་པར་འབྱེད་པའི་ཆ་དང་མཐུན་པ་རྣམས་སྐྱེད་པར་བྱེད་དོ། །
382	ordinal-open	32		གསུམ་པ་ལ་ནི་འཕགས་པའི་ལམ་སྐྱེད་པར་བྱེད་དེ། ཆོས་ཉིད་འདི་ལ་ནི་རྒྱུད་རིམ་གྱིས་འཇུག་པ
383	terminal-particle	25		ཐར་པའི་ཆ་དང་མཐུན་པ་དེ་ཡང་ཐོས་བསམ་ལས་བྱུང་བ་ཡིན་པར་བརྗོད་དེ། བསྒོམ་པ་ལས་བྱུང་བ་ནི
384	terminal-particle	8		ལས་དུ་དག་ཅིག་ཅེ་ན། ལས་གསུམ་མོ། །
385	terminal-particle	8		གཙོ་བོར་ནི་ཡིད་ཀྱི་ལས་ཡིན་ནོ། །
386	terminal-particle	56		དེའི་སྨོན་ལམ་གྱིས་ཡོངས་སུ་བཟུང་བའི་ཕྱིར་ལུས་དང་ངག་གི་ལས་ཀྱང་ཐར་པའི་ཆ་དང་མཐུན་པ་ཡ
387	terminal-particle	37		དེ་ཡང་། མི་ཡི་ནང་ནས་འཕེན་པར་བྱེད། །མི་རྣམས་ཀྱི་ནང་ཁོ་ན་དང་། གླིང་གསུམ་ནས་འཕེན་གྱ
388	terminal-particle	13		ཐར་པའི་ཆ་དང་མཐུན་པ་ཞར་ལས་འོངས་པ་བཤད་ཟིན་ཏོ། །
389	terminal-particle	22		མངོན་པར་རྟོགས་པའི་རིམ་པ་བཤད་པར་བརྩམས་པ་དེ་ལ་ཆོས་ཀྱི་མཆོག་གི་བར་རྣམས་ནི་བཤད་ཟིན་ཏ
390	line-end	7		ལྷག་མ་བརྗོད་པར་བྱ་སྟེ། དེའི་ཕྱིར།
391	verse-stanza	13		འཇིག་རྟེན་པ་ཡི་ཆོས་མཆོག་ལས། །↵ཆོས་ཀྱི་བཟོད་པ་ཟག་པ་མེད། །
392	terminal-particle	25		ཅེས་བྱ་བ་འདི་སྨོས་ཏེ། འཇིག་རྟེན་པའི་ཆོས་ཀྱི་མཆོག་གི་མཇུག་ཐོགས་སུ་ཆོས་ཤེས་པའི་བཟོ
393	terminal-particle	32		དམིགས་པ་གང་ལ་ཞེ་ན། འདོད་སྡུག་བསྔལ་ལ། དེའི་དམིགས་པ་ནི་འདོད་པ་ན་སྤྱོད་པའི་སྡུག་བསྔ
394	terminal-particle	40		ཟག་པ་མེད་པ་ཉིད་ཡིན་པར་ཤེས་པར་བྱ་བའི་ཕྱིར་རྒྱུ་མཐུན་པས་བྱེ་བྲག་ཏུ་བྱས་ཏེ། ཆོས་ཤེས
395	terminal-particle	19		དེ་ཉིད་ངེས་པར་འཇུག་པ་ཞེས་བྱ་སྟེ། ཡང་དག་པ་ཉིད་དུ་ངེས་པར་ཞུགས་པའི་ཕྱིར་རོ། །
396	line-end	16		ཡང་དག་པ་ཉིད་ནི་མདོ་ལས་མྱ་ངན་ལས་འདས་པ་ཡིན་པར་བཤད་དོ། །
397	verse-stanza	27		དེར་ངེས་པ་ནི་ངེས་པ་སྟེ་གཅིག་ཏུ་གྱུར་པའོ། །↵དེར་འཇུག་པ་ནི་མངོན་པར་འགྲོ་བ་སྟེ།↵དེ་
398	terminal-particle	13		མ་འོངས་པས་ནི་སོ་སོའི་སྐྱེ་བོ་ཉིད་ཟློག་པར་བྱེད་དོ། །
399	terminal-particle	26		མ་འོངས་པ་དེའི་བྱ་བ་ནི་དེ་ཁོ་ན་ཡིན་པར་ཁས་ལེན་གྱི་གཞན་ནི་མ་ཡིན་ཏེ། མར་མེ་དང་སྐྱེ་བ
400	terminal-particle	17		གཞན་དག་ན་རེ་འཇིག་རྟེན་པའི་ཆོས་ཀྱི་མཆོག་རྣམས་ཀྱིས་བཟློག་གོ་ཞེས་ཟེར་རོ། །
401	terminal-particle	8		མ་ཡིན་ཏེ། དེའི་ཆོས་ཡིན་པའི་ཕྱིར་རོ། །
402	terminal-particle	23		དེ་དང་འགལ་བ་ཡིན་པའི་ཕྱིར་ཉེས་པ་མེད་དེ། དགྲ་བོའི་ཕྲག་པ་ལ་ཞོན་ནས་དེ་ལ་འཚོག་པ་བཞིན་
403	terminal-particle	26		གཞན་དག་ན་རེ་གཉི་གས་བཟློག་སྟེ། བར་ཆད་མེད་པ་དང་རྣམ་པར་གྲོལ་བའི་ལམ་དང་ཆོས་མཐུན་པའི་
404	terminal-particle	45		དེ་ནས་ནི་དེ་ཉིད་ལ་ཆོས་ཤེ་ན། སྡུག་བསྔལ་ལ་ཆོས་ཤེས་པའི་བཟོད་པའི་མཇུག་ཐོགས་སུ་འདོད་པ
405	terminal-particle	15		ཐམས་ཅད་དུ་ཡང་ཟག་པ་མེད་པའི་གནས་སྐབས་ཡིན་པར་རིག་པར་བྱའོ། །
406	terminal-particle	73		ཇི་ལྟར་འདོད་པ་ན་སྤྱོད་པའི་སྡུག་བསྔལ་ལ་ཆོས་ཤེས་པའི་བཟོད་པ་དང་ཆོས་ཤེས་པ་སྐྱེ་བ་དེ་
407	terminal-particle	19		དེ་ནས་ནི་རྗེས་སུ་ཤེས་པ་སྐྱེ་སྟེ། དེ་ནི་སྡུག་བསྔལ་ལ་རྗེས་སུ་ཤེས་པ་ཞེས་བྱའོ། །
408	ordinal-open	18		དང་པོ་ཉིད་དུ་ཆོས་ཀྱི་དེ་ཁོ་ན་ཉིད་ཤེས་པའི་ཕྱིར་ཆོས་ཤེས་པ་ཡིན་ནོ། །
409	terminal-particle	28		དེའི་རྒྱུ་ལས་བྱུང་བའི་ཕྱིར་གོང་མའི་སྡུག་བསྔལ་ལ་སོགས་པ་ལ་དམིགས་པ་ནི་རྗེས་སུ་ཤེས་པ
410	terminal-particle	26		ཇི་ལྟར་སྡུག་བསྔལ་གྱི་བདེན་པ་ལ་བཟོད་པ་དང་ཤེས་པ་བཞི་པོ་དེ་དག་སྐྱེ་བ་ལྟར། བདེན་པ་གས
411	terminal-particle	64		སྡུག་བསྔལ་ལ་རྗེས་སུ་ཤེས་པའི་མཇུག་ཐོགས་སུ་འདོད་པ་ནི་སྤྱོད་པའི་ཀུན་འབྱུང་ལ་ཆོས་ཤེས
412	terminal-particle	23		འདོད་པ་ན་སྤྱོད་པའི་སྡུག་བསྔལ་འགོག་པ་ལ་ཆོས་ཤེས་པའི་བཟོད་པ་དང་། འགོག་པ་ལ་ཆོས་ཤེས་པ
413	terminal-particle	21		འགོག་པ་ལྷག་མ་རྣམས་ལ་རྗེས་སུ་ཤེས་པའི་བཟོད་པ་དང་། འགོག་པ་ལ་རྗེས་སུ་ཤེས་པ་སྐྱེའོ། །
414	terminal-particle	24		འདོད་པ་ན་སྤྱོད་པའི་སྡུག་བསྔལ་གྱི་གཉེན་པོ་ལམ་ལ་ཆོས་ཤེས་པའི་བཟོད་པ་དང་། ལམ་ལ་ཆོས་ཤ
415	terminal-particle	29		ལམ་ལྷག་མ་རྣམས་ལ་རྗེས་སུ་ཤེས་པའི་བཟོད་པ་དང་། ལམ་ལ་རྗེས་སུ་ཤེས་པ་སྐྱེ་སྟེ། དེ་ལྟར་
416	terminal-particle	20		དེ་ལྟར་ན་རིམ་པ་འདིས་ན་བདེན་པ་མངོན་པར་རྟོགས་པ་འདི་ནི་སེམས་བཅུ་དྲུག་ཡིན་ནོ། །
417	terminal-particle	37		སྡེ་བ་གཞན་གང་དག་བདེན་པ་རྣམས་མངོན་པར་རྟོགས་པ་འདི་ནི་གཅིག་གོ་ཞེས་བརྗོད་པ་དེ་དག་གི་
418	terminal-particle	10		དེ་ནི་རྣམ་གསུམ་སྟེ། མཐོང་དམིགས་བྱ་བ་ཞེས་བྱའོ། །
419	terminal-particle	21		མཐོང་བའི་མངོན་པར་རྟོགས་པ་ནི་ཟག་པ་མེད་པའི་ཤེས་རབ་ཀྱི་བདེན་པ་རྣམས་མངོན་པར་རྟོགས་པའ
420	terminal-particle	20		དམིགས་པའི་མངོན་པར་རྟོགས་པ་ནི་དེ་དང་མཚུངས་པར་ལྡན་པ་རྣམས་ཀྱིས་ཀྱང་མངོན་པར་རྟོགས་པའ
421	terminal-particle	25		བྱ་བའི་མངོན་པར་རྟོགས་པ་ནི་ལྡན་པ་མ་ཡིན་པ་ཚུལ་ཁྲིམས་དང་སྐྱེ་བ་ལ་སོགས་པས་ཀྱང་མངོན་པ
422	terminal-particle	12		སྡུག་བསྔལ་མཐོང་ན་དེའི་མངོན་པར་རྟོགས་པ་ནི་གསུམ་མོ། །
423	terminal-particle	26		ཀུན་འབྱུང་ལ་སོགས་པ་ནི་བྱ་བའི་མངོན་པར་རྟོགས་པ་ཡིན་ཏེ། སྤོང་བ་དང་མངོན་གསུམ་དུ་བྱེད
424	terminal-particle	38		དེ་ལྟ་བས་ན་གལ་ཏེ་བདེན་པ་རྣམས་མཐོང་བའི་མངོན་པར་རྟོགས་པའི་མངོན་པར་རྟོགས་པ་གཅིག་གོ་
425	terminal-particle	95		འོན་ཏེ་ཐམས་ཅད་བདག་མེད་པའི་རྣམ་པར་མཐོང་ངོ་ཞེས་ཟེར་ན་ནི། འོ་ན་ནི་བདེན་པ་རྣམས་ལ་སྡུ
426	terminal-particle	24		གལ་ཏེ་དེ་ལྟ་བུ་ནི་བསྒོམ་པའི་ལམ་མ་ཡིན་ནོ་ཞེ་ན། མ་ཡིན་ཏེ། ཇི་ལྟར་མཐོང་བ་བཞིན་བསྒོམ
427	terminal-particle	43		འོན་ཏེ་གཅིག་མཐོང་བས་ལྷག་མ་རྣམས་ལྔ་དབང་ཐོབ་པའི་ཕྱིར་མངོན་པར་རྟོགས་པ་གཅིག་ཁོ་ན་ཞེས
428	terminal-particle	67		འོན་ཏེ་སྡུག་བསྔལ་ཁོ་ན་ཡོངས་སུ་ཤེས་ན་ཀུན་འབྱུང་ཡང་སྤོངས་ལ་འགོག་པ་ཡང་མངོན་སུམ་དུ་བ
429	terminal-particle	59		མདོ་ལས་མཐོང་བའི་མངོན་པར་རྟོགས་པའི་ཕྱིར་བདེན་པ་རྣམས་རིམ་གྱིས་མངོན་པར་རྟོགས་པར་གསུ
430	quote-open	4		གལ་ཏེ་མདོ་ལས།
431	terminal-particle	51		གང་ཞིག་སྡུག་བསྔལ་ལ་ནེམ་ནུར་མེད་ཅིང་ཐེ་ཚོམ་མེད་པ་དེ་ནི་སངས་རྒྱས་ལ་ཡང་ཞེས་གསུངས་པས
432	terminal-particle	47		མངོན་པར་རྟོགས་པ་སེམས་བཅུ་དྲུག་པར་བཤད་པ་གང་ཡིན་པ་དེ་ནི་ཆོས་མཆོག་དང་ས་གཅིག །ཆོས་ཀྱ
433	line-end	16		ཅིའི་ཕྱིར་གདོན་མི་ཟ་བར་བཟོད་པ་དག་དང་། ཤེས་པ་དག་ཡིན་ཞེ་ན།
434	verse-stanza	13		བཟོད་དང་ཤེས་པ་གོ་རིམས་བཞིན། །↵བར་ཆད་མེད་དང་རྣམ་གྲོལ་ལམ། །
435	terminal-particle	30		བཟོད་པ་རྣམས་ནི་ཉོན་མོངས་པའི་ཐོབ་པ་རྣམ་པར་གཅོད་པ་ལ་བར་ཆད་བྱ་བར་མི་ནུས་པའི་ཕྱིར་བར
436	terminal-particle	53		ཤེས་པ་རྣམས་ནི་ཉོན་མོངས་པའི་ཐོབ་པ་ལས་རྣམ་པར་གྲོལ་བ་རྣམས་ལ་བྲལ་བའི་ཐོབ་པ་དང་ལྷན་ཅི
437	terminal-particle	40		གལ་ཏེ་བར་ཆད་མེད་པའི་ལམ་གཉིས་པ་ཁོ་ན་བྲལ་བའི་ཐོབ་པ་དང་ལྷན་ཅིག་སྐྱེ་བར་གྱུར་ན་ནི་དམ
438	terminal-particle	58		གལ་ཏེ་བཟོད་པ་རྣམས་ཀྱིས་ཉོན་མོངས་པ་སྤངས་པའི་ཕྱིར་བསྟན་བཅོས་ལས་ཀུན་དུ་སྦྱོར་བའི་རི
439	terminal-particle	25		ཅི་སེམས་བཅུ་དྲུག་པོ་ཐམས་ཅད་བདེན་པ་མ་མཐོང་བ་མཐོང་བའི་ཕྱིར་མཐོང་བའི་ལམ་ཡིན་ནམ་ཞེ་ན
440	line-end	7		འོ་ན་ཇི་ལྟ་བུ་ཞེ་ན།
441	verse-stanza	13		དེ་ལས་སྐད་ཅིག་བཅོ་ལྔ་ནི། །↵མ་མཐོང་མཐོང་ཕྱིར་མཐོང་བའི་ལམ། །
442	terminal-particle	35		སྡུག་བསྔལ་ལ་ཆོས་ཤེས་པའི་བཟོད་པ་ནས་བཟུང་སྟེ་ལམ་ལ་རྗེས་སུ་ཤེས་པའི་བཟོད་པའི་བར་གྱི་
443	terminal-particle	12		ཅིའི་ཕྱིར་ཞེ་ན། བདེན་པ་མ་མཐོང་བ་མཐོང་བའི་ཕྱིར་རོ། །
444	terminal-particle	32		བཅུ་དྲུག་པ་ལ་ནི་སྔོན་མ་མཐོང་བ་བལྟ་བར་བྱ་བ་མེད་ཀྱི་ཇི་ལྟར་མཐོང་བ་ནི་གོམས་པར་བྱེད་
445	terminal-particle	33		དེས་ཀྱང་ལམ་ལ་རྗེས་སུ་ཤེས་པའི་བཟོད་པ་མ་མཐོང་བ་མཐོང་བ་མ་ཡིན་ནམ་ཞེ་ན། བདེན་པའི་ཕྱིར
446	terminal-particle	32		སྐད་ཅིག་མ་གཅིག་མ་མཐོང་བས་ནི་བདེན་པ་མ་མཐོང་བ་མ་ཡིན་ཏེ། དཔེར་ན་ཉག་མ་གཅིག་མ་བརྔས་པས
447	terminal-particle	45		འབྲས་བུ་ཡིན་པའི་ཕྱིར་དང་། ཤེས་པ་བརྒྱད་དང་རྣམ་པ་བཅུ་དྲུག་ཐོབ་པའི་ཕྱིར་དང་། ལམ་སྔ་
448	terminal-particle	21		ཡོངས་སུ་མ་ཉམས་པ་ནི་མཐོང་བས་སྤང་བར་བྱ་བའི་སྤངས་པ་ཡང་དག་པར་འཛིན་པའི་ཕྱིར་རོ། །
449	terminal-particle	21		གལ་ཏེ་དེ་ཉིད་ཀྱི་ཕྱིར་མཐོང་བའི་ལམ་ཡིན་ཞེ་ན། མ་ཡིན་ཏེ། ཧ་ཅང་ཐལ་བར་འགྱུར་པའི་ཕྱིར་
450	terminal-particle	39		ཅིའི་ཕྱིར་ཤེས་པ་བདུན་མཐོང་བའི་ལམ་ཡིན་ཞེ་ན། མཐོང་བ་མ་རྫོགས་པའི་ཕྱིར་ཏེ། བདེན་པ་མཐ
451	terminal-particle	14		མཐོང་བའི་ལམ་དང་བསྒོམ་པའི་ལམ་ཇི་ལྟར་སྐྱེ་བ་བཤད་ཟིན་ཏོ། །
452	line-end	41		ད་ནི་ཇི་ལྟར་ན་འཕགས་པའི་ལམ་སྐྱེས་པའི་གང་ཟག་རྣམས་རྣམ་པར་གཞག་པ་དེ་བཞིན་དུ་བཤད་པར་བྱ
453	verse-stanza	13		དབང་པོ་རྣོ་རྟུལ་དེ་དག་ཏུ། །↵དད་དང་ཆོས་ཀྱིས་རྗེས་འབྲང་བ། །
454	terminal-particle	23		ཡིན་པར་རིག་པར་བྱ་སྟེ། དབང་པོ་རྟུལ་པོ་དེ་དག་ལ་གནས་པ་ནི་དད་པས་རྗེས་སུ་འབྲང་བ་ཞེས་བ
455	terminal-particle	13		དབང་པོ་རྣོན་པོ་ནི་ཆོས་ཀྱིས་རྗེས་སུ་འབྲང་བ་ཞེས་བྱའོ། །
456	terminal-particle	13		དད་པས་རྗེས་སུ་འབྲང་བས་ན་དད་པས་རྗེས་སུ་འབྲང་བའོ། །
457	terminal-particle	37		དེ་འདི་ལ་ཡོད་པས་སམ། འདི་དད་པས་རྗེས་སུ་འབྲང་བའི་ངང་ཚུལ་ཅན་ཡིན་པས་ན་དད་པས་རྗེས་སུ་
458	terminal-particle	29		ཆོས་ཀྱིས་རྗེས་སུ་འབྲང་བ་ཡང་དེ་དང་འདྲ་སྟེ། སྔོན་བདག་ཉིད་ཁོ་ནས་མདོ་ལ་སོགས་པའི་ཆོས་
459	line-end	3		དེ་གཉིས་ནི།
460	verse-stanza	13		བསྒོམ་པས་སྤང་བྱ་མ་སྤངས་ན། །↵འབྲས་བུ་དང་པོ་ལ་ཞུགས་པ། །
461	terminal-particle	17		འབྲས་བུ་རྣམས་ཀྱི་དང་པོ་ནི་འབྲས་བུ་དང་པོ་སྟེ། རྒྱུན་དུ་ཞུགས་པའི་འབྲས་བུའོ། །
462	terminal-particle	17		དེ་ནི་འབྲས་བུ་ཐོབ་པར་བྱ་བ་ཐམས་ཅད་ཀྱི་དང་པོ་ཡིན་པའི་ཕྱིར་རོ། །
463	terminal-particle	53		དད་པ་དང་ཆོས་ཀྱིས་རྗེས་སུ་འབྲང་བ་དེ་དག་ཉིད་གལ་ཏེ་སྔོན་འཇིག་རྟེན་པའི་ལམ་གྱིས་བསྒོམ
464	terminal-particle	50		རྣམ་ལྔའི་བར་བཅོམ། གལ་ཏེ་སྔོན་འཇིག་རྟེན་པའི་ལམ་གྱིས་བསྒོམས་ཏེ་སྤང་བར་བྱ་བ་འདོད་པ་
465	ordinal-open	3		གཉིས་པ་ལ།
466	ordinal-open	7		དགུ་པ་ཚུན་ཆད་ཟད་པ་ཡིན། །
467	ordinal-open	44		གཉིས་པ་ལ་ཞེས་བྱ་བ་ནི་གཉིས་པའི་ཕྱིར་ཏེ། གལ་ཏེ་དེ་གཉིས་ཀྱིས་དེ་ཡན་ཆད་རྣམ་པ་དྲུག་གམ
468	ordinal-open	5		གཉིས་པ་གང་ཞེ་ན།
469	verse-stanza	19		ལན་ཅིག་ཕྱིར་འོང་བའི་འབྲས་བུའོ། །↵འདོད་པའམ་ཡང་ན་གོང་མ་ལས། །↵ཆགས་བྲལ་གསུམ་པ་ལ་ཞུགས
470	line-end	55		གལ་ཏེ་རྣམ་པ་དགུ་པ་ཡང་སྤངས་པའི་ཕྱིར་འདོད་པའི་ཁམས་ལས་འདོད་ཆགས་དང་བྲལ་བ་ཞིག་ཡིན་ནམ།
471	verse-stanza	18		ཕྱིར་མི་འོང་བའི་འབྲས་བུའོ། །↵གང་ཞིག་གང་ལ་ཞུགས་པ་ནི། །↵བཅུ་དྲུག་པ་ལ་དེ་འབྲས་གནས། 
472	terminal-particle	27		སེམས་བཅུ་དྲུག་པ་སྐྱེས་ན་དེ་གཉིས་དད་པ་དང་ཆོས་ཀྱིས་རྗེས་སུ་འབྲང་བ་ཞེས་ཀྱང་མི་བྱ་ལ།
473	terminal-particle	54		འོ་ན་ཅི་ཞེ་ན། འབྲས་བུ་ལ་གནས་པ་དག་ཡིན་ཏེ། གང་ཞིག་རྒྱུན་དུ་ཞུགས་པའི་འབྲས་བུ་འམ། ལན
474	terminal-particle	45		དགྲ་བཅོམ་པ་ཉིད་ནི་དང་པོ་ཉིད་དུ་ཐོབ་པར་མི་ནུས་ཏེ། མཐོང་བའི་ལམ་གྱིས་བསྒོམ་པས་སྤང་བ
475	terminal-particle	36		དེའི་ཚེ་དབང་པོ་རྣོ་རྟུལ་དག །དད་པས་མོས་དང་མཐོང་བས་ཐོབ། ། དེའི་ཚེ་དབང་པོ་རྟུལ་པོ་ས
476	terminal-particle	40		དབང་པོ་རྣོན་པོ་སྔོན་ཆོས་ཀྱིས་རྗེས་སུ་འབྲང་བ་གང་ཡིན་པ་དེ་ནི་མཐོང་བས་ཐོབ་པ་ཞེས་བྱ་
477	line-end	37		ཅིའི་ཕྱིར་རྣམ་པ་ལྔ་སྤངས་ཀྱང་སེམས་བཅུ་དྲུག་པ་ལ་རྒྱུན་དུ་ཞུགས་པ་ཁོ་ན་ཞེས་བྱ་ལ། ལན་
478	verse-stanza	25		འབྲས་ཐོབ་འབྲས་བུའི་ཁྱད་པར་གྱིས། །↵ལམ་ཐོབ་མེད་པས་དེ་ཡི་ཕྱིར། །↵འབྲས་གནས་ཁྱད་པར་བྱ
479	terminal-particle	21		འབྲས་བུ་ཐོབ་ན་འབྲས་བུ་ཁྱད་པར་ཅན་གྱི་ལམ་མི་འཐོབ་བོ་ཞེས་བྱ་བ་འདི་ནི་ངེས་སོ། །
480	terminal-particle	48		དེ་ལྟ་བས་ན་འབྲས་བུ་ལ་གནས་པ་ཇི་སྲིད་དུ་ཁྱད་པར་དུ་བྱ་བའི་ཕྱིར་འབྲས་བུ་གཞན་ཐོབ་པར་བ
481	terminal-particle	38		གང་ཞིག་བསམ་གཏན་གསུམ་པ་ལས་འདོད་ཆགས་དང་བྲལ་ལ། ས་འོག་མ་ལ་བརྟེན་ཏེ་ངེས་པར་འཇུག་པ་དེ་
482	terminal-particle	21		དེ་ལྟ་མ་ཡིན་ན་དེའི་གོང་དུ་སྐྱེས་པ་དེ་བདེ་བའི་དབང་པོ་དང་མི་ལྡན་པར་འགྱུར་རོ། །
483	terminal-particle	32		རེ་ཞིག་ཕལ་ཆེར་ལས་དང་འདོད་པ་ལས་འདོད་ཆགས་དང་བྲལ་བ་རྣམས་ཀྱིས་ངེས་པར་འཇུག་པའི་གང་ཟག་
484	terminal-particle	17		མཐར་གྱིས་འཇུག་པ་བརྗོད་པར་བྱ་སྟེ། དེའི་ཕྱིར་རེ་ཞིག་འདི་རྣམ་པར་གཞག་པར་བྱའོ། །
485	line-end	20		ཇི་ལྟར་འདོད་པའི་ཁམས་ཀྱི་ཉོན་མོངས་པ་རྣམ་པ་དགུ་པོ་དེ་དག་བསྟན་པ་དེ་བཞིན་དུ།
486	verse-stanza	12		ས་དང་ས་ན་ཉེས་རྣམ་དགུ། །↵སྲིད་པའི་རྩེ་མོའི་བར་དུའོ། །
487	terminal-particle	45		ཉེས་པ་རྣམས་ཇི་ལྟ་བ་དེ་བཞིན་དུ་ཡང་ཡོན་ཏན་རྣམས་ས་དང་ས་ན་དེའི་གཉེན་པོ་བར་ཆད་མེད་པའི
488	line-end	6		ཇི་ལྟར་བྱས་པས་ཤེ་ན།
489	verse-stanza	24		ཆུང་དང་འབྲིང་དང་ཆེ་རྣམས་ཀྱི། །↵ཆུང་ངུ་ལ་སོགས་ཐ་དད་ཕྱིར། །↵རྩ་བའི་རྣམ་པ་གསུམ་སྟེ།
490	terminal-particle	68		དེ་དག་རེ་རེ་ཞིང་ཡང་ཆུང་ངུ་དང་འབྲིང་དང་ཆེན་པོ་ཉིད་ཀྱིས་རྣམ་པ་གསུམ་ཡིན་པའི་ཕྱིར་དག
491	line-end	36		དེ་ལ་ལམ་ཆུང་ངུའི་ཆུང་ངུས་ནི་ཉོན་མོངས་པ་ཆེན་པོའི་ཆེན་པོ་སྤོང་ལ། དེ་བཞིན་དུ་ལམ་ཆེན
492	ordinal-open	28		དང་པོ་ཁོ་ནར་ལམ་ཆེན་པོ་མི་སྲིད་པའི་ཕྱིར་དང་། ལམ་ཆེན་པོ་སྐྱེས་པ་ལ་ཉོན་མོངས་པ་ཆེན་པ
493	terminal-particle	44		གོས་ལ་དྲི་མ་ཆེ་ལོང་ནི་སྔར་འཁྲུ་ལ་ཕྲ་མོ་ནི་ཕྱིས་འཁྲུ་བ་དང་། མུན་པ་ཆེ་ལོང་ནི་སྣང་བ
494	terminal-particle	86		འཕགས་པའི་ལམ་སྐད་ཅིག་མ་ཆུང་ངུས་ཀྱང་འཁོར་བ་ཐོག་མ་མེད་པ་ནས་བརྒྱུད་པས་སྤེལ་བའི་ཉོན་མ
495	line-end	14		དེ་ལྟར་ཉོན་མོངས་པ་རྣམས་པ་དགུ་པོ་དེ་དག་ཐམས་ཅད་དུ།
496	verse-stanza	13		འབྲས་གནས་བསྒོམ་སྤང་བྱ་མ་ཟད། །↵རེ་ལྟར་ཐོགས་ན་ལན་བདུན་པ། །
497	terminal-particle	43		འབྲས་བུ་ལ་གནས་པ་གང་ཞིག་གིས། བསྒོམ་པས་སྤང་བར་བྱ་བའི་ཉོན་མོངས་པ་གཅིག་ཀྱང་མ་སྤངས་པ་
498	terminal-particle	24		ཐམས་ཅད་དུ་ནི་ལན་བདུན་པ་མ་ཡིན་པས་རེ་ལྟར་ཐོགས་ན་ཞེས་བྱ་བ་ནི་ཐམས་ཅད་ཀྱི་ཐ་ཤལ་བའོ། །
499	quote-open	2		མདོ་ལས།
500	line-end	27		མཆོག་ཏུ་ཐོགས་ན་ལན་བདུན་པ་ཞེས་འབྱུང་བ་ནི་དེ་མཆོག་ཏུ་ཐོགས་ན་སྐྱེ་བ་ལན་བདུན་པ་ཞེས་བ
501	verse-stanza	22		མཆོག་ཅེས་བྱ་བའི་སྒྲ་ནི་རབ་ཏུའོ། །↵མྱ་ངན་ལས་འདས་པའི་རྒྱུན་ནི་ལམ་སྟེ།↵དེས་ན་དེར་འག
502	terminal-particle	16		འདི་ནི་དེར་ཞུགས་ཤིང་ཕྱིན་ལ་སོན་པས་ན་རྒྱུན་དུ་ཞུགས་པ་ཡིན་ནོ། །
503	terminal-particle	24		ཇི་ལྟར་ན་ཞུགས་པ་ཡིན། གལ་ཏེ་ལམ་དང་པོ་ཐོབ་པའི་ཕྱིར་རོ་ཞེ་ན་ནི་བརྒྱད་པ་ཡང་ཡིན་པར་འག
504	terminal-particle	38		གལ་ཏེ་འབྲས་བུ་དང་པོ་ཐོབ་པའི་ཕྱིར་རོ་ཞེ་ན་ནི་ཕལ་ཆེར་ལས་འདོད་ཆགས་དང་བྲལ་བ་ཡང་ཡིན་པ
505	terminal-particle	18		འབྲས་བུ་ཐམས་ཅད་ཐོབ་པའི་དབང་དུ་བྱས་ནས་འབྲས་བུ་དང་པོ་ཐོབ་པའི་ཕྱིར་རོ། །
506	terminal-particle	50		ཅིའི་ཕྱིར་དེ་ཁོ་ན་ཡིན་ལ་བརྒྱད་པ་ནི་མ་ཡིན་ཞེ་ན། ལམ་ལ་རྗེས་སུ་ཤེས་པ་ལ་ནི་ཞུགས་པ་དང
507	terminal-particle	52		བྱེ་བྲག་ཏུ་སྨྲ་བ་རྣམས་ན་རེ་དེ་ནི་དེ་ལས་གཞན་པ་སྐྱེ་བའི་སྲིད་པ་བདུན་དང་སྲིད་པ་བར་མ
508	terminal-particle	18		དེ་ལྟར་ན་སྲིད་པ་ཉི་ཤུ་རྩ་བརྒྱད་ཀྱི་བར་དུ་ཉིང་མཚམས་སྦྱོར་བར་བྱེད་དོ། །
509	terminal-particle	38		སྲིད་པ་བདུན་ཚན་དུ་འདྲ་བའི་ཕྱིར་མཆོག་ཏུ་ཐོགས་ན་ལན་བདུན་པ་ཞེས་བཤད་དེ། གནས་བདུན་ལ་མ
510	quote-open	5		འོ་ན་གང་མདོ་ལས།
511	terminal-particle	49		གང་ཟག་ལྟ་བ་ཕུན་སུམ་ཚོགས་པ་སྲིད་པ་བརྒྱད་པ་མངོན་པར་འགྲུབ་པ་གང་ཡིན་པ་དེ་ནི་གནས་མ་ཡི
512	terminal-particle	19		འོན་ཏེ་སྒྲ་ཇི་བཞིན་དུ་བརྟགས་ན་ནི་སྲིད་པ་བར་མ་ཡང་ཡོད་པར་མི་འགྱུར་རོ། །
513	terminal-particle	41		དེ་ལྟ་ན་ཡང་སྲིད་པའི་རྩེ་མོའི་བར་དུ་གོང་དུ་འཕོ་བ་འགྲོ་བ་གཅིག་ཏུ་སྐྱེ་བའི་སྲིད་པ་བ
514	terminal-particle	90		འདི་ལ་ཤེས་པར་བྱེད་པ་མདོའམ་རིགས་པ་ཅི་ཞིག་ཡོད། ལྷ་དང་མི་དག་གི་ནང་ནས་སོར་ལན་བདུན་སྐ
515	terminal-particle	52		གང་ཞིག་མི་དག་གི་ནང་དུ་རྒྱུན་དུ་ཞུགས་པར་གྱུར་པ་དེ་ནི་དེ་ཁོ་ནར་འོངས་ནས་ཡོངས་སུ་མྱ་
516	terminal-particle	26		ཅིའི་ཕྱིར་སྲིད་པ་བརྒྱད་པ་མངོན་པར་མི་འགྲུབ་ཅེ་ན། དུས་དེ་སྲིད་ཀྱིས་གདོན་མི་ཟ་བར་རྒ
517	terminal-particle	21		ལམ་དེ་ནི་དེ་འདྲ་སྟེ། སྦྲུལ་གོམ་པ་བདུན་པས་ཟིན་པ་ལྟ་བུ་དང་། རིམས་ཉིན་བཞི་པ་བཞིན་ནོ
518	terminal-particle	26		ཀུན་ཏུ་སྦྱོར་བ་བདུན་པོ་ཐ་མའི་ཆ་དང་མཐུན་པ་གཉིས་དང་། གོང་མའི་ཆ་དང་མཐུན་པ་ལྔ་ལུས་པའ
519	terminal-particle	34		བར་སྐབས་སུ་ཡང་འཕགས་པའི་ལམ་མངོན་དུ་བྱེད་ཅིང་ཡོངས་སུ་མྱ་ངན་ལས་མི་འདའ་སྟེ། དེ་སྲིད་
520	terminal-particle	22		སངས་རྒྱས་འབྱུང་བ་མེད་ན་ཁྱིམ་པ་ཁོ་ནར་དགྲ་བཅོམ་པ་ཉིད་འཐོབ་ན་ཁྱིམ་ན་ནི་མི་གནས་སོ། །
521	terminal-particle	13		ཆོས་ཉིད་ཀྱིས་འཐོབ་པའི་དགེ་སློང་གི་མཚན་མ་ཡང་འཐོབ་བོ། །
522	terminal-particle	13		གཞན་དག་ན་རེ། །དགེ་སྦྱོང་གཞན་གྱི་མཚན་མས་སོ་ཞེས་ཟེར་རོ། །
523	terminal-particle	56		ཅིའི་ཕྱིར་ལོག་པར་ལྟུང་བའི་ཆོས་ཅན་མ་ཡིན་ཞེ་ན། །དེར་འགྲོ་བའི་ལས་མི་སོགས་པའི་ཕྱིར་ད
524	terminal-particle	18		ངན་སོང་དུ་ངེས་པའི་ལས་ཡོད་ན་ནི་དེས་བཟོད་པ་ཡང་བསྐྱེད་པར་མི་འགྱུར་རོ། །
525	terminal-particle	88		འདིར་སྨྲས་པ། མི་མཁས་པས་ནི་སྡིག་པ་ཆུང་ངུ་བྱས་ཀྱང་འོག་ཏུ་འགྲོ། །མཁས་པས་ཆེན་པོ་བྱས་
526	terminal-particle	11		ཡང་ན་མཐའ་ནི་མྱ་ངན་ལས་འདས་པ་ཡིན་ནོ། །
527	terminal-particle	36		མྱ་ངན་ལས་འདས་པ་ཇི་ལྟར་བྱེད་ཅེ་ན། དེ་འཐོབ་པའི་བགེགས་བསལ་བའི་ཕྱིར་ཏེ་དཔེར་ན་སྨྲ་བ་
528	terminal-particle	18		མཆོག་ཏུ་ཐོགས་ན་ལན་བདུན་པ་གཞན་ཡང་ཡོད་མོད་ཀྱི་མ་ངེས་པས་མི་བརྗོད་དོ། །
529	line-end	29		རེ་ཞིག་འབྲས་བུ་ལ་གནས་པ་བསྒོས་པས་སྤང་བར་བྱ་བ་མ་ཟད་པ་མཆོག་ཏུ་ཐོགས་ན་ལན་བདུན་པ་ནི་ད
530	verse-stanza	13		རྣམ་གསུམ་རྣམ་བཞི་ལས་གྲོལ་བ། །↵ཚེ་གཉིས་གསུམ་དུ་རིགས་ནས་རིགས། །
531	terminal-particle	36		རྒྱུན་དུ་ཞུགས་པ་དེ་ཉིད་རྒྱུ་གསུམ་གྱིས་ན་རིགས་ནས་རིགས་སུ་སྐྱེ་བ་ཡིན་ཏེ། ཉོན་མོངས་
532	terminal-particle	17		དབང་པོ་ལྔས་ནི་དེའི་གཉེན་པོ་ཟག་པ་མེད་པའི་དབང་པོ་ཐོབ་པའི་ཕྱིར་རོ། །
533	terminal-particle	12		སྐྱེ་བ་ལས་ནི་ཚེ་གཉིས་སམ་གསུམ་ལུས་པའི་ཕྱིར་རོ། །
534	terminal-particle	41		ཚིགས་སུ་བཅད་པའི་ནང་དུ་གཉིས་ཤིག་སྨོས་པ་ནི། རྒྱུན་དུ་ཞུགས་པ་ཕྱིས་ཉོན་མོངས་པ་སྤོང་བ
535	terminal-particle	24		སྐྱེ་བ་ནི་གལ་ཏེ་གོང་མའི་སྐལ་བ་དང་ལྡན་པའི་ཕྱིར་ཆེས་ཉུང་ངུར་ཡང་འགྱུར་བས་དེའི་ཕྱིར་
536	terminal-particle	51		ཅིའི་ཕྱིར་རྣམ་པ་ལྔ་སྤངས་པའི་ཕྱིར་མ་ཡིན་ཞེ་ན། དེ་སྤངས་ན་དྲུག་པ་ཡང་གདོན་མི་ཟ་བར་སྤ
537	terminal-particle	46		རིགས་ནས་རིགས་སུ་སྐྱེ་བ་དེ་ནི་རྣམ་པ་གཉིས་ཏེ། ལྷའི་རིགས་ནས་རིགས་སུ་སྐྱེ་བ་ནི་ལྷ་དག
538	line-end	34		མིའི་རིགས་ནས་རིགས་སུ་སྐྱེ་བ་ནི་མི་དག་གི་ནང་དུ་རིགས་གཉིས་སམ་གསུམ་དུ་འཁོར་ནས་གླིང་
539	verse-stanza	19		འབྲས་བུ་ལ་གནས་པ་དེ་ཉིད། །↵རྣམ་པ་ལྔ་ཡི་བར་བཅོམ་པ། །↵གཉིས་པ་ལ་ནི་ཞུགས་པ་ཡིན། །
540	line-end	31		འབྲས་བུ་ལ་གནས་པ་གང་གིས་རྣམ་པ་གཅིག་ནས་ལྔའི་བར་དུ་སྤངས་པ་ཡིན་ན་དེའི་འབྲས་བུ་གཉིས་པ
541	verse-stanza	13		རྣམ་པ་དྲུག་པ་ཟད་གྱུར་པ། །↵དེ་ནི་ལན་ཅིག་ཕྱིར་འོང་བ། །
542	terminal-particle	36		དེ་ནི་འབྲས་བུ་གཉིས་པ་ཐོབ་པ་ཡིན་ཏེ། ལྷ་དག་གི་ནང་དུ་སོང་ནས་མིའི་འཇིག་རྟེན་དུ་ལན་ཅི
543	line-end	24		འདོད་ཆགས་དང་ཞེ་སྡང་དང་གཏི་མུག་རྣམས་བསྲབས་པའི་ཕྱིར་ཞེས་འབྱུང་བ་ནི་ཆུང་ངུའི་རྣམ་པ་
544	verse-stanza	26		འབྲས་བུ་ལ་གནས་པ་དེ་ཉིད། །↵ཉིས་ཆ་བདུན་དང་བརྒྱད་ཟད་པ། །↵ཚེ་གཅིག་བར་ཆད་གཅིག་པ་དང་། 
545	terminal-particle	51		ཡང་ལན་ཅིག་ཕྱིར་འོང་བ་དེ་ཉིད་རྒྱུ་གསུམ་གྱིས་བར་ཆད་གཅིག་པ་ཡིན་པར་རིག་པར་བྱ་སྟེ། ཉོ
546	terminal-particle	42		ཇི་ལྟར་ན་འདིའི་རྣམ་པ་གཅིག་གིས་འབྲས་བུ་ལ་བགེགས་བྱེད་པར་ནུས་ཤེ་ན། ཁམས་ལས་འདའ་བའི་ཕ
547	terminal-particle	33		ལས་རྣམས་ཇི་ལྟ་བར་ཉོན་མོངས་པ་རྣམས་ཀྱང་དེ་དང་འདྲ་བར་རིག་པར་བྱ་སྟེ། རྣམ་པར་སྨིན་པ་ད
548	terminal-particle	10		བར་ཆད་ཅེས་བྱ་བ་ནི་བར་ཆད་བྱེད་པའོ། །
549	terminal-particle	44		དེའི་མྱ་ངན་ལས་འདའ་བ་ལ་ཚེ་གཅིག་གིས་ཆོད་པའི་ཕྱིར་རམ། ཕྱིར་མི་འོང་བའི་འབྲས་བུ་ལ་ཉོན
550	terminal-particle	21		རྣམ་པ་བདུན་དང་བརྒྱད་སྤངས་པ་དེ་ནི་འབྲས་བུ་གསུམ་པ་ལ་ཞུགས་པ་ཡིན་པར་རིག་པར་བྱའོ། །
551	line-end	8		སྔོན་རྣམ་པ་གསུམ་དང་བཞི་སྤངས་པའམ།
552	ordinal-open	43		བདུན་པ་དང་བརྒྱད་པ་སྤངས་པ་འབྲས་བུ་ཐོབ་པ་ནི་ཇི་སྲིད་དུ་འབྲས་བུ་ཁྱད་པར་ཅན་གྱི་ལམ་མང
553	terminal-particle	37		དེ་དགུ་ཟད་པས་ཕྱིར་མི་འོང་། །འབྲས་བུ་ལ་གནས་པ་དེ་ཉིད་རྣམ་པ་དགུ་སྤངས་པས་ཕྱིར་མི་འོང
554	line-end	37		ཀུན་ཏུ་སྦྱོར་བ་ཐ་མའི་ཆ་དང་མཐུན་པ་རྣམ་པ་ལྔ་སྤངས་པའི་ཕྱིར་ཞེས་འབྱུང་བ་ནི་སྤངས་པ་སྡ
555	verse-stanza	14		དེ་ནི་བར་སྐྱེས་འདུ་བྱེད་དང་། །↵འདུ་བྱེད་མེད་སྤངས་མྱ་ངན་འདའ། །
556	terminal-particle	47		གོང་དུ་འཕོ་བ་རྣམས་འདི་བར་མ་དོར་ཡོངས་སུ་མྱ་ངན་ལས་འདའ་བས་ན་བར་མ་དོར་ཡོངས་སུ་མྱ་ངན་
557	terminal-particle	36		ཕྱིར་མི་འོང་བ་དེ་ཉིད་རྣམ་པ་ལྔ་ཡིན་ཏེ། བར་མ་དོར་ཡོངས་སུ་མྱ་ངན་ལས་འདའ་བ་ནི་སྲིད་པ་
558	terminal-particle	50		སྐྱེས་ནས་ཡོངས་སུ་མྱ་ངན་ལས་འདའ་བ་ནི་སྐྱེས་པ་ཙམ་ལས་མི་འཆི་བར་ཕུང་པོའི་ལྷག་མ་དང་བཅས
559	terminal-particle	16		གཞན་དག་ན་རེ་དེ་ཡང་ཕུང་པོའི་ལྷག་མ་མེད་པས་སོ་ཞེས་ཟེར་རོ། །
560	terminal-particle	11		མ་ཡིན་ཏེ། ཚེ་འདོར་བ་ལ་དབང་མེད་པའི་ཕྱིར་རོ། །
561	terminal-particle	56		མངོན་པར་འདུ་བྱེད་པ་དང་བཅས་པས་ཡོངས་སུ་མྱ་ངན་ལས་འདའ་བ་ནི་སྐྱེས་ནས་སྦྱོར་བ་མ་བཏང་ཞི
562	terminal-particle	47		མངོན་པར་འདུ་བྱེད་པ་མེད་པར་ཡོངས་སུ་མྱ་ངན་ལས་འདའ་བ་ནི་མངོན་པར་འདུ་བྱེད་པ་མེད་པར་ཡོ
563	terminal-particle	28		གཞན་དག་ན་རེ་འདུས་བྱས་དང་འདུས་མ་བྱས་པ་ལ་དམིགས་པའི་ལམ་གྱིས་ཡོངས་སུ་མྱ་ངན་ལས་འདའ་བའ
564	terminal-particle	12		དེ་ནི་མི་རུང་སྟེ། ཧ་ཅང་ཐལ་བར་འགྱུར་བའི་ཕྱིར་རོ། །
565	terminal-particle	73		མདོ་ལས་ནི་མངོན་པར་འདུ་བྱེད་པ་མེད་པར་ཡོངས་སུ་མྱ་ངན་ལས་འདའ་བ་སྔར་འབྱུང་བས་དེ་ཁོ་ན་
566	terminal-particle	28		སྐྱེས་ནས་ཡོངས་སུ་མྱ་ངན་ལས་འདའ་བ་ནི་ལམ་ཆེས་ངང་གིས་འབྱུང་བ་དང་། ཆེས་ཆེ་བ་དང་། ཕྲ་ར
567	terminal-particle	39		གོང་དུ་འཕོ་བ་ནི་གང་དུ་སྐྱེས་པ་དེ་ཉིད་དུ་ཡོངས་སུ་མྱ་ངན་ལས་མི་འདའ་བར་གོང་དུ་འགྲོ་བ
568	terminal-particle	39		དེ་ནི་བསམ་གཏན་སྤེལ་ནས་འོག་མིན་འགྲོ། །གོང་དུ་འཕོ་བ་དེ་ནི་རྒྱུ་དང་འབྲས་བུའི་སྒོ་ནས
569	terminal-particle	17		འབྲས་བུའི་སྒོ་ནས་ནི་འོག་མིན་དང་སྲིད་པའི་རྩེ་མོ་ལ་ཐུག་པའི་ཕྱིར་རོ། །
570	terminal-particle	22		དེ་ལ་གང་གིས་བསམ་གཏན་སྤེལ་བ་དེ་ནི་འོག་མིན་དུ་སོང་ནས་ཡོངས་སུ་མྱ་ངན་ལས་འདས་པའོ། །
571	terminal-particle	109		དེ་འཕར་ཕྱེད་འཕར་ཐམས་ཅད་དུ། །འཆི་འཕོ་གོང་དུ་འཕོ་བ་འོག་མིན་གྱི་མཐར་ཐུག་པ་དེ་ཡང་འཕར
572	terminal-particle	39		ཕྱེད་དུ་འཕར་བ་ཞེས་བྱ་བ་ནི་དེ་ནས་གནས་གཙང་མ་རྣམས་སུ་སྐྱེས་ལ་བར་ནས་གནས་གཞན་འགའ་ཙམ་ཡ
573	terminal-particle	56		འཕགས་པ་ནི་ཚངས་ཆེན་པ་དག་གི་ནང་དུ་མི་སྐྱེ་སྟེ། ཅིའི་ཕྱིར་ཞེ་ན། ལྟ་བའི་གནས་ཡིན་པའི་
574	terminal-particle	32		ཕྱིར་མི་འོང་བ་ནི་ནམ་ཡང་སྐྱེ་བའི་སྐྱེ་མཆེད་དེ་ཉིད་དུ་ཚེ་གཉིས་པ་མངོན་པར་འགྲུབ་པར་མ
575	terminal-particle	29		འདི་ལྟར་ན་འདིའི་ཕྱིར་མི་འོང་བ་ཉིད་ཡོངས་སུ་རྫོགས་པ་ཡིན་ཏེ། གང་དུ་སྐྱེས་པ་དེ་འོག་ད
576	terminal-particle	20		རེ་ཞིག་བསམ་གཏན་སྤེལ་ནས་འོག་མིན་དུ་འགྲོ་བ་ནི་དེ་ལྟ་བུ་ཡིན་པར་རིག་པར་བྱའོ། །
577	line-end	66		དེ་ལས་གཞན་སྲིད་རྩེ་མོར་འགྲོ། །གོང་དུ་འཕོ་བ་བསམ་གཏན་མ་སྤེལ་བ་ནི་སྲིད་པའི་རྩེ་མོའི
578	verse-stanza	22		ཡོངས་སུ་མྱ་ངན་ལས་འདའ་བའོ། །↵འདི་ནི་ཞི་གནས་སྤྱད་པ་ཡིན་ནོ། །↵སྔ་མ་ནི་ལྷག་མཐོང་སྤྱད
579	terminal-particle	18		གོང་དུ་འཕོ་བ་བར་སྐབས་སུ་ཡང་ཡོངས་སུ་མྱ་ངན་ལས་འདའ་བར་རུང་བར་བལྟའོ། །
580	terminal-particle	36		འོག་མིན་དང་སྲིད་པའི་རྩེ་མོའི་མཐར་ཐུག་པ་ཉིད་ནི་ཕན་ཆད་དུ་འགྲོ་བ་མེད་པའི་ཕྱིར་ཏེ། ད
581	terminal-particle	18		རེ་ཞིག་དེ་དག་ནི་གཟུགས་སུ་ཉེ་བར་འགྲོ་བའི་ཕྱིར་མི་འོང་བ་ལྔ་ཡིན་ནོ། །
582	terminal-particle	43		གཞན་ནི་གཟུགས་མེད་འགྲོ་རྣམ་བཞི། །ཕྱིར་མི་འོང་བ་གཞན་ནི་གཟུགས་མེད་པར་ཉེ་བར་འགྲོ་བ་ས
583	terminal-particle	32		དེ་ཡང་སྐྱེས་ནས་ཡོངས་སུ་མྱ་ངན་ལས་འདའ་བ་ལ་སོགས་པའི་བྱེ་བྲག་གིས་རྣམ་པ་བཞི་སྟེ། དེ་ད
584	line-end	36		གཞན་ནི་འདི་ལ་མྱ་ངན་འདའ། །གཞན་ནི་ཚེ་འདི་ཁོ་ན་ལ་ཡོངས་སུ་མྱ་ངན་ལས་འདའ་སྟེ། མཐོང་བའི
585	verse-stanza	13		གསུམ་ལ་རྣམ་གསུམ་ཕྱི་ནས་སུ། །↵གཟུགས་སུ་ཉེར་འགྲོ་དགུར་བཤད་དོ། །
586	terminal-particle	26		ཕྱིར་མི་འོང་བ་གསུམ་ལ་ཡང་རྣམ་པ་གསུམ་དུ་ཕྱེ་བས་གཟུགས་སུ་ཉེ་བར་འགྲོ་བའི་ཕྱིར་མི་འོང
587	terminal-particle	24		གསུམ་པོ་གང་དག་ཅེ་ན། བར་མ་དོ་དང་སྐྱེས་ནས་ཡོངས་སུ་མྱ་ངན་ལས་འདའ་བ་དག་དང་། གོང་དུ་འཕ
588	terminal-particle	49		རྣམ་པ་གསུམ་དུ་ཕྱེ་བས་ཇི་ལྟ་བུ་ཞེ་ན། རེ་ཞིག་བར་མ་དོར་ཡོངས་སུ་མྱ་ངན་ལས་འདའ་བ་ནི་དཔ
589	terminal-particle	35		སྐྱེས་ནས་ཡོངས་སུ་མྱ་ངན་ལས་འདའ་བ་ནི་སྐྱེས་ནས་དང་། མངོན་པར་འདུ་བྱེད་པ་དང་། མངོན་པར
590	terminal-particle	27		དེ་དག་ཐམས་ཅད་ཀྱང་སྐྱེས་ནས་ཡོངས་སུ་མྱ་ངན་ལས་འདའ་བའི་ཕྱིར་སྐྱེས་ནས་ཡོངས་སུ་མྱ་ངན་ལ
591	terminal-particle	14		གོང་དུ་འཕོ་བ་ནི་འཕར་བ་ལ་སོགས་པའི་བྱེ་བྲག་གིས་སོ། །
592	line-end	29		ཡང་ན་གསུམ་པོ་ཐམས་ཅད་མྱུར་བ་དང་མྱུར་བ་མ་ཡིན་པ་དང་། ཡུན་རིང་མོ་ཞིག་ནས་ཡོངས་སུ་མྱ་ང
593	verse-stanza	13		དེ་དག་གི་ནི་ཁྱད་པར་རྣམས། །↵ལས་དབང་ཉོན་མོངས་བྱེ་བྲག་ལས། །
594	terminal-particle	82		ཕྱིར་མི་འོང་བ་གསུམ་དང་དགུ་པོ་དེ་དག་གི་ཁྱད་པར་ནི་ལས་དང་། ཉོན་མོངས་པ་དང་དབང་པོའི་བ
595	terminal-particle	34		དེ་ཉིད་ཀྱི་ཕྱིར་དེ་དག་སོ་སོའི་ཁྱད་པར་ཡང་ཅི་རིགས་པར་གསུམ་ཚན་དང་པོ་གཉིས་ནི་གོང་མ་བ
596	terminal-particle	43		གསུམ་ཚན་ཐ་མ་ནི་ལན་གྲངས་གཞན་ལ་མྱོང་བར་འགྱུར་བའི་ལས་ཀྱི་བྱེ་བྲག་ལས་ཀྱང་ཁྱད་པར་དུ་བ
597	line-end	18		འོ་ན་མདོ་ལས་སྐྱེས་བུ་དམ་པའི་འགྲོ་བ་བདུན་བསྟན་པ་ཇི་ལྟ་བུ་ཞེ་ན།
598	verse-stanza	13		གོང་དུ་འཕོ་བ་མ་ཕྱེ་བར། །↵དམ་པའི་འགྲོ་བ་བདུན་དུ་འདོད། །
599	terminal-particle	10		གོང་དུ་འགྲོ་བའི་ཆོས་ནི་གོང་དུ་འགྲོ་བའོ། །
600	quote-close	22		མདོ་ལས་ནི་དེ་མ་ཕྱེ་བར་བསྟན་པའི་ཕྱིར་མདོ་ལས་སྐྱེས་བུ་དམ་པའི་འགྲོ་བ་བདུན་ཞེས་གསུངས
601	terminal-particle	115		ཅིའི་ཕྱིར་འདི་དག་ཁོ་ན་སྐྱེས་བུ་དམ་པའི་འགྲོ་བ་ཡིན་ལ། སློབ་པའི་འགྲོ་བ་གཞན་དག་ནི་མ་
602	terminal-particle	88		འོ་ན་མདོ་ཁོ་ན་ལས་སྐྱེས་བུ་དམ་པ་གང་ཞེ་ན། སློབ་པའི་ཡང་དག་པའི་ལྟ་བ་དང་ལྡན་པའོ་ཞེས་ར
603	line-end	21		ཅི་ཕྱིར་མི་འོང་བ་ཚེ་ཡོངས་སུ་གྱུར་པ་ལ་ཡང་དབྱེ་བ་འདི་ཡོད་དམ་ཞེ་ན། མེད་དེ། འདི་ལྟར།
604	verse-stanza	13		འདོད་པར་ཚེ་ཡོངས་གྱུར་པའི་འཕགས། །↵ཁམས་གཞན་དུ་ནི་འགྲོ་བ་མེད། །
605	terminal-particle	38		འདོད་པའི་ཁམས་སུ་ཚེ་ཡོངས་སུ་གྱུར་པའི་འཕགས་པ་ནི་ཁམས་གཞན་དུ་མི་འགྲོ་སྟེ། ཚེ་འདི་ཉིད
606	terminal-particle	37		གཟུགས་ཀྱི་ཁམས་སུ་ཚེ་ཡོངས་སུ་གྱུར་པ་ནི་གལ་ཏེ་ན་གཟུགས་མེད་པའི་ཁམས་དག་ཏུ་ཡང་འཇུག་སྟ
607	line-end	70		འོ་ན་བརྒྱ་བྱིན་གྱིས། བདག་ནི་ཐ་མ་ཉམས་ན་ལྷ་གང་འོག་མིན་ཞེས། །རྣམ་པར་གྲགས་པ་དེ་ནི་སྐ
608	verse-stanza	13		དེ་དང་གོང་མར་སྐྱེས་པ་ནི། །↵ཡོངས་ཉམས་དབང་པོ་འཕོ་མི་བསྟེན། །
609	terminal-particle	38		འདོད་པའི་ཁམས་སུ་ཚེ་ཡོངས་སུ་གྱུར་པའི་འཕགས་པ་དེ་དང་། ཁམས་གོང་མར་སྐྱེས་པའི་འཕགས་པ་ན
610	terminal-particle	39		ཅིའི་ཕྱིར་འཕགས་པ་ཚེ་གཞན་དུ་ཡོངས་སུ་གྱུར་པ་གཟུགས་དང་གཟུགས་མེད་པར་འཇུག་པ་དང་། དབང་
611	terminal-particle	30		ཅིའི་ཕྱིར་མེད་ཅེ་ན། ཚེ་རབས་གཞན་ནས་ཡོངས་སུ་འདྲིས་པས་དབང་པོ་རྣམས་ཆེས་ཡོངས་སུ་སྨིན་
612	terminal-particle	48		ཡང་ཅིའི་ཕྱིར་སློབ་པ་འདོད་ཆགས་དང་མ་བྲལ་བ་བར་མ་དོར་ཡོངས་སུ་མྱ་ངན་ལས་འདའ་བར་མི་འགྱུ
613	terminal-particle	76		བྱེ་བྲག་ཏུ་སྨྲ་བ་རྣམས་ན་རེ་འདོད་པའི་ཁམས་ལས་འདའ་བར་དཀའ་བའི་ཕྱིར་ཏེ། འདིས་ཉོན་མོངས
614	terminal-particle	53		དེ་ནི་བསམ་གཏན་སྤེལ་ནས་འོག་མིན་འགྲོ། །ཞེས་བཤད་པ། ཡང་དང་པོ་ཉིད་དུ་བསམ་གཏན་གང་སྤེལ་
615	line-end	109		འདི་ལྟར་སྤེལ་བར་བྱེད་དེ། དགྲ་བཅོམ་པ་འམ་ཕྱིར་མི་འོང་བ་ཡང་རུང་སྟེ་ཟག་པ་མེད་པའི་བསམ
616	verse-stanza	14		འདི་ནི་སྤེལ་བའི་སྦྱོར་བ་ཡིན་ནོ། །↵སྐད་ཅིག་མ་ནི་བསྲེས་པས་འགྲུབ། །
617	line-end	86		བྱེ་བྲག་ཏུ་སྨྲ་བ་རྣམས་ན་རེ་གང་གི་ཚེ་ཟག་པ་མེད་པའི་སྐད་ཅིག་མའི་མཇུག་ཐོགས་སུ་ཟག་པ་ད
618	ordinal-open	15		གསུམ་པ་ནི་རྣམ་པར་གྲོལ་བའི་ལམ་ལྟ་བུ་ཡིན་ནོ་ཞེས་ཟེར་རོ། །
619	terminal-particle	45		དེ་ལྟར་བསམ་གཏན་བཞི་པ་སྤེལ་ནས། དེའི་སྟོབས་ཀྱིས་གཞན་དང་གཞན་དག་ཀྱང་སྤེལ་བར་བྱེད་དེ།
620	terminal-particle	37		སངས་རྒྱས་མ་གཏོགས་པས་སྐད་ཅིག་མ་སྤེལ་བར་མི་ནུས་ཏེ། དེའི་ཕྱིར་རྒྱུན་ཆགས་གསུམ་ལ་ཇི་ས
621	line-end	9		ཅིའི་ཕྱིར་བསམ་གཏན་སྤེལ་བར་བྱེད་ཅེ་ན།
622	verse-stanza	15		སྐྱེ་དང་གནས་པར་བྱ་ཕྱིར་དང་། །↵ཉོན་མོངས་པས་ནི་འཇིག་ཕྱིར་ཡང་། །
623	terminal-particle	42		རྒྱུ་གསུམ་གྱིས་ན་བསམ་གཏན་སྤེལ་བར་བྱེད་དེ། ཕྱིར་མི་འོང་བ་དབང་པོ་རྣོན་པོ་རྣམས་ནི་ག
624	terminal-particle	38		དབང་པོ་རྟུལ་པོ་རྣམས་ནི་ཉོན་མོངས་པས་འཇིགས་པའི་ཡང་ཕྱིར་ཏེ། རོ་མྱང་བ་དང་མཚུངས་པར་ལྡ
625	terminal-particle	21		དགྲ་བཅོམ་པ་དབང་པོ་རྣོན་པོ་རྣམས་ནི་མཐོང་བའི་ཆོས་ལ་བདེ་བར་གནས་པར་བྱ་བའི་ཕྱིར་རོ། །
626	terminal-particle	22		དབང་པོ་རྟུལ་པོ་རྣམས་ནི་ཉོན་མོངས་པས་འཇིགས་པའི་ཡང་ཕྱིར་ཏེ། ཡོངས་སུ་མི་ཉམས་པར་བྱ་བའ
627	line-end	69		ཡང་ཅིའི་ཕྱིར་གནས་གཙང་མར་སྐྱེ་བ་ལྔ་ཁོ་ན་ཡིན་ཞེ་ན། བསམ་གཏན་བཞི་པ་སྤེལ་མར་བསྒོམས་པར
628	ordinal-open	30		དང་པོ་ལ་ནི་ཟག་པ་མེད་པ་དང་ཟག་པ་དང་བཅས་པ་དང་ཟག་པ་དང་བཅས་པ་དང་པོ་དང་སེམས་གསུམ་མངོན་
629	ordinal-open	6		གཉིས་པ་ལ་ནི་དྲུག་གོ། །
630	ordinal-open	5		གསུམ་པ་ལ་ནི་དགུའོ། །
631	ordinal-open	6		བཞི་པ་ལ་བཅུ་གཉིས་སོ། །
632	ordinal-open	38		ལྔ་པ་ལ་ནི་བཅོ་ལྔ་སྟེ། དེ་དག་གི་འབྲས་བུ་ནི་གྲངས་བཞིན་དུ་གནས་གཙང་མ་ལྔ་ཡིན་ལ་དེ་ལ་ཟ
633	line-end	20		གཞན་དག་ན་རེ་དད་པའི་དབང་པོ་ལ་སོགས་པ་ལྷག་པའི་ཕྱིར་ལྔ་ཡིན་ནོ་ཞེས་ཟེར་རོ། །
634	verse-stanza	14		འགོག་པ་ཐོབ་པའི་ཕྱིར་མི་འོང་། །↵ལུས་ཀྱིས་མངོན་དུ་བྱེད་པར་འདོད། །
635	terminal-particle	52		འདི་ལ་འགོག་པའི་ཐོབ་པ་ཡོད་པས་ན་འགོག་པ་ཐོབ་པ་སྟེ། ཕྱིར་མི་འོང་བ་གང་ལ་ལ་འགོག་པ་ཐོབ་
636	terminal-particle	21		ཇི་ལྟར་ན་ལུས་ཀྱིས་མངོན་སུམ་དུ་བྱེད་ཅེ་ན། སེམས་མེད་པས་ལུས་ལ་བརྟེན་ཏེ་སྐྱེ་བའི་ཕྱི
637	terminal-particle	104		འདི་ལྟ་བུ་ཡིན་པར་འགྱུར་ཏེ། དེ་འགོག་པ་དེ་ལས་ལངས་ནས་གང་ལས་དེ་ནི་འདི་སྙམ་དུ་ཀྱེ་མ་འ
638	terminal-particle	26		མདོ་ལས་སློབ་པ་བཅོ་བརྒྱད་ཅེས་གསུངས་པ་དེར་ལུས་ཀྱིས་མངོན་དུ་བྱེད་པ་ཅིའི་ཕྱིར་མ་གསུང
639	terminal-particle	27		རྒྱུ་གང་ཞིག་ཡིན་ཞེ་ན། ཟག་པ་མེད་པའི་སློབ་པ་གསུམ་དང་དེའི་འབྲས་བུ་སྟེ། དེའི་ཁྱད་པར་
640	terminal-particle	34		འགོག་པའི་སྙོམས་པར་འཇུག་པ་ནི་སློབ་པ་ཡང་མ་ཡིན་ལ་སློབ་པའི་འབྲས་བུ་ཡང་མ་ཡིན་ཏེ། དེའི
641	terminal-particle	16		འདི་ནི་རེ་ཞིག་ཕྱིར་མི་འོང་བ་རྣམས་ཀྱི་དབྱེ་བ་ཆེ་ལོང་ཡིན་ནོ། །
642	terminal-particle	37		ཞིབ་ཏུ་དབྱེ་ན་ནི་སྟོང་ཕྲག་ཏུ་དབྱེ་བ་ཡོད་དེ། བར་མ་དོར་ཡོངས་སུ་མྱ་ངན་ལས་འདའ་བ་ལ་དབ
643	terminal-particle	8		དེ་དག་ཉིད་སའི་བྱེ་བྲག་གིས་བཞིའོ། །
644	terminal-particle	16		ཡོངས་སུ་ཉམས་པའི་ཆོས་ཅན་ལ་སོགས་པའི་རིགས་ཀྱི་བྱེ་བྲག་གིས་དྲུག་གོ། །
645	terminal-particle	9		གནས་གཞན་གྱི་བྱེ་བྲག་གིས་བཅུ་དྲུག་གོ། །
646	terminal-particle	41		ས་དང་འདོད་ཆགས་དང་བྲལ་བའི་བྱེ་བྲག་གིས་སུམ་ཅུ་རྩ་དྲུག་སྟེ། གཟུགས་ཀྱི་ཁམས་ཀྱི་འཆིང་
647	terminal-particle	35		གནས་གཞན་དང་རིགས་དང་འདོད་ཆགས་དང་བྲལ་བ་དང་དབང་པོའི་བྱེ་བྲག་གིས་ཉིས་སྟོང་ལྔ་བརྒྱ་དག
648	terminal-particle	36		རིགས་རེ་རེ་ལ་འཆིང་བ་མཐའ་དག་དང་ལྡན་པ་ནས་རང་གི་གནས་ཀྱི་རྣམ་པ་བརྒྱད་ལས་འདོད་ཆགས་དང་
649	terminal-particle	14		ལྔ་བཅུ་རྩ་བཞི་ཕྲག་བཅུ་དྲུག་ནི་བརྒྱད་བརྒྱ་དྲུག་ཅུ་རྩ་བཞིའོ། །
650	terminal-particle	13		ཡང་དབང་པོའི་བྱེ་བྲག་གིས་སུམ་འགྱུར་ཏེ། དེ་ལྟར་བྱས་པས་སོ། །
651	terminal-particle	36		འདྲ་བར་རྩེ་བའི་ཕྱིར་བསམ་གཏན་འོག་མའི་རྣམ་པ་དགུ་ལས་འདོད་ཆགས་དང་བྲལ་བ་གང་ཡིན་པ་དེ་ན
652	line-end	41		བར་མ་དོར་ཡོངས་སུ་མྱ་ངན་ལས་འདའ་བ་ཇི་ལྟ་བར་གོང་དུ་འཕོ་བའི་བར་དུ་ཡང་དེ་དང་འདྲ་བས་ཐམ
653	verse-stanza	13		སྲིད་རྩེའི་བར་ཆ་བརྒྱད་ཟད་པ། །↵དགྲ་བཅོམ་ཉིད་ལ་ཞུགས་པ་ཡིན། །
654	terminal-particle	52		ཕྱིར་མི་འོང་བ་ཞེས་བྱ་བའི་དབང་དུ་བྱས་པ་སྟེ། ཡང་ཕྱིར་མི་འོང་བ་དེ་བསམ་གཏན་དང་པོའི་ར
655	terminal-particle	40		དགུ་ཡི་བར་ཆད་མེད་ལམ་ཡང་། ། དེ་སྲིད་པའི་རྩེ་མོའི་རྣམ་པ་དགུ་པ་སྤོང་བར་བྱེད་པའི་བར་
656	terminal-particle	33		དེ་ནི་རྡོ་རྗེ་ལྟ་བུ་ཡིན། །བར་ཆད་མེད་པའི་ལམ་དེ་ནི་ཕྲ་རྒྱས་ཐམས་ཅད་འཇོམས་པར་བྱེད་པ་
657	terminal-particle	37		བཅོམ་ཟིན་པའི་ཕྱིར་འདིས་ཐམས་ཅད་འཇོམས་པ་ནི་མ་ཡིན་གྱི། བར་ཆད་མེད་པའི་ལམ་ཐམས་ཅད་ཀྱི་
658	terminal-particle	145		རྡོ་རྗེ་ལྟ་བུ་རྣམས་ཀྱི་བྱེ་བྲག་ནི་རྣམ་པ་མང་པོ་ཞིག་ཏུ་བརྗོད་དེ། མི་ལྕོགས་པ་མེད་པས
659	terminal-particle	27		དེ་དག་ནི་ཤེས་པའི་དམིགས་པ་དང་རྣམ་པའི་བྱེ་བྲག་གིས་ཐ་དད་པའི་ཕྱིར་རྡོ་རྗེ་ལྟ་བུ་ལྔ་བ
660	terminal-particle	22		མི་ལྕོགས་པ་མེད་པས་བསྡུས་པ་ཇི་ལྟ་བར་བསམ་གཏན་བཞི་པས་བསྡུས་པའི་བར་དག་ཀྱང་དེ་དང་འདྲའ
661	terminal-particle	58		ནམ་མཁའ་དང་རྣམ་ཤེས་མཐའ་ཡས་དང་ཅི་ཡང་མེད་པའི་སྐྱེ་མཆེད་ཀྱིས་བསྡུས་པ་རྣམས་ནི་གྲངས་བཞ
662	terminal-particle	19		ས་འོག་མིའི་གཉེན་པོ་ལ་དམིགས་པ་ནི་ཡོད་དེ། དེ་ནི་ཕན་ཚུན་དུ་རྒྱུ་བའི་ཕྱིར་རོ། །
663	terminal-particle	61		གང་དག་ལམ་ལ་རྗེས་སུ་ཤེས་པ་ཡང་ས་རེ་རེའི་གཉེན་པོ་ལ་དམིགས་པ་ཡིན་པར་འདོད་པ་དེ་དག་གི་ལ
664	terminal-particle	29		ནམ་མཁའ་མཐའ་ཡས་སྐྱེ་མཆེད་ལ་སོགས་པ་དག་ནི་གོ་རིམས་བཞིན་དུ་བཞི་བཅུ་དང་། སུམ་ཅུ་རྩ་གཉ
665	terminal-particle	14		ཡང་རིགས་དང་དབང་པོའི་བྱེ་བྲག་གིས་ནི་ཆེས་མང་བ་ཡིན་ནོ། །
666	terminal-particle	65		གང་སྲིད་པའི་རྩེ་མོའི་རྣམ་པ་དགུ་པར་བཤད་པ་རྡོ་རྗེ་ལྟ་བུས་སྤངས་པ་གང་ཡིན་པ། དེ་ཟད་ཐོ
667	terminal-particle	30		དེ་ཉིད་ཀྱི་ཕྱིར་དེ་ནི་དང་པོ་ཉིད་དུ་ཟག་པ་ཐམས་ཅད་ཟད་པའི་ཐོབ་པ་དང་ལྷན་ཅིག་སྐྱེ་བའི་
668	terminal-particle	52		དེ་ཚེ་དེ་མི་སློབ་དགྲ་བཅོམ། །ཡང་དགྲ་བཅོམ་པ་ཉིད་ལ་ཞུགས་པ་དེ་ཟད་པ་ཤེས་པ་སྐྱེ་ནས་མི་
669	terminal-particle	33		དེ་ཉིད་ཀྱི་ཕྱིར་དེ་ནི་གཞན་གྱི་དོན་བྱེད་པར་འོས་པའི་ཕྱིར་དང་། འདོད་ཆགས་དང་བཅས་པ་ཐམ
670	terminal-particle	78		གང་ཟག་སྔར་བཤད་པ་གཞན་བདུན་ནི་སློབ་པ་དག་ཡིན་ནོ་ཞེས་བྱ་བར་གྲུབ་པོ། །ཅིའི་ཕྱིར་དེ་དག
671	terminal-particle	38		སོ་སོའི་སྐྱེ་བོ་ཡང་སློབ་པ་ཡིན་པར་འགྱུར་རོ་ཞེ་ན། མ་ཡིན་ཏེ། བདེན་པ་ཡང་དག་པ་ཇི་ལྟ་བ
672	quote-open	38		དེ་ཉིད་ཀྱི་ཕྱིར་ཅི་ནས་ཀྱང་གང་ཞིག་སློབ་པ་དེ་ཁོ་ན་སློབ་པ་ཡིན་གྱི་སློབ་པ་འདོར་བ་ནི་
673	terminal-particle	25		ཞི་བྱེད་བསླབ་པ་ལ་སློབ་ཅིང་། །བསླབ་པ་ལ་སློབ་པས་ནི་དེའི་ཕྱིར་སློབ་པ་ཞེས་བྱའོ་ཞེས་ལ
674	line-end	21		འཕགས་པ་རང་བཞིན་དུ་གནས་པ་ཇི་ལྟར་སློབ་པའི་ངང་ཚུལ་ཅན་ཡིན་ཞེ་ན། བསམ་པའི་སྒོ་ནས་ཏེ།
675	verse-stanza	31		ལམ་དུ་འགྲོ་བ་གནས་པ་བཞིན་ནོ། །↵ཐོབ་པ་དང་རྗེས་སུ་འབྲེལ་བའི་ཡང་ཕྱིར་རོ། །↵ཡང་སློབ་པ
676	verse-stanza	15		མི་སློབ་པ་རྣམས་གང་ཞེ་ན།↵མི་སློབ་པའི་ཟག་པ་མེད་པ་རྣམས་སོ། །
677	terminal-particle	29		ཅིའི་ཕྱིར་མྱ་ངན་ལས་འདས་པ་སློབ་པ་མ་ཡིན་ཞེ་ན། མི་སློབ་པ་དང་སོ་སོའི་སྐྱེ་བོ་གཉི་ག་ཡ
678	terminal-particle	24		ཅིའི་ཕྱིར་མི་སློབ་པ་མ་ཡིན་ཞེ་ན། སློབ་པ་དང་སོ་སོའི་སྐྱེ་བོ་གཉི་ག་ཡང་དེ་དང་ལྡན་པའི
679	line-end	67		དེ་དག་ཐམས་ཅད་ནི་ཞུགས་པ་བཞི་དང་འབྲས་བུ་ལ་གནས་པ་བཞི་དང་། འཕགས་པའི་གང་ཟག་བརྒྱད་ཁོ་ན
680	verse-stanza	18		དགྲ་བཅོམ་པའི་བར་ཡིན་ནོ། །↵མིང་གི་སྒོ་ནས་ནི་བརྒྱད་ཡིན་ནོ། །↵རྫས་སུ་ནི་ལྔ་ཡིན་ཏེ།
681	terminal-particle	11		ཞུགས་པ་དང་པོ་དང་འབྲས་བུ་ལ་གནས་པ་བཞིའོ། །
682	terminal-particle	19		ཞུགས་པ་ལྷག་མ་རྣམས་ནི་འབྲས་བུ་ལ་གནས་པ་གསུམ་ལས་ཐ་མི་དད་པའི་ཕྱིར་རོ། །
683	terminal-particle	61		མཐར་གྱིས་འཐོབ་པའི་ཕྱིར་དེ་སྐད་ཅེས་བཤད་ཀྱི། ཕལ་ཆེར་དང་འདོད་པ་ལས་འདོད་ཆགས་དང་བྲལ་བ
684	line-end	33		བསྒོམ་པའི་ལམ་འཇིག་རྟེན་པ་དང་འཇིག་རྟེན་ལས་འདས་པ་རྣམ་པ་གཉིས་སུ་བཤད་པ་ལ། སློབ་པ་འདི
685	verse-stanza	15		འཇིག་རྟེན་འདས་ཀྱིས་སྲིད་རྩེ་ལས། །↵ཆགས་བྲལ་འཇིག་རྟེན་པས་ནི་མ་ཡིན་ནོ། །
686	terminal-particle	24		ཅིའི་ཕྱིར་ཞེ་ན། དེའི་གོང་ན་འཇིག་རྟེན་པ་མེད་པའི་ཕྱིར་དང་། རང་གི་ས་པའི་གཉེན་པོ་མ་ཡ
687	terminal-particle	62		ཅིའི་ཕྱིར་གཉེན་པོ་མ་ཡིན་ཞེ་ན། དེའི་ཉོན་མོངས་པ་རྒྱས་པར་འགྱུར་བའི་ཕྱིར་ཏེ། ཉོན་མོང
688	line-end	37		གཞན་ལས་རྣམ་པ་གཉིས། །སྲིད་པའི་རྩེ་མོ་ལས་གཞན་པའི་ས་ཐམས་ཅད་ལས་ནི་འཇིག་རྟེན་པའི་ལམ་ག
689	verse-stanza	13		འཇིག་རྟེན་པ་ཡིས་ཆགས་བྲལ་བའི། །↵འཕགས་ལ་བྲལ་བའི་ཐོབ་རྣམ་གཉིས། །
690	terminal-particle	33		འཕགས་པ་འཇིག་རྟེན་པའི་ལམ་གྱིས་འདོད་ཆགས་དང་བྲལ་བར་གྱུར་པ་ལ་བྲལ་བའི་ཐོབ་པ་འཇིག་རྟེན
691	terminal-particle	23		ཁ་ཅིག་འཇིག་རྟེན་འདས་ཀྱིས་ཀྱང་། །གཞན་དག་ན་རེ་འཇིག་རྟེན་ལས་འདས་པས་ཀྱང་དེ་དང་འདྲའོ་
692	line-end	114		ཅིའི་ཕྱིར་ཞེ་ན། བཏང་ལ་ཉོན་མོངས་མི་ལྡན་ཕྱིར། །གལ་ཏེ་འཕགས་པའི་ལམ་གྱིས་འདོད་ཆགས་དང་
693	verse-stanza	14		སྲིད་རྩེའི་ཕྱེད་ལས་རྣམ་གྲོལ་དང་། །↵གོང་དུ་སྐྱེས་པ་བཞིན་མི་ལྡན། །
694	terminal-particle	120		དེ་ལ་འཇིག་རྟེན་པའི་བྲལ་བའི་ཐོབ་པ་མེད་དུ་ཟིན་ཀྱང་དེ་དག་དང་ལྡན་པར་མི་འགྱུར་ཏེ། དཔེ
695	line-end	14		ས་གང་ཞིག་གིས་གང་ལས་འདོད་ཆགས་དང་བྲལ་བར་འགྱུར་ཞེ་ན།
696	verse-stanza	19		ཟག་མེད་མི་ལྕོགས་མེད་པ་ཡིས། །↵ཐམས་ཅད་ལས་ནི་འདོད་ཆགས་བྲལ། །↵སྲིད་པའི་རྩེ་མོའི་བར་ལ
697	terminal-particle	43		ཡང་གང་ཞིག་ཉེར་བསྡོགས་ལ་བརྟེན་ཏེ་ས་འོག་མ་ལས་འདོད་ཆགས་དང་བྲལ་བ་འཐོབ་ན། ཅིའི་ཕྱིར་ར
698	line-end	7		འོ་ན་ཇི་ལྟ་བུ་ཞེ་ན།
699	verse-stanza	13		ས་གསུམ་རྒྱལ་ལ་བསམ་གཏན་ནམ། །↵ཉེར་བསྡོགས་ལས་མཐའི་རྣམ་གྲོལ་ལམ། །
700	terminal-particle	20		སྐྱེ་བའི་ས་ནི་ཐམས་ཅད་དུ་དགུ་སྟེ། འདོད་པའི་ཁམས་དང་བསམ་གཏན་དང་གཟུགས་མེད་པ་བརྒྱད་དོ
701	terminal-particle	37		དེ་ལ་བསམ་གཏན་གཉིས་ཀྱི་བར་ལས་འདོད་ཆགས་དང་བྲལ་བ་ས་གསུམ་ལས་རྒྱལ་བ་དེ་ལ་ནི་རྣམ་པར་གྲ
702	terminal-particle	38		གོང་མའི་ཉེ་བར་བསྡོགས་ལས་མིན། །ས་གསུམ་ལས་རྒྱལ་བ་ཡན་ཆད་ནི་བཏང་སྙོམས་ཀྱི་དབང་པོ་ཐུན
703	terminal-particle	38		བསམ་གཏན་གསུམ་ན་ནི་ཉེར་བསྡོགས་དང་དངོས་གཞི་གཉིས་ཀྱི་དབང་པོ་ཐ་དད་པའི་ཕྱིར་ལ་ལ་བསམ་ག
704	line-end	26		དེ་ལྟ་བས་ན་ས་གསུམ་ལས་འདོད་ཆགས་དང་བྲལ་བ་ལ་ནི་རྣམ་པར་གྲོལ་བའི་ལམ་ཐ་མ་ཉེར་བསྡོགས་ལས
705	verse-stanza	13		ཟག་མེད་མི་ལྕོགས་མེད་པ་ཡིས། །↵ཐམས་ཅད་ལས་ནི་འདོད་ཆགས་བྲལ། །
706	terminal-particle	55		ཞེས་བཤད་ཀྱི་གཞན་དག་གིས་ནི་མ་བཤད་པས་དེའི་ཕྱིར། འཕགས། བརྒྱད་ཀྱིས་རང་གོང་ས་ལས་རྒྱལ།
707	terminal-particle	14		འོག་མ་ལས་ནི་མ་ཡིན་ཏེ། འདོད་ཆགས་དང་བྲལ་ཟིན་པའི་ཕྱིར་རོ། །
708	line-end	39		དེ་ལ་འཇིག་རྟེན་ལས་འདས་པའི་བར་ཆད་མེད་པ་དང་རྣམ་པར་གྲོལ་བའི་ལམ་རྣམས་ནི་བདེན་པ་ལ་དམི
709	verse-stanza	20		འཇིག་རྟེན་པ་ཡི་རྣམ་གྲོལ་དང་། །↵བར་ཆད་མེད་ལམ་གོ་རིམས་བཞིན། །↵ཞི་སོགས་རགས་སོགས་རྣམ
710	terminal-particle	35		རྣམ་པར་གྲོལ་བའི་ལམ་རྣམས་ནི་ཞི་བ་ལ་སོགས་པའི་རྣམ་པ་ཅན་དག་ཡིན་ལ། བར་ཆད་མེད་པའི་ལམ་ར
711	terminal-particle	40		དེ་དག་ཀྱང་གོ་རིམས་བཞིན་དུ། གོང་དང་འོག་མའི་སྤྱོད་ཡུལ་ཅན། །རྣམ་པར་གྲོལ་བའི་ལམ་རྣམས
712	terminal-particle	44		བར་ཆད་མེད་པའི་ལམ་རྣམས་ནི་ས་འོག་མ་ལ་རགས་པ་དང་། ཐ་མ་ངན་པ་དང་། རྩིག་པ་སྟུག་པོ་ལྟ་བུ
713	terminal-particle	28		གྱ་ནོམ་པ་མ་ཡིན་པའི་ཕྱིར་ཐ་བ་ངན་པར་བལྟ་སྟེ། གནས་ངན་ལེན་རབ་ཏུ་མང་བ་ཉིད་ཀྱིས་མི་མཐུ
714	terminal-particle	29		རྩིག་པ་ལས་ངེས་པར་མི་འབྱུང་བ་བཞིན་དུ་དེ་ཉིད་ཀྱིས་ས་དེ་ལས་ངེས་པར་མི་འབྱུང་བའི་ཕྱིར
715	terminal-particle	23		དེ་དག་ལས་བཟློག་པ་ནི་ཞི་བ་དང་། གྱ་ནོམ་པ་དང་། ངེས་པར་འབྱུང་བའི་རྣམ་པ་ཅན་དག་ཡིན་ནོ།
716	terminal-particle	6		ཞར་ལ་འོངས་པ་རྫོགས་སོ།། །།
717	quote-open	26		དཀྱུས་མ་ཁོ་ན་བརྗོད་པར་བྱ་སྟེ། ཡང་ཟད་པ་ཤེས་པའི་མཇུག་ཐོགས་སུ་ཅི་ཞིག་སྐྱེ་ཞེ་ན། གལ་
718	terminal-particle	32		མི་སྐྱེའི་བློ་གྲོས། གལ་ཏེ་དགྲ་བཅོམ་པ་མི་གཡོ་བའི་ཆོས་ཅན་ཞིག་ཡིན་ན་དེ་ལ་ཟད་པ་ཤེས་པ
719	terminal-particle	38		གལ་ཏེ་མིན། ཟད་པ་ཤེས་སམ་མི་སློབ་ལྟ། གལ་ཏེ་མི་གཡོ་བའི་ཆོས་ཅན་མ་ཡིན་ན་ནི་ཟད་པ་ཤེས་པ
720	terminal-particle	16		ཡོངས་སུ་ཉམས་པ་སྲིད་པའི་ཕྱིར་མི་སྐྱེ་བ་ཤེས་པ་ནི་མ་ཡིན་ནོ། །
721	terminal-particle	57		ཅི་མི་གཡོ་བའི་ཆོས་ཅན་ལ་དེ་མི་སྐྱེ་བ་ཁོ་ན་ཡིན་ནམ་ཞེ་ན། དེ་ནི་དགྲ་བཅོམ་ཐམས་ཅད་ལ། །
722	terminal-particle	26		གང་དག་འབྲས་བུ་བཞིར་བཤད་པ་དེ་དག་གང་གི་འབྲས་བུ་དག་ཡིན་ཞེ་ན་དགེ་སྦྱོང་གི་ཚུལ་གྱི་འབ
723	terminal-particle	29		དགེ་སྦྱོང་གི་ཚུལ་ཞེས་བྱ་བ་འདི་ཅི་ཞིག་ཅེ་ན། དགེ་སྦྱོང་ཚུལ་ནི་དྲི་མེད་ལམ། །དགེ་སྦྱ
724	quote-open	19		དེས་ཉོན་མོངས་པ་ཡང་དག་པར་ཞི་བར་བྱེད་པའི་སྒོ་ནས་དགེ་སྦྱོང་དུ་འགྱུར་ཏེ། མདོ་ལས།
725	terminal-particle	36		འདིས་སྡིག་པ་མི་དགེ་བའི་ཆོས་ཞེས་བྱ་བ་ནས་རྒྱས་པར་རྒ་ཤིར་འགྱུར་བའི་བར་རྣམ་པ་དུ་མ་ཞི
726	terminal-particle	21		སོ་སོའི་སྐྱེ་བོ་ནི་གཏན་དུ་ཞི་བར་མི་བྱེད་པའི་ཕྱིར་དོན་དམ་པའི་དགེ་སྦྱོང་མ་ཡིན་ནོ། 
727	line-end	28		དགེ་སྦྱོང་གི་ཚུལ་དེའི་འབྲས་བུ་འདུས་བྱས་འདུས་མ་བྱས། དགེ་སྦྱོང་གི་ཚུལ་གྱི་འབྲས་བུ་
728	verse-stanza	17		དེ་དག་ཀྱང་མདོ་ལས་རྣམ་པ་བཞིར་གསུངས་སོ། །↵གཞན་ཡང་དེ་དག་བརྒྱད་ཅུ་རྩ་དགུའོ། །
729	verse-stanza	12		དེ་དག་ཀྱང་གང་ཞེ་ན། །↵གྲོལ་ལམ་ཟད་པ་རྣམས་དང་བཅས། །
730	terminal-particle	69		མཐོང་བས་སྤང་བར་བྱ་བ་སྤོང་བར་བྱེད་པའི་བར་ཆད་མེད་པའི་ལམ་བརྒྱད་དང་། རྣམ་པར་གྲོལ་བའི
731	terminal-particle	15		དེ་ལ་བར་ཆད་མེད་པའི་ལམ་རྣམས་ནི་དགེ་སྦྱོང་གི་ཚུལ་ཡིན་ནོ། །
732	terminal-particle	61		རྣམ་པར་གྲོལ་བའི་ལམ་རྣམས་ནི་དགེ་སྦྱོང་གི་ཚུལ་གྱི་འབྲས་བུ་འདུས་བྱས་དག་ཡིན་ཏེ། དེའི
733	line-end	32		དེ་ལྟར་ན་འོ་ན་ནི་སངས་རྒྱས་ཀྱིས་གསུངས་པ་ཁ་བསྐང་བར་བྱ་དགོས་པར་འགྱུར་རོ་ཞེ་ན། བྱ་མི
734	verse-stanza	13		འབྲས་བུ་བཞི་རྣམ་གཞག་པ་ནི། །↵རྒྱུ་ལྔ་དག་ནི་སྲིད་ཕྱིར་རོ། །
735	terminal-particle	27		བཅོམ་ལྡན་འདས་ཀྱིས་སྤོང་བའི་ལམ་གྱི་གནས་སྐབས་གང་ལ་རྒྱུ་ལྔ་སྲིད་པ་དེ་ལ་འབྲས་བུ་རྣམ་
736	line-end	4		ལྔ་གང་ཞེ་ན། །
737	verse-stanza	27		འབྲས་ལ་སྔོན་ལམ་བཏང་བ་དང་། །↵གཞན་ཐོབ་པ་དང་ཟད་བསྡོམས་དང་།↵ཤེས་པ་བརྒྱད་ཚན་ཐོབ་པ་དང་
738	terminal-particle	26		ལམ་སྔ་མ་བཏང་བ་དང་སྔོན་མེད་པའི་ལམ་ཐོབ་པ་ནི་ཞུགས་པ་དང་འབྲས་བུའི་ལམ་བཏང་བ་དང་ཐོབ་པའ
739	terminal-particle	15		སྤངས་པ་བསྡོམས་པ་ནི་ཐམས་ཅད་ཀྱིས་ཐོབ་པ་ཅིག་རྙེད་པའི་ཕྱིར་རོ། །
740	terminal-particle	18		ཤེས་པ་བརྒྱད་ཅིག་ཅར་དུ་འཐོབ་པ་ནི་ཆོས་དང་རྗེས་སུ་ཤེས་པ་རྣམ་པ་བཞིའོ། །
741	terminal-particle	28		རྣམ་པ་བཅུ་དྲུག་ཐོབ་པ་ནི་མི་རྟག་པའི་རྣམ་པ་ལ་སོགས་པ་སྟེ། རྒྱུ་ལྔ་པོ་དེ་དག་ནི་འབྲས་
742	line-end	37		གལ་ཏེ་ཟག་པ་མེད་པའི་ལམ་ཁོ་ན་དགེ་སྦྱོང་གི་ཚུལ་ཡིན་ན་འཇིག་རྟེན་པའི་ལམ་གྱིས་ཐོབ་པའི་
743	verse-stanza	13		འཇིག་རྟེན་པ་ཡིས་ཐོབ་འབྲས་ནི། །↵བསྲེས་དང་ཟག་མེད་ཐོབ་འཛིན་ཕྱིར། །
744	terminal-particle	32		དེ་ལ་ནི་ལན་ཅིག་ཕྱིར་འོང་བའི་འབྲས་བུ་འམ་ཕྱིར་མི་འོང་བའི་འབྲས་བུ་འཇིག་རྟེན་པའི་ལམ་
745	terminal-particle	32		འོ་ན་ཅི་ཞེ་ན། མཐོང་བའི་ལམ་གྱིས་འབྲས་བུ་སྤངས་པ་ཡང་དེར་བསྲེ་བར་བྱ་སྟེ། ཐམས་ཅད་ཀྱི་
746	quote-open	6		དེ་ཉིད་ཀྱི་ཕྱིར་མདོ་ལས།
747	quote-close	63		ལན་ཅིག་ཕྱིར་འོང་བའི་འབྲས་བུ་གང་ཞེ་ན། ཀུན་དུ་སྦྱོར་བ་གསུམ་སྤངས་པ་དང་། འདོད་ཆགས་དང
748	terminal-particle	39		དེའི་སྟོབས་ཀྱིས་ཡོངས་སུ་ཉམས་པ་མི་འཆི་བའི་ཕྱིར་བྲལ་བའི་ཐོབ་པ་ཟག་པ་མེད་པས་སྤངས་པ་ད
749	terminal-particle	17		དགེ་སྦྱོང་གི་ཚུལ་དུ་བཤད་པ་གང་ཡིན་པ། དེ་ཉིད་ཚངས་ཚུལ་ཚངས་པ་ཡི། །འཁོར་ལོ། །
750	terminal-particle	11		ཉོན་མོངས་པ་རྣམས་སྤོང་བའི་ཕྱིར་ཚངས་པའི་ཚུལ་ལོ། །
751	terminal-particle	9		ཚངས་པའི་འཁོར་ལོ་ནི། ཚངས་པས་བསྐོར་ཕྱིར་རོ། །
752	quote-open	20		བཅོམ་ལྡན་འདས་ནི་ཚངས་པའི་ཚུལ་བླ་ན་མེད་པ་དང་ལྡན་པའི་ཕྱིར་ཚངས་པ་ཡིན་ཏེ། མདོ་ལས།
753	terminal-particle	24		བཅོམ་ལྡན་འདས་དེ་ནི་ཚངས་པ་ཞེས་ཀྱང་བྱ། ཞི་བ་དང་བསིལ་བར་གྱུར་པ་ཞེས་ཀྱང་བྱ་ཞེས་གསུངས
754	terminal-particle	17		འཁོར་ལོ་འདི་ནི་དེའི་ཡིན་པས་ན་ཚངས་པའི་འཁོར་ལོ་སྟེ། དེས་བསྐོར་བའི་ཕྱིར་རོ། །
755	terminal-particle	11		ཆོས་ཀྱི་འཁོར་ལོ་མཐོང་བའི་ལམ། རྒྱུ་བས་ན་འཁོར་ལོའོ། །
756	terminal-particle	16		དེ་དང་ཆོས་མཐུན་པའི་ཕྱིར་མཐོང་བའི་ལམ་ནི་ཆོས་ཀྱི་འཁོར་ལོ་ཡིན་ནོ། །
757	terminal-particle	62		འདིའི་ཆོས་མཐུན་པ་ཇི་ལྟ་བུ་ཞེ་ན། མྱུར་བར་འགྲོ་སོགས་རྩིབས་སོགས་ཀྱིས། མྱུར་དུ་འགྲོ་
758	terminal-particle	48		བཙུན་པ་དབྱངས་སྒྲོགས་ན་རེ་འཕགས་པའི་ལམ་ཡན་ལག་བརྒྱད་པ་ནི་རྩིབས་ལ་སོགས་པ་དང་ཆོས་མཐུན
759	terminal-particle	19		ཡང་དག་པའི་ངག་དང་ལས་ཀྱི་མཐའ་དང་འཚོ་བ་རྣམས་ནི་ལྟེ་བ་ལྟ་བུ་ཡིན་ནོ། །
760	terminal-particle	13		ཏིང་ངེ་འཛིན་ནི་མུ་ཁྱུད་ལྟ་བུ་ཡིན་ནོ་ཞེས་ཟེར་རོ། །
761	terminal-particle	37		མཐོང་བའི་ལམ་ཆོས་ཀྱི་འཁོར་ལོ་ཡིན་ནོ་ཞེས་བྱ་བ་འདི་ག་ལས་ཤེ་ན་འཕགས་པ་ཀཽཎྜི་ནྱ་ལ་དེ་ས
762	line-end	24		ཇི་ལྟར་ན་དེ་ལན་གསུམ་དུ་བཟླས་པ་དང་རྣམ་པ་བཅུ་གཉིས་ཡིན་ཞེ་ན། བྱེ་བྲག་ཏུ་སྨྲ་བ་རྣམས་
763	verse-stanza	13		འདི་ནི་སྡུག་བསྔལ་འཕགས་པའི་བདེན་པའོ། །↵དེ་ཡོངས་སུ་ཤེས་པར་བྱའོ། །
764	terminal-particle	18		དེ་ཡོངས་སུ་ཤེས་སོ་ཞེས་བྱ་བ་འདི་དག་ནི་ལན་གསུམ་དུ་བཟླས་པ་ཡིན་ནོ། །
765	terminal-particle	8		བཟླས་པ་རེ་རེ་ལ་མིག་སྐྱེས་སོ། །
766	terminal-particle	29		ཤེས་པ་དང་རིགས་པ་དང་བློ་སྐྱེས་སོ་ཞེས་བྱ་བ་འདི་དག་ནི་རྣམ་པ་བཅུ་གཉིས་ཡིན་ཏེ། བདེན་པ
767	terminal-particle	31		གསུམ་ཚན་དང་བཅུ་གཉིས་སུ་ཆོས་མཐུན་པའི་ཕྱིར་ལན་གསུམ་དུ་བཟླས་ཏེ། རྣམ་པ་བཅུ་གཉིས་ཞེས་
768	terminal-particle	25		བཟླས་པ་འདི་དག་གིས་ནི་གྲངས་བཞིན་དུ་མཐོང་བ་དང་བསྒོམ་པ་དང་མི་སློབ་པའི་ལམ་རྣམས་བསྟན་
769	terminal-particle	95		གལ་ཏེ་དེ་ལྟ་ན་འོ་ན་ནི་མཐོང་བའི་ལམ་ཁོ་ན་ལ་ལན་གསུམ་དུ་བཟླས་པ་ཡང་མ་ཡིན་ལ་རྣམ་པ་བཅུ་
770	terminal-particle	58		ཇི་ལྟར་ན་རྣམ་པ་བཅུ་གཉིས་ཡིན་ཞེ་ན། བདེན་པ་རྣམས་ལ་སྡུག་བསྔལ་དང་། ཀུན་འབྱུང་། འགོག་
771	terminal-particle	19		དེ་བསྐོར་བ་ནི་གཞན་གྱིས་རྒྱུད་ལ་གོ་བར་བྱེད་པ་སྟེ། དོན་ཤེས་པར་བྱེད་པའི་ཕྱིར་རོ། །
772	terminal-particle	44		ཡང་ན་འཕགས་པའི་ལམ་ཐམས་ཅད་ཀྱང་གདུལ་བྱའི་རྒྱུད་ལ་འཇུག་པའི་ཕྱིར་ཆོས་ཀྱི་འཁོར་ལོ་ཡིན་
773	terminal-particle	34		ཡང་ཁམས་གང་དུ་དགེ་སྦྱོང་གི་ཚུལ་གྱི་འབྲས་བུ་དུ་དག་ཅིག་འཐོབ་ཅེ་ན། འདོད་པར་གསུམ་ཐོབ།
774	terminal-particle	53		ཐ་མ་ནི། གསུམ་དུ། དགེ་སྦྱོང་གི་ཚུལ་གྱི་འབྲས་བུ་ཐ་མ་ནི་དགྲ་བཅོམ་པ་ཉིད་དེ། དེ་ནི་ཁམ
775	terminal-particle	48		ཅིའི་ཕྱིར་མི་འཐོབ་ཅེ་ན། གོང་ན་མཐོང་ལམ་མེད། འདོད་པའི་ཁམས་ལས་གང་ན་ནི་མཐོང་བའི་ལམ་མ
776	terminal-particle	31		ཅིའི་ཕྱིར་དེ་ན་མཐོང་བའི་ལམ་མེད་ཅེ་ན། རེ་ཞིག་གཟུགས་མེད་པའི་ཁམས་ན་ནི་ཉན་པ་མེད་པ་དང
777	line-end	5		གཟུགས་ཀྱི་ཁམས་ན་ནི།
778	verse-stanza	14		མི་སྐྱེ་ལུང་ལས་འདིར་རྩོམ་ཞིང་། །↵དེར་མཐར་ཕྱིན་ཞེས་འབྱུང་ཕྱིར་རོ། །
779	terminal-particle	55		གཟུགས་ན་སྤྱོད་པའི་སོ་སོའི་སྐྱེ་བོ་རྣམས་ནི་སྙོམས་པར་འཇུག་པའི་བདེ་བ་ལ་ཆགས་པའི་ཕྱིར
780	terminal-particle	37		ལུང་ཡང་། བར་མ་དོར་ཡོངས་སུ་མྱ་ངན་ལས་འདའ་བས་ན་གོང་དུ་འཕོ་བའི་བར་གང་ཟག་ལྔ་ནི་འདིར་ར
781	terminal-particle	20		རྩོམ་པ་ཞེས་བྱ་བ་ནི་ལམ་རྩོམ་པ་ཡིན་ཏེ། མྱ་ངན་ལས་འདས་པའི་ཐབས་ཡིན་པའི་ཕྱིར་རོ། །
782	line-end	3		འདི་སྐད་དུ།
783	verse-stanza	13		གལ་ཏེ་མི་གཡོའི་ཟད་ཤེས་ལ། །↵མི་སྐྱེ་བློ་གྲོས་ཞེས་བཤད་དེ། །
784	terminal-particle	65		ཅི་དགྲ་བཅོམ་པ་ལ་ཡང་དབྱེ་བ་ཡོད་དམ་ཞེ་ན་སྨྲས་པ་ཡོད་དེ། དགྲ་བཅོམ་དྲུག་འདོད། མདོ་ལས་
785	quote-open	3		དེ་དག་ལས།
786	terminal-particle	28		ལྔ་ནི་དད་པས་མོས་ལས་སྐྱེས། །མི་གཡོ་བའི་ཆོས་ཅན་མ་གཏོགས་པ་གཞན་ལྔ་ནི་དད་པས་མོས་པ་སྔོ
787	terminal-particle	37		དེ་དག་རྣམ་གྲོལ་དུས་དང་སྦྱོར། །ལྔ་པོ་འདི་དག་གི་སེམས་ཀྱི་རྣམ་པར་གྲོལ་བ་ནི་དུས་དང་ས
788	terminal-particle	15		དེ་ཉིད་ཀྱི་ཕྱིར་འདི་དག་ནི་དུས་ཀྱི་རྣམ་པར་གྲོལ་བ་ཞེས་བྱའོ། །
789	terminal-particle	39		འདི་དག་ནི་དུས་ལ་ལྟོས་པ་ཡང་ཡིན་ལ་རྣམ་པར་གྲོལ་བ་ཡང་ཡིན་པས་དུས་ཀྱི་རྣམ་པར་གྲོལ་བ་དག
790	terminal-particle	33		འདི་དག་གི་ཏིང་ངེ་འཛིན་མངོན་སུམ་དུ་གྱུར་པ་ནི་ཡོ་བྱད་དང་ནད་མེད་པ་དང་ཡུལ་གྱི་བྱེ་བྲ
791	terminal-particle	35		མི་གཡོའི་ཆོས་ཅན་མི་གཡོ་བ། །མི་གཡོ་བའི་ཆོས་ཅན་གྱི་རྣམ་པར་གྲོལ་བ་ནི་ཡོངས་སུ་མི་ཉམས
792	terminal-particle	48		དེའི་ཕྱིར་དེ་དུས་མི་སྦྱོར་གྲོལ། །དེ་ཉིད་ཀྱི་ཕྱིར་དེ་ནི་དུས་དང་མི་སྦྱོར་བར་རྣམ་པར
793	terminal-particle	45		ཡང་ན་ཡོངས་སུ་ཉམས་པ་སྲིད་པ་དང་། མི་སྲིད་པའི་སྒོ་ནས་དུས་གཞན་གྱི་བར་དང་། གཏན་དུ་རྣམ
794	terminal-particle	27		དེ་ནི་མཐོང་ཐོབ་རྒྱུ་ལས་བྱུང་། །མི་གཡོ་བའི་ཆོས་ཅན་དེ་ནི་མཐོང་བས་ཐོབ་པ་སྔོན་དུ་འགྲ
795	line-end	22		ཅི་དགྲ་བཅོམ་པ་དྲུག་པོ་འདི་དག་དང་པོ་ཁོ་ན་ནས་དེའི་རིགས་ཅན་ཁོ་ན་དག་ཅིག་ཡིན་ནམ།
796	verse-stanza	18		འོན་ཏེ་ཕྱིས་ཡིན་ཞེ་ན། །↵ཁ་ཅིག་དང་པོ་ནས་དེའི་རིགས། །↵ཁ་ཅིག་སྦྱངས་པ་ལས་གྱུར་ཏོ། །
797	terminal-particle	64		ཁ་ཅིག་ནི་དང་པོ་ཉིད་ནས་འཆི་བར་སེམས་པའི་ཆོས་ཅན་གྱི་རིགས་ཅན་ཡིན་ལ་ཁ་ཅིག་ནི་ཡོངས་སུ་
798	terminal-particle	36		དེ་ལ་ཡོངས་སུ་ཉམས་པའི་ཆོས་ཅན་ནི་ཡོངས་སུ་ཉམས་པར་འགྱུར་བའི་སྐལ་བ་དང་ལྡན་གྱི་འཆི་བར་
799	terminal-particle	19		འཆི་བར་སེམས་པའི་ཆོས་ཅན་ནི་འཆི་བར་སེམས་པར་འགྱུར་བའི་སྐལ་བ་ཅན་གང་ཡིན་པའོ། །
800	terminal-particle	19		རྗེས་སུ་སྲུང་བའི་ཆོས་ཅན་ནི་རྗེས་སུ་སྲུང་བར་འགྱུར་བའི་སྐལ་བ་ཅན་གང་ཡིན་པའོ། །
801	terminal-particle	58		གནས་པ་ལས་མི་བསྐྱོད་པ་ནི་ཡོངས་སུ་ཉམས་པར་འགྱུར་བའི་རྐྱེན་སྟོབས་དང་ལྡན་པ་མེད་ན་རྗེས
802	terminal-particle	19		རྟོགས་པའི་སྐལ་པ་ཅན་ནི་མི་གཡོ་བ་རྟོགས་པར་འགྱུར་བའི་སྐལ་པ་ཅན་གང་ཡིན་པའོ། །
803	terminal-particle	22		མི་གཡོ་བའི་ཆོས་ཅན་ནི་ཡོངས་སུ་ཉམས་པར་མི་འགྱུར་བའི་སྐལ་བ་ཅན་གང་ཡིན་པ་དེ་ཁོ་ནའོ། །
804	ordinal-open	25		དང་པོ་གཉིས་ནི་སྔོན་སློབ་པའི་གནས་སྐབས་ཁོ་ན་ན་རྒྱུན་དུ་སྦྱོར་བ་དང་གུས་པར་སྦྱོར་བ་མ
805	verse-stanza	17		གསུམ་པ་ནི་རྒྱུན་དུ་སྦྱོར་བ་ཡིན་ནོ། །↵བཞི་པ་ནི་གུས་པར་སྦྱོར་བ་ཡིན་ནོ། །
806	terminal-particle	17		ལྔ་པ་ནི་གཉི་གར་སྦྱོར་བ་པ་ནི་ཡིན་ལ་དབང་པོ་རྟུལ་པོ་ཡིན་ནོ། །
807	ordinal-open	14		དྲུག་པ་ནི་གཉི་གར་སྦྱོར་བ་དང་དབང་པོ་རྣོན་པོ་ཡིན་ནོ། །
808	terminal-particle	43		ཡོངས་སུ་ཉམས་པའི་ཆོས་ཅན་ཡང་གདོན་མི་ཟ་བར་ཡོངས་སུ་ཉམས་པར་འགྱུར་བ་མ་ཡིན་ལ། རྟོགས་པའི
809	terminal-particle	51		དེ་ལྟར་བྱས་ན་ཁམས་གསུམ་ཆར་ན་ཡང་དགྲ་བཅོམ་པ་དྲུག་ཡོད་པར་རུང་ངོ་། །གང་དག་གི་གདོན་མི་
810	terminal-particle	44		གཟུགས་དང་གཟུགས་མེད་པའི་ཁམས་དག་ན་ནི་གནས་པ་ལས་མི་བསྐྱོད་པ་དང་། མི་གཡོ་བའི་ཆོས་ཅན་ད
811	quote-open	25		འདི་དག་ལས་གང་ཞིག་འབྲས་བུ་འམ་རིགས་གང་ལས་ཡོངས་སུ་ཉམས་པར་འགྱུར་རོ་ཞེ་ན། བཞི་ནི་རིགས
812	terminal-particle	20		ཉམས་འགྱུར། འཆི་བར་སེམས་པའི་ཆོས་ཅན་ལ་སོགས་པ་བཞི་ནི་རིགས་ལས་ཡོངས་སུ་ཉམས་པར་འགྱུར་ར
813	terminal-particle	18		ཡོངས་སུ་ཉམས་པའི་ཆོས་ཅན་ནི་རང་གི་རིགས་ལས་ཡོངས་སུ་ཉམས་པར་མི་འགྱུར་རོ། །
814	terminal-particle	21		ཡོངས་སུ་ཉམས་པའི་ཆོས་ཅན་ལ་སོགས་པ་ལྔ་ནི་འབྲས་བུ་ལས་ཀྱང་ཡོངས་སུ་ཉམས་པར་འགྱུར་རོ། །
815	line-end	4		དེ་དག་ཀྱང་།
816	ordinal-open	37		དང་པོ་ལས་མ་ཡིན། གང་གི་རིགས་དང་པོ་གང་ཡིན་པ་དེ་ལས་ནི་དེ་ཡོངས་སུ་ཉམས་པར་མི་འགྱུར་ཏེ
817	terminal-particle	21		སློབ་པ་ནི་འཇིག་རྟེན་པ་དང་འཇིག་རྟེན་ལས་འདས་པའི་ལམ་དག་གིས་བརྟན་པོར་བྱས་པའི་ཕྱིར་རོ
818	terminal-particle	17		ཕྱིས་སྦྱངས་པས་ཐོབ་པ་གང་ཡིན་པ་དེ་ལས་ནི་ཡོངས་སུ་ཉམས་པར་འགྱུར་རོ། །
819	terminal-particle	19		གང་གི་འབྲས་བུ་དང་པོ་གང་ཡིན་པ་དེ་ལས་ཀྱང་ཡོངས་སུ་ཉམས་པར་མི་འགྱུར་རོ། །
820	terminal-particle	10		ལྷག་མ་ལས་ནི་ཡོངས་སུ་ཉམས་པར་འགྱུར་རོ། །
821	terminal-particle	17		དེ་ཉིད་ཀྱི་ཕྱིར་རྒྱུན་དུ་ཞུགས་པའི་འབྲས་བུ་ལས་ཡོངས་སུ་ཉམས་པ་མེད་དོ། །
822	terminal-particle	43		དེ་ལྟར་བྱས་ན་ཡོངས་སུ་ཉམས་པའི་ཆོས་ཅན་ནི་རྣམ་པ་གསུམ་ཡིན་ཏེ། དེའི་སོ་ན་གནས་པ་བཞིན་ད
823	terminal-particle	26		འཆི་བར་སེམས་པའི་ཆོས་ཅན་ནི་བཞི་སྟེ། གསུམ་པོ་དེ་དག་ཉིད་དང་། ཡོངས་སུ་ཉམས་པའི་ཆོས་ཅན
824	terminal-particle	25		དེ་བཞིན་དུ་གསུམ་ལ་ཡང་རེ་རེ་བསྐྱེད་དེ། གོ་རིམས་བཞིན་དུ་རྣམ་པ་ལྔ་དང་དྲུག་དང་བདུན་ཡ
825	terminal-particle	26		དེ་སློབ་པར་གྱུར་ན་གང་གི་རིགས་དང་པོ་གང་ཡིན་པ་དེ་ཁོ་ན་ལ་གནས་ཀྱི་གཞན་དག་ལ་ནི་མ་ཡིན་
826	terminal-particle	27		དེ་ལྟ་མ་ཡིན་ན་རིགས་ཁྱད་པར་ཅན་རྙེད་པའི་ཕྱིར་དེ་འཕེལ་བ་ཁོ་ནར་འགྱུར་གྱི་ཡོངས་སུ་ཉམས
827	terminal-particle	52		ཅིའི་ཕྱིར་འབྲས་བུ་དང་པོ་ལས་ཡོངས་སུ་ཉམས་པ་མེད་ཅེ་ན། མཐོང་བས་སྤང་བར་བྱ་བ་རྣམས་གཞི་
828	terminal-particle	35		འོ་ན་མེད་པ་ལ་དམིགས་པར་འགྱུར་རོ་ཞེ་ན། བདེན་པ་ལ་དམིགས་པའི་ཕྱིར་མེད་པ་ལ་དམིགས་པ་ནི་
829	terminal-particle	75		དེ་ལྟ་མ་ཡིན་པའི་ཉོན་མོངས་པ་གང་ཞིག་ཡིན་ཞེ་ན། ཁྱད་པར་ཡོད་དེ། བདག་ཏུ་ལྟ་བ་ནི་བདག་མེ
830	terminal-particle	85		བསྒོམ་པས་སྤང་བར་བྱ་བ་འདོད་ཆགས་དང་། ཁོང་ཁྲོ་བ་དང་། ང་རྒྱལ་དང་། མ་རིག་པ་རྣམ་པ་ནི་ག
831	terminal-particle	66		གཞན་དག་ནི་འདི་སྐད་ཅེས་ཟེར་ཏེ། འདི་ལྟར་བསྒོམ་པས་སྤང་བར་བྱ་བ་རྣམས་ལ་ནི་གཞི་ཡིད་དུ་
832	terminal-particle	39		གཞན་ཡང་འཕགས་པ་ངེས་པར་མི་རྟོག་པ་ལ་དྲན་པ་ཉམས་པས་ཉོན་མོངས་པ་རྣམས་སྐྱེ་བར་འགྱུར་གྱི་
833	terminal-particle	28		ངེས་པར་མི་རྟོག་པ་ལ་ནི་བདག་ཏུ་ལྟ་བ་ལ་སོགས་པ་འབྱུང་བར་མི་རུང་སྟེ། ཀུན་དུ་རྟོག་པར་བ
834	terminal-particle	22		དེ་ལྟ་བས་ན་མཐོང་བས་སྤང་བར་བྱ་བ་སྤངས་པས་ས་དང་པོ་ལས་ཡོངས་སུ་ཉམས་པ་མེད་དོ། །
835	line-end	21		མདོ་སྡེ་པ་རྣམས་ན་རེ་དགྲ་བཅོམ་པ་ཉིད་ལས་ཀྱང་ཡོངས་སུ་ཉམས་པ་མེད་དོ་ཞེས་ཟེར་ཏེ།
836	verse-stanza	18		དེ་ཉིད་རིགས་པ་ཡིན་ནོ། །↵འདི་ཇི་ལྟར་ཁོང་དུ་ཆུད་ཅེ་ན།↵ལུང་དང་རིགས་པ་ལས་སོ། །
837	terminal-particle	53		ལུང་ལས་ཇི་ལྟ་བུ་ཞེ་ན། དགེ་སློང་དག་འཕགས་པའི་ཤེས་རབ་ཀྱིས་སྤངས་པ་གང་ཡིན་པ་དེ་ནི་སྤང
838	quote-close	88		ཀུན་དགའ་བོ་དགྲ་བཅོམ་པ་ལ་ཡང་རྙེད་པ་དང་བཀུར་སྟིས་བར་ཆད་བྱེད་པ་ཡིན་པར་ང་སྨྲའོ་ཞེས་ག
839	terminal-particle	20		གལ་ཏེ་དུས་དང་སྦྱོར་བ་ལ་ཡོད་དོ་ཞེ་ན། ཁོ་བོ་ཅག་ཀྱང་དེ་སྐད་ཅེས་ནི་ཟེར་རོ། །
840	terminal-particle	77		ཅི་དེ་དགྲ་བཅོམ་པ་ཉིད་ཡིན་ནམ། འོན་ཏེ་བསམ་གཏན་པ་རྣམས་ཡིན་ཞེས་བྱ་བ་དཔྱད་པར་བྱས་ཏེ། 
841	terminal-particle	16		གཞན་དག་ན་རེ་རོ་མྱང་བར་བྱ་བ་ཡིན་པའི་ཕྱིར་རོ་ཞེས་ཟེར་རོ། །
842	terminal-particle	45		དགྲ་བཅོམ་པ་ཉིད་ཀྱི་རྣམ་པར་གྲོལ་བ་ནི་རྟག་ཏུ་རྗེས་སུ་འབྲེལ་བའི་ཕྱིར་དུས་དང་སྦྱོར་བ
843	terminal-particle	72		གལ་ཏེ་ཡང་དགྲ་བཅོམ་པ་ཉིད་ལས་ཡོངས་སུ་ཉམས་པ་སྲིད་པ་ཞིག་ཏུ་གྱུར་ན། ཅིའི་ཕྱིར་བཅོམ་ལྡ
844	line-end	34		མཐོང་བའི་ཆོས་ལ་བདེ་བར་གནས་པ་དག་ལས་ནི་ལ་ལ་ནི་རྙེད་པ་དང་བཀུར་སྟིས་གཡེན་སྤྱོ་བའི་ཉེ
845	verse-stanza	21		དབང་པོ་རྟུལ་པོ་གང་ཡིན་པའོ། །↵ལ་ལ་ཡོངས་སུ་ཉམས་པར་མི་འགྱུར་ཏེ།↵དབང་པོ་རྣོན་པོ་གང་ཡ
846	terminal-particle	57		དེ་ལ་གང་ཞིག་ཡོངས་སུ་ཉམས་པར་འགྱུར་བ་དེ་ནི་ཡོངས་སུ་ཉམས་པའི་ཆོས་ཅན་ཡིན་ལ། གང་ཞིག་ཡོ
847	terminal-particle	80		ཡོངས་སུ་མི་ཉམས་པའི་ཆོས་ཅན་དང་། གནས་པ་ལས་མི་བསྐྱོད་པ་དང་། མི་གཡོ་བའི་ཆོས་ཅན་རྣམས་
848	terminal-particle	55		གནས་པ་ལས་མི་བསྐྱོད་པ་ནི་ཡོན་ཏན་གང་ཁོ་ན་ལ་གནས་པ་དེ་ལས་ཡོངས་སུ་ཉམས་པར་མི་འགྱུར་བ་འ
849	terminal-particle	98		ཚེ་དང་ལྡན་པ་གནག་ཚོགས་ཅན་སློབ་པར་གྱུར་པ་ཧ་ཅང་རོ་མྱང་བའི་ཕྱིར་དང་། དབང་པོ་རྟུལ་པོ་
850	terminal-particle	29		བཅུ་ལས་འཕྲོས་པ་ལས་ཀྱང་བསྐྱེད་པར་བྱ་བའི་ཆོས་ནི་གཅིག་སྟེ། སེམས་རྣམ་པར་གྲོལ་བ་དུས་ད
851	terminal-particle	79		མངོན་སུམ་དུ་བྱ་བའི་ཆོས་ནི་གཅིག་སྟེ། སེམས་རྣམ་པར་གྲོལ་བ་མི་གཡོ་བ་ཡིན་ནོ་ཞེས་གསུངས
852	terminal-particle	11		འོ་ན་ཅི་ཞེ་ན། མངོན་སུམ་དུ་བྱ་བ་ཡིན་ནོ། །
853	terminal-particle	43		དབང་པོ་རྟུལ་པོས་བསྡུས་པའི་དགྲ་བཅོམ་པ་ཉིད་བསྐྱེད་པར་བྱ་བ་ཡིན་ནོ་ཞེ་ན། ཡང་འདིས་ཅི་
854	terminal-particle	39		འོན་ཏེ་བསྐྱེད་པར་འོས་པ་ཡིན་ནོ་ཞེ་ན་ནི་གཞན་ཆེས་ཤིན་ཏུ་འོས་པ་ཡིན་ཏེ། དེ་ལྟ་བས་ན་རྣ
855	terminal-particle	38		འོ་ན་དུས་ཀྱིས་རྣམ་པར་གྲོལ་བའི་དགྲ་བཅོམ་པ་ཞེས་ཇི་སྐད་ཅེས་བྱ་ཞེ་ན། གང་ཞིག་དབང་པོ་ར
856	terminal-particle	14		བཟློག་པ་ནི་དུས་དང་མི་སྦྱོར་བར་རྣམ་པར་གྲོལ་བ་ཡིན་ནོ། །
857	quote-close	67		ཆོས་མངོན་པ་ལས་ཀྱང་། གནས་གསུམ་གྱིས་འདོད་པའི་འདོད་ཆགས་ཀྱི་ཕྲ་རྒྱས་སྐྱེ་བར་འགྱུར་ཏེ
858	terminal-particle	38		གལ་ཏེ་དེ་ལྟ་བུ་ནི་རྒྱུ་ཡོངས་སུ་ཚང་བ་ལས་སྐྱེས་པ་ཡིན་ནོ་ཞེ་ན། རྒྱུ་ཡོངས་སུ་མ་ཚང་བར
859	terminal-particle	96		རིགས་པ་ལས་ཇི་ལྟ་བུ་ཞེ་ན། རེ་ཞིག་གལ་ཏེ་དགྲ་བཅོམ་པ་ལ་གང་གིས་ན་ཉོན་མོངས་པ་རྣམས་གཏན་
860	terminal-particle	64		འོ་ན་ནི་གང་ལས་འདི་སྐད་དུ་འཕགས་པ་ཉན་ཐོས་ཐོས་པ་དང་ལྡན་པ་དེ་ལྟར་སྤྱོད་པ་དེ་ལྟར་གནས་
861	terminal-particle	44		དེ་ནི་དེ་ལས་དགྲ་བཅོམ་པ་ཁོ་ན་ཡིན་པར་བསྟན་ཏེ། ཡུན་རིང་པོ་ནས་སེམས་དབེན་པ་ལ་གཞོལ་བ་ཡ
862	terminal-particle	36		གཞན་ལས་དེ་ནི་དགྲ་བཅོམ་པའི་སྟོབས་ཡིན་པར་ཡང་གསུངས་ལ། ཟག་པའི་གནས་ལྟ་བུའི་ཆོས་ཐམས་ཅད
863	terminal-particle	58		དེ་སྐད་དུ་འབྱུང་བ་ཡང་ཡོད་མོད་ཀྱི་ཇི་སྲིད་དུ་སྤྱོད་པ་ལེགས་པར་མ་རྟོགས་པ་དེ་སྲིད་དུ
864	terminal-particle	21		བྱེ་བྲག་ཏུ་སྨྲ་བ་རྣམས་ནི་དགྲ་བཅོམ་པ་ཉིད་ལས་ཀྱང་ཡོངས་སུ་ཉམས་པར་འགྱུར་བར་བརྗོད་དོ།
865	terminal-particle	58		ཅི་དགྲ་བཅོམ་པ་དེ་དག་ཁོ་ན་རིགས་དྲུག་དང་ལྡན་ནམ། འོན་ཏེ་གཞན་དག་ཀྱང་རིགས་དྲུག་དང་ལྡན
866	terminal-particle	35		གཞན་ཡང་། མཐོང་བ་ལ་ནི་འཕོ་བ་མེད། །མཐོང་བའི་ལམ་ལས་གཞན་པ་ལ་དབང་པོ་འཕོ་བ་ཡོད་ཀྱི་སྦྱ
867	terminal-particle	14		ལ་ལ་ནི་སོ་སོའི་སྐྱེ་བོའི་གནས་སྐབས་ན་དབང་པོ་རྣམས་འཕོའོ། །
868	terminal-particle	10		ལ་ལ་ནི་དད་པས་མོས་པའི་གནས་སྐབས་ནའོ། །
869	line-end	115		མདོ་ལས་འདི་སྐད་དུ། འདིས་མཐོང་བའི་ཆོས་ལ་བདེ་བར་གནས་པ་ལྷག་པའི་སེམས་ལས་བྱུང་བ་བཞི་ཐ
870	verse-stanza	13		ཐོབ་དང་མ་ཐོབ་ཉེར་སྤྱད་ལས། །↵ཡོངས་ཉམས་རྣམ་པ་གསུམ་ཤེས་བྱ། །
871	terminal-particle	20		གལ་ཏེ་ཡོན་ཏན་ཐོབ་པ་ལས་ཡོངས་སུ་ཉམས་ན་ཐོབ་པ་ལས་ཡོངས་སུ་ཉམས་པ་ཡིན་ནོ། །
872	terminal-particle	21		གལ་ཏེ་ཡོན་ཏན་ཐོབ་པར་བྱ་བ་མ་ཐོབ་ན་མ་ཐོབ་པ་ལས་ཡོངས་སུ་ཉམས་པ་ཡིན་ནོ། །
873	line-end	23		གལ་ཏེ་ཡོན་ཏན་ཐོབ་པ་མངོན་སུམ་དུ་མི་བྱེད་ན་ཉེ་བར་སྤྱོད་པ་ལས་ཡོངས་སུ་ཉམས་པ་ཡིན་ནོ། 
874	verse-stanza	19		ཡོངས་སུ་ཉམས་པ་འདི་རྣམས་ལས། །↵སྟོན་པ་ཐ་མ་མི་གཡོ་ལ། །↵བར་མའང་གཞན་ལ་རྣམ་གསུམ་མོ། །
875	terminal-particle	20		སངས་རྒྱས་ལ་ན་ཉེ་བར་སྤྱད་པ་ལས་ཡོངས་སུ་ཉམས་པ་ཁོ་ན་མངའི་གཞན་ནི་མི་མངའོ། །
876	terminal-particle	31		མི་གཡོ་བའི་ཆོས་ཅན་ལ་ནི་དེ་དང་མ་ཐོབ་པ་ལས་ཡོངས་སུ་ཉམས་པ་ཡང་ཡོད་དེ། གང་ཟག་ཁྱད་པར་ཅན
877	terminal-particle	16		དགྲ་བཅོམ་པ་གཞན་ལ་ནི་ཐོབ་པ་ལས་ཡོངས་སུ་ཉམས་པ་ཡང་ཡོད་དོ། །
878	terminal-particle	24		དེའི་ཕྱིར་མི་གཡོ་བའི་ཆོས་ཅན་ཉེ་བར་སྤྱད་པ་ལས་ཡོངས་སུ་ཉམས་པར་འགྱུར་བའི་ཕྱིར་མདོ་དང
879	terminal-particle	56		ཡོངས་སུ་མི་ཉམས་པར་སྨྲ་བ་ན་རེ་ཐམས་ཅད་ཀྱི་རྣམ་པར་གྲོལ་བ་ཟག་པ་མེད་པ་ནི་མི་གཡོ་བ་ཡིན
880	quote-open	46		ཡང་གང་ཞིག་དགྲ་བཅོམ་པའི་འབྲས་བུ་ལས་ཡོངས་སུ་ཉམས་ན་ཅི་དེ་ཡང་སྐྱེ་འམ་ཞེ་ན། དེ་ལྟ་བུ་
881	terminal-particle	48		དགེ་སློང་དག་འཕགས་པ་ཉན་ཐོས་ཐོས་པ་དང་ལྡན་པ་ལ་དྲན་པ་ཉམས་པ་ཆུང་ངུ་འབྱུང་མོད་ཀྱི་འོན་
882	terminal-particle	17		དེ་ལྟ་མ་ཡིན་ན་ཚངས་པར་སྤྱོད་པ་ཡིད་བརྟན་དུ་མི་རུང་བར་འགྱུར་རོ། །
883	terminal-particle	54		འབྲས་བུ་གང་ཞིག་ལས་ཡོངས་སུ་ཉམས་པ་ནི་འབྲས་བུ་དེ་ལ་གནས་པས་བྱ་བ་མ་ཡིན་པ་གང་ཡིན་པའི། 
884	terminal-particle	30		ཡང་དབང་པོ་རྣམས་འཕོ་བ་ལ་བར་ཆད་མེད་པ་དང་རྣམ་པར་གྲོལ་བའི་ལམ་དུ་དག་ཅིག་སྐྱེ་ཞེ་ན། མི
885	terminal-particle	39		རྟོགས་པའི་སྐལ་བ་ཅན་ཞིག་མི་གཡོ་བའི་རིགས་ཅན་རྟོགས་པར་བྱེད་ན་བར་ཆད་མེད་པའི་ལམ་དགུ་ད
886	terminal-particle	14		ཅིའི་ཕྱིར་ཞེ་ན། དབང་པོ་རྟུལ་པོའི་རིགས་དེ་ཤིན་ཏུ་བརྟེན་ཕྱིར་རོ། །
887	terminal-particle	38		དེས་དབང་པོ་རྟུལ་པོའི་རིགས་དེ་ཤིན་ཏུ་གོམས་པར་བྱས་པ་ཡིན་པས་འབད་པ་ཆུང་ངུས་བཟློག་པར་
888	terminal-particle	6		མཐོང་བས་ཐོབ་ལ་རེ་རེའོ། །
889	terminal-particle	26		མཐོང་བས་ཐོབ་པ་རྟོགས་པར་བྱེད་ན་བར་ཆད་མེད་པའི་ལམ་གཅིག་ཁོ་ན་དང་རྣམ་པར་གྲོལ་བའི་ལམ་ག
890	terminal-particle	12		སྦྱོར་བའི་ལམ་ནི་ཐམས་ཅད་དུ་གཅིག་ཁོ་ན་ཡིན་ནོ། །
891	terminal-particle	33		བར་ཆད་མེད་པ་དང་རྣམ་པར་གྲོལ་བའི་ལམ་དེ་དག་ཐམས་ཅད་ནི། ཟག་མེད། འཕགས་པ་རྣམས་ཀྱི་དབང་པ
892	terminal-particle	34		དབང་པོ་རྣམས་གང་དུ་འཕོ་ཞེ་ན། མི་ཡི་ནང་དུ་འཕོ། །མི་རྣམས་ཀྱི་ནང་ཁོ་ནར་དབང་པོ་འཕོའི་
893	terminal-particle	42		གང་ཞིག་ས་གང་ལ་བརྟེན་ནས་དབང་པོ་རྣམས་འཕོ་བར་བྱེད་ཅེ་ན། མི་སློབ་པ་དགུ་ལ་བརྟེན་ཏེ། མ
894	terminal-particle	10		སློབ་པ་དྲུག་ལ། གཟུགས་མེད་པ་རྣམས་མ་གཏོགས་སོ། །
895	line-end	6		ཅིའི་ཕྱིར་ཞེ་ན། གང་གི་ཕྱིར།
896	verse-stanza	13		འཕེལ་བ་འབྲས་བུ་ཁྱད་པར་ཅན། །↵བཏང་སྟེ་འབྲས་བུ་ཐོབ་པར་འགྱུར། །
897	terminal-particle	60		དབང་པོ་རྣམས་འཕོ་བ་ན་དབང་པོ་རྟུལ་པོའི་ལམ་གྱི་འབྲས་བུ་དང་འབྲས་བུ་ཁྱད་པར་ཅན་བཏང་སྟེ
898	line-end	23		དགྲ་བཅོམ་པ་འདི་དག་ཐམས་ཅད་ནི་དབང་པོའི་བྱེ་བྲག་ལས་དགུ་ཁོ་ན་ཡིན་ཏེ། ཇི་ལྟར་བྱས་པས་ཤ
899	verse-stanza	18		སངས་རྒྱས་གཉིས་དང་ཉན་ཐོས་བདུན། །↵དེ་དགུ་དབང་པོ་རྣམ་དགུ་ཅན། །↵ཉན་ཐོས་བདུན་གང་ཞེ་ན།
900	line-end	26		ཡོངས་སུ་ཉམས་པའི་ཆོས་ཅན་ལ་སོགས་པ་ལྔ་དང་། མི་གཡོ་བའི་ཆོས་ཅན་རྣམ་པ་གཉིས་ཏེ། སྦྱངས་པ
901	ordinal-open	7		དང་པོ་ནས་དེའི་རིགས་ཅན་ནོ། །
902	terminal-particle	19		སངས་རྒྱས་གཉིས་ནི་མི་གཡོ་བའི་བྱེ་བྲག་ཁོ་ན་ཡིན་ཏེ། རང་སངས་རྒྱས་དང་། སངས་རྒྱས་སོ། །
903	terminal-particle	26		དེ་ལྟར་ན་དེ་དག་ནི་ཆུང་ངུའི་ཆུང་ངུ་ལ་སོགས་པ་དབང་པོ་རྣམ་པ་དགུའི་བྱེ་བྲག་གིས་གང་ཟག་
904	terminal-particle	59		འཕགས་པའི་གང་ཟག་རྣམས་ནི་ཐམས་ཅད་དུ་བདུན་ཡིན་ཏེ། དད་པས་རྗེས་སུ་འབྲང་བ་དང་། ཆོས་ཀྱིས
905	terminal-particle	21		གང་ཟག་བདུན་པོ་དེ་དག་ཀྱང་སྦྱོར་བ་དང་། དབང་པོ་སྙོམས་འཇུག་རྣམ་གྲོལ་དང་། །གཉི་གས་བྱས
906	line-end	19		སྦྱོར་བ་ལས་ནི་དད་པས་རྗེས་སུ་འབྲང་བ་དང་། ཆོས་ཀྱིས་རྗེས་སུ་འབྲང་བ་དག་སྟེ།
907	ordinal-open	25		དང་པོ་ཉིད་ནས་གཞན་གྱི་དྲིང་འཇོག་པ་དང་། ཆོས་ཀྱིས་རྗེས་སུ་འབྲང་བ་དག་གིས་དོན་རྣམས་ལ་
908	terminal-particle	36		དབང་པོ་ལས་ནི་དད་པས་མོས་པ་དང་། མཐོང་བས་ཐོབ་པ་དག་སྟེ། དད་པས་མོས་པ་དང་ཤེས་རབ་ལྷག་པའ
909	terminal-particle	26		སྙོམས་པར་འཇུག་པ་ལས་ནི་ལུས་ཀྱིས་མངོན་སུམ་དུ་བྱེད་པ་སྟེ། འགོག་པའི་སྙོམས་པར་འཇུག་པ་
910	terminal-particle	13		རྣམ་པར་གྲོལ་བ་ལས་ནི་ཤེས་རབ་ཀྱིས་རྣམ་པར་གྲོལ་བའོ། །
911	terminal-particle	19		སྙོམས་པར་འཇུག་པ་དང་རྣམ་པར་གྲོལ་བ་ལས་ནི་གཉི་གའི་ཆ་ལས་རྣམ་པར་གྲོལ་བའོ། །
912	terminal-particle	11		མིང་གི་སྒོ་ནས་ནི་གང་ཟག་དེ་བདུན་ཡིན་ནོ། །
913	terminal-particle	37		དེ་དག་དྲུག །རྫས་སུ་ནི་དེ་དག་དྲུག་ཡིན་ཏེ། འདི་ལྟར་ལམ་གསུམ་ལ་གཉིས་གཉིས། མཐོང་བའི་ལ
914	terminal-particle	19		དེ་དག་ཉིད་བསྒོམ་པའི་ལམ་ལ་གཉིས་ཏེ། དད་པས་མོས་པ་དང་། མཐོང་བས་ཐོབ་པ་དག་གོ། །
915	terminal-particle	28		དེ་གཉིས་ཀྱང་མི་སློབ་པའི་ལམ་ལ་གཉིས་ཡིན་ཏེ། དུས་ཀྱིས་རྣམ་པར་གྲོལ་བ་དང་། །དུས་དང་མི
916	line-end	14		དེ་ལ་དད་པས་རྗེས་འབྲང་བ་དབང་པོའི་སྒོ་ནས་ནི་གསུམ་མོ། །
917	verse-stanza	12		རིགས་ཀྱི་སྒོ་ནས་ནི་ལྔའོ། །↵ལམ་གྱི་སྒོ་ནས་བཅོ་ལྔ་སྟེ།
918	terminal-particle	10		བཟོད་པ་བརྒྱད་དང་ཤེས་པ་བདུན་ལ་གནས་པའོ། །
919	terminal-particle	50		འདོད་ཆགས་དང་བྲལ་བའི་སྒོ་ནས་ནི་བདུན་ཅུ་རྩ་གསུམ་སྟེ། འཆིང་བ་མཐའ་དག་དང་ལྡན་པ་དང་འདོ
920	terminal-particle	15		རྟེན་གྱི་སྒོ་ནས་ནི་དགུ་སྟེ། གླིང་གསུམ་དང་ལྷའི་རིས་དྲུག་ཏུ་སྐྱེས་པའོ། །
921	terminal-particle	45		དབང་པོ་དང་རིགས་དང་ལམ་དང་འདོད་ཆགས་དང་བྲལ་བ་དང་རྟེན་གྱི་སྒོ་ནས་བསྡོམས་ན་ནི། འབུམ་བ
922	line-end	25		གཉི་གའི་ཆ་ལས་རྣམ་པར་གྲོལ་བ་ཞེས་བྱ་བ་འདི་ནི་གང་། ཤེས་རབ་ཀྱིས་རྣམ་པར་གྲོལ་བ་ནི་གང་
923	verse-stanza	13		འགོག་ཐོབ་གཉི་ག་ལས་རྣམ་གྲོལ། །↵ཤེས་རབ་ཀྱིས་ནི་ཅིག་ཤོས་སོ། །
924	terminal-particle	47		གང་འགོག་པའི་སྙོམས་པར་འཇུག་པ་ཐོབ་པ་དེ་ནི་གཉི་གའི་ཆ་ལས་རྣམ་པར་གྲོལ་བ་ཡིན་ཏེ། ཤེས་ར
925	terminal-particle	30		ཅིག་ཤོས་ནི་ཤེས་རབ་ཀྱིས་རྣམ་པར་གྲོལ་བ་ཡིན་ཏེ། ཤེས་རབ་ཀྱི་སྟོབས་ཀྱིས་ཉོན་མོངས་པའི་
926	line-end	4		བཅོམ་ལྡན་འདས་ཀྱིས།
927	verse-stanza	17		འདི་ལ་གང་ཞིག་ཉོན་མོངས་ལྔ་སྤངས་ཏེ། །↵མི་འཕྲོགས་ཆོས་ལྡན་སློབ་པ་ཡོངས་སུ་རྫོགས། །
928	line-end	16		ཞེས་གང་གསུངས་པ། ཇི་ཙམ་གྱིས་ན་སློབ་པ་ཡོངས་སུ་རྫོགས་པ་ཡིན་ཞེ་ན།
929	verse-stanza	12		སྙོམས་འཇུག་དབང་པོ་འབྲས་རྣམས་ཀྱིས། །↵སློབ་པ་ཡོངས་རྫོགས་ཞེས་བྱའོ། །
930	terminal-particle	22		སློབ་པ་ཡོངས་སུ་རྫོགས་པ་ནི་རྣམ་པ་གསུམ་སྟེ། འབྲས་བུ་དང་། དབང་པོ་དང་། སྙོམས་པར་འཇུག
931	terminal-particle	25		ཕྱིར་མི་འོང་བ་དད་པས་མོས་པ་ལུས་ཀྱིས་མངོན་སུམ་དུ་བྱེད་པ་མ་ཡིན་པ་ནི་འབྲས་བུ་ཁོ་ན་ལས
932	terminal-particle	17		མཐོང་བས་ཐོབ་པ་འདོད་ཆགས་དང་མ་བྲལ་བ་ནི་དབང་པོ་ཁོ་ན་ལས་སོ། །
933	terminal-particle	26		ཕྱིར་མི་འོང་བ་མཐོང་བས་ཐོབ་པ་ལུས་ཀྱིས་མངོན་སུམ་དུ་བྱེད་པ་མ་ཡིན་པ་ནི་འབྲས་བུ་དང་དབ
934	terminal-particle	23		དད་པས་མོས་པ་ལུས་ཀྱིས་མངོན་སུམ་དུ་བྱེད་པ་ནི་འབྲས་བུ་དང་སྙོམས་པར་འཇུག་པ་ཁོ་ན་ལས་སོ
935	terminal-particle	24		མཐོང་བས་ཐོབ་པ་ལུས་ཀྱིས་མངོན་སུམ་དུ་བྱེད་པ་ནི་འབྲས་བུ་དང་། དབང་པོ་དང་། སྙོམས་པར་འ
936	line-end	23		སྙོམས་པར་འཇུག་པ་ཁོ་ན་དང་། སྙོམས་པར་འཇུག་པ་དང་། དབང་པོ་ལས་ཡོངས་སུ་རྫོགས་པ་ཉིད་ནི་
937	verse-stanza	15		གཉིས་ཀྱིས་མི་སློབ་ཡོངས་སུ་རྫོགས། །↵དབང་པོ་དང་སྙོམས་པར་འཇུག་པ་ལས་སོ། །
938	terminal-particle	37		འབྲས་བུ་ཡོངས་སུ་མ་རྫོགས་པ་ལ་ནི་མི་སློབ་པ་ཉིད་ཀྱང་མེད་པ་ཁོ་ན་ཡིན་པས་འདིའི་འབྲས་བུ
939	terminal-particle	23		ཤེས་རབ་ཀྱིས་རྣམ་པར་གྲོལ་བ་དུས་དང་མི་སྦྱོར་བར་རྣམ་པར་གྲོལ་བ་ནི་དབང་པོ་ཁོ་ན་ལས་སོ།
940	terminal-particle	23		གཉི་གའི་ཆ་ལས་རྣམ་པར་གྲོལ་བ་དུས་ཀྱིས་རྣམ་པར་གྲོལ་བ་ནི་སྙོམས་པར་འཇུག་པ་ཁོ་ན་ལས་སོ།
941	terminal-particle	28		གཉི་གའི་ཆ་ལས་རྣམ་པར་གྲོལ་བ་དུས་དང་མི་སྦྱོར་བར་རྣམ་པར་གྲོལ་བ་ནི་དབང་པོ་དང་སྙོམས་པ
942	line-end	74		འཇིག་རྟེན་པ་དང་འཇིག་རྟེན་ལས་འདས་པ་དང་། མཐོང་བ་དང་བསྒོམ་པ་དང་མི་སློབ་པའི་ལམ་རྣམས་
943	verse-stanza	14		ཁྱད་པར་ཅན་དང་རྣམ་གྲོལ་དང་། །↵བར་ཆད་མེད་དང་སྦྱོར་ཞེས་བྱ། །
944	terminal-particle	16		སྦྱོར་བའི་ལམ་ནི་གང་གི་མཇུག་ཐོགས་སུ་བར་ཆད་མེད་པའི་ལམ་སྐྱེ་བའོ། །
945	terminal-particle	14		བར་ཆད་མེད་པའི་ལམ་ནི་གང་གིས་སྒྲིབ་པ་རབ་ཏུ་སྤོང་བའོ། །
946	terminal-particle	27		རྣམ་པར་གྲོལ་བའི་ལམ་ནི་དེས་སྤང་བར་བྱ་བའི་སྒྲིབ་པ་ལས་ངེས་པར་གྲོལ་པ་དང་པོ་ཉིད་དུ་སྐ
947	terminal-particle	15		ཁྱད་པར་ཅན་གྱི་ལམ་ནི་དེ་དག་ལས་གཞན་པའི་ལམ་གང་ཡིན་པའོ། །
948	terminal-particle	31		ཅིའི་ཕྱིར་ལམ་ཞེས་བྱ་ཞེ་ན། དེ་ནས་དེར་འགྲོ་བའི་ཕྱིར་རམ། འདིས་མྱ་ངན་ལས་འདས་པ་ཚོལ་བའ
949	terminal-particle	49		རྣམ་པར་གྲོལ་བ་དང་ཁྱད་པར་ཅན་གྱི་ལམ་དག་ཇི་ལྟར་ན་ལམ་ཉིད་ཡིན་ཞེ་ན། དེ་དང་འདྲ་བ་དང་། 
950	quote-close	18		ཡང་ལམ་ཉིད་མྱ་ངན་ལས་འདས་པ་སྒྲུབ་པར་བྱེད་པའི་ཕྱིར་སྒྲུབ་པ་ཞེས་གསུངས་སོ། །
951	terminal-particle	34		ལམ་ནི་བཞི་སྟེ། མངོན་པར་ཤེས་པ་བུལ་ལ་དཀའ་བའི་ལམ་ཡང་ཡོད། མངོན་པར་ཤེས་པ་མྱུར་ལ་དཀའ་བ
952	terminal-particle	44		དེ་ལ། བསམ་གཏན་དག་གི་ལམ་རྣམས་སླ། །བསམ་གཏན་བཞིའི་ལམ་ནི་སླ་བ་ཡིན་ཏེ། ཡན་ལག་གིས་ཡོངས
953	line-end	74		ས་གཞན་དག་གི་དཀའ་བ་ཡིན། །མི་ལྕོགས་པ་མེད་པ་དང་། བསམ་གཏན་ཁྱད་པར་ཅན་དང་། གཟུགས་མེད་པ
954	verse-stanza	19		ལམ་དེ་ཡང་རྣམ་པ་གཉིས་ཏེ།↵བློ་རྟུལ་མངོན་ཤེས་བུལ་བ་སྟེ། །↵ཅིག་ཤོས་ཀྱི་ནི་མངོན་ཤེས་མ
955	terminal-particle	20		དབང་པོ་རྟུལ་པོ་ནི་ལམ་སླ་བའམ་དཀའ་བ་ཡང་རུང་སྟེ། མངོན་པར་ཤེས་པ་བུལ་བ་ཡིན་ནོ། །
956	terminal-particle	13		དབང་པོ་རྣོན་པོ་ནི་མངོན་པར་ཤེས་པ་མྱུར་བ་ཡིན་ནོ། །
957	terminal-particle	30		ལམ་ཉིད་ལ་མངོན་པར་ཤེས་པ་བུལ་བ་ཡོད་པས་ན་འདི་ནི་མངོན་པར་ཤེས་པ་བུལ་བ་སྟེ། མངོན་པར་ཤེ
958	terminal-particle	29		ཡང་ན་འདི་གང་ཟག་དབང་པོ་རྟུལ་པོའི་ཡིན་པས་མངོན་པར་ཤེས་པ་བུལ་བ་ཡིན་ལ། ཡིད་རྣོན་པོའི་
959	line-end	64		ལམ་འདི་ནི་བྱང་ཆུབ་ཀྱི་ཕྱོགས་དང་མཐུན་པ་ཞེས་བྱ་བའི་མིང་འཐོབ་སྟེ། བྱང་ཆུབ་ཀྱི་ཕྱོགས
960	verse-stanza	15		འཕགས་པའི་ལམ་ཡན་ལག་བརྒྱད་དོ། །↵དེ་ལ་ཟད་དང་མི་སྐྱེ་ཤེས་པ་ནི། །
961	terminal-particle	83		བྱང་ཆུབ་ཟད་པ་དང་མི་སྐྱེ་བ་ཤེས་པ་ན་གང་ཟག་གི་བྱེ་བྲག་གིས་ཉན་ཐོས་ཀྱི་བྱང་ཆུབ་དང་། ར
962	line-end	5		དེ་དང་མཐུན་ཉིད་ཕྱིར།
963	verse-stanza	13		སུམ་ཅུ་རྩ་བདུན་དེའི་ཕྱོགས་མཐུན། །↵བྱང་ཆུབ་དང་མཐུན་པའི་ཕྱིར་རོ། །
964	terminal-particle	16		མིང་གི་སྒོ་ནས། བྱང་ཆུབ་ཀྱི་ཕྱོགས་དང་མཐུན་པ་སུམ་ཅུ་རྩ་བདུན་ཞེས་བྱའོ། །
965	line-end	19		རྫས་སུ་བཅུ། བྱང་ཆུབ་ཀྱི་ཕྱོགས་དང་མཐུན་པ་ཐམས་ཅད་ནི་རྫས་སུ་བཅུ་སྟེ། བཅུ་གང་ཞེ་ན།
966	verse-stanza	20		དད་དང་བརྩོན་འགྲུས་དྲན་པ་དང་། །↵ཤེས་རབ་ཏིང་འཛིན་བཏང་སྙོམས་དགའ། །↵རྟོག་དང་ཚུལ་ཁྲིམ
967	line-end	10		དེ་ལྟར་བྱས་ན་དེ་དག་ནི་རྫས་སུ་བཅུའོ། །
968	verse-stanza	24		ཇི་ལྟར་བྱས་པས་ཤེ་ན།↵དྲན་པ་ཉེར་གཞག་ཤེས་རབ་སྟེ། །↵བརྩོན་འགྲུས་ཡང་དག་འཇོག་ཅེས་བྱ། །
969	terminal-particle	37		དྲན་པ་ཉེ་བར་གཞག་པ་དང་ཡང་དག་པར་རབ་ཏུ་འཇོག་པ་དང་། རྫུ་འཕྲུལ་གྱི་རྐང་པ་རྣམས་ནི་ཤེས་
970	terminal-particle	66		དེའི་ཕྱིར་རེ་ཞིག་དབང་པོ་དང་སྟོབས་རྣམས་ནི་མིང་གིས་སྨོས་པ་དད་པ་དང་བརྩོན་འགྲུས་དང་ད
971	terminal-particle	31		ཡང་དག་པར་རབ་ཏུ་འཇོག་པ་རྣམས་དང་། བརྩོན་འགྲུས་ཡང་དག་བྱང་ཆུབ་ཀྱི་ཡན་ལག་དང་། ཡང་དག་པ
972	terminal-particle	32		རྫུ་འཕྲུལ་གྱི་རྐང་པ་རྣམས་དང་། ཏིང་ངེ་འཛིན་ཡང་དག་བྱང་ཆུབ་ཀྱི་ཡན་ལག་དང་། ཡང་དག་པའི
973	terminal-particle	22		དྲན་པ་ཡང་དག་བྱང་ཆུབ་ཀྱི་ཡན་ལག་དང་། ཡང་དག་པའི་དྲན་པ་ནི་དྲན་པ་ཁོ་ན་ཡིན་ནོ། །
974	terminal-particle	55		ཅི་ཞིག་ལུས་ཤེ་ན། དགའ་བ་དང་། ཤིན་ཏུ་སྦྱངས་པ་དང་། བཏང་སྙོམས་ཡང་དག་བྱང་ཆུབ་ཀྱི་ཡན་ལ
975	terminal-particle	38		བྱེ་བྲག་ཏུ་སྨྲ་བ་རྣམས་ཀྱི་ལྟར་ན་ལུས་དང་ངག་གི་ལས་དག་ཐ་དད་ཅིང་རིགས་མི་མཐུན་པའི་ཕྱི
976	terminal-particle	43		འདི་སྐད་དུ་དྲན་པ་ཉེ་བར་གཞག་པ་ལ་སོགས་པ་ནི་ཤེས་རབ་དང་བརྩོན་འགྲུས་དང་། ཏིང་འཛིན་གྱི
977	terminal-particle	49		དེ་དག་ནི། སྦྱོར་བྱུང་ཡོན་ཏན་ཀུན་ཀྱང་ཡིན། །གཙོ་བོ་སྨོས་པས་དེ་སྐད་བཤད་ཀྱི། དྲན་པ་ཉ
978	terminal-particle	27		ཅིའི་ཕྱིར་བརྩོན་འགྲུས་ལ་ཡང་དག་པར་རབ་ཏུ་འཇོག་པ་ཞེས་བཤད་ཅེ་ན། དེས་ལུས་དང་ངག་དང་ཡིད
979	terminal-particle	27		ཅིའི་ཕྱིར་ཏིང་ངེ་འཛིན་ལ་རྫུ་འཕྲུལ་གྱི་རྐང་པ་ཞེས་བཤད་ཅེ་ན། དེ་ནི་ཡོན་ཏན་ཐམས་ཅད་སྦ
980	terminal-particle	112		གང་དག་རྫུ་འཕྲུལ་ནི་ཏིང་ངེ་འཛིན་ཁོ་ན་ཡིན་ལ། འདུན་པ་ལ་སོགས་པ་ནི་རྐང་པ་ཡིན་ནོ་ཞེས་ཟ
981	terminal-particle	30		ཅིའི་ཕྱིར་དབང་པོ་རྣམས་ཁོ་ན་ཡང་སྟོབས་རྣམས་སུ་བཤད་ཅེ་ན། ཆུང་ངུ་དང་ཆེན་པོའི་བྱེ་བྲག
982	terminal-particle	24		དབང་པོ་རྣམས་ཀྱི་གོ་རིམས་ཅིས་བྱས་ཤེ་ན། དད་པར་གྱུར་པ་ནི་འབྲས་བུའི་དོན་དུ་བརྩོན་འགྲ
983	terminal-particle	12		བརྩོན་འགྲུས་བརྩམས་ན་དྲན་པ་ཉེ་བར་གནས་པར་འགྱུར་རོ། །
984	terminal-particle	17		དྲན་པ་ཉེ་བར་གནས་ན་རྣམ་པར་མི་གཡེང་བའི་ཕྱིར་སེམས་མཉམ་པར་འཇོག་གོ། །
985	terminal-particle	18		སེམས་མཉམ་པར་གཞག་ན་ཡང་དག་པ་ཇི་ལྟ་བ་བཞིན་རབ་ཏུ་ཤེས་པར་འགྱུར་རོ། །
986	line-end	26		གནས་སྐབས་གང་དུ་བྱང་ཆུབ་ཀྱི་ཕྱོགས་དང་མཐུན་པ་གང་ཞིག་རབ་ཏུ་འབྱེད་ཅེ་ན་བྱེ་བྲག་ཏུ་སྨ
987	verse-stanza	26		སྡེ་ཚན་བདུན་ནི་གོ་རིགས་བཞིན། །↵ལས་ནི་དང་པོ་པ་དག་དང་། །↵ངེས་འབྱེད་ཆ་མཐུན་རྣམས་དང་
988	terminal-particle	26		ལས་དང་པོ་པའི་གནས་སྐབས་སུ་ནི་ལུས་ལ་སོགས་པ་ལ་ཉེ་བར་བརྟག་པའི་ཕྱིར་དྲན་པ་ཉེ་བར་གཞག་པ
989	terminal-particle	28		ཁྱད་པར་ཐོབ་པས་བརྩོན་འགྲུས་ཡང་དག་པར་སྤེལ་བའི་ཕྱིར་དྲོ་བར་གྱུར་པ་དག་ལ་ནི་ཡང་དག་པར་
990	terminal-particle	26		ཡོངས་སུ་ཉམས་པར་མི་འགྱུར་བའི་དགེ་བའི་རྩ་བ་ལ་འཇུག་པའི་ཕྱིར་རྩེ་མོ་དག་ནི་རྫུ་འཕྲུལ་
991	terminal-particle	24		ཡང་ཡོངས་སུ་ཉམས་པར་མི་འགྱུར་བའི་སྒོ་ནས་དབང་པོ་ཐོབ་པའི་ཕྱིར་བཟོད་པ་དག་ལ་ནི་དབང་པོ་
992	terminal-particle	30		ཉོན་མོངས་པ་རྣམས་ཀྱིས་མི་བརྫི་བའི་ཕྱིར་རམ། འཇིག་རྟེན་པའི་ཆོས་ཅན་གཞན་དག་གིས་མི་བརྫ
993	terminal-particle	19		བྱང་ཆུབ་དང་ཉེ་བའི་ཕྱིར་བསྒོམ་པའི་ལམ་དག་ལ་ནི་བྱང་ཆུབ་ཀྱི་ཡན་ལག་རྣམས་སོ། །
994	terminal-particle	27		འགྲོ་བས་རབ་ཏུ་ཕྱེ་བའི་ཕྱིར་མཐོང་བའི་ལམ་ལ་ནི་ལམ་གྱི་ཡན་ལག་རྣམས་ཏེ། དེ་ནི་མྱུར་བར་
995	terminal-particle	17		གྲངས་ཀྱི་རིམ་པ་བཞིན་དུ་བྱ་བའི་ཕྱིར་སྔར་བདུན་བཤད་ལ་ཕྱིས་བརྒྱད་བཤད་དོ། །
996	terminal-particle	28		དེ་ལ་ཆོས་རྣམ་པར་འབྱེད་པ་ཡང་དག་བྱང་ཆུབ་ཀྱི་ཡན་ལག་ནི་བྱང་ཆུབ་ཀྱང་ཡིན་ལ་བྱང་ཆུབ་ཀྱི
997	terminal-particle	20		ཡང་དག་པའི་ལྟ་བ་ནི་ལམ་ཡང་ཡིན་ལ་ལམ་གྱི་ཡན་ལག་ཀྱང་ཡིན་ནོ་ཞེས་ཟེར་རོ། །
998	terminal-particle	24		གཞན་དག་ནི་གོ་རིམས་མ་ཉམས་པ་ཁོ་ནར་བྱང་ཆུབ་ཀྱི་ཕྱོགས་དང་མཐུན་པ་རྣམས་གོ་རིམས་བཞིན་དུ
999	terminal-particle	30		རེ་ཞིག་དང་པོ་ཁོ་ནར་ཡུལ་རྣམ་པ་མང་པོ་ལ་གཡེང་བར་འཕྲོ་བའི་བློ་རྣམས་ཚར་བཅད་པའི་ཕྱིར་ད
1000	terminal-particle	45		དྲན་པ་ཉེ་བར་གཞག་པ་བཞི་པོ་འདི་དག་ནི་དེའི་སེམས་ཀྱི་ཉེ་བར་འདོགས་པ་ཡིན་ཏེ། མདོ་ལས་འད
1001	terminal-particle	36		དེའི་སྟོབས་ཀྱིས་བརྩོན་འགྲུས་ཡང་དག་པར་འཕེལ་བས་དགོས་པ་རྣམ་པ་བཞི་བསྒྲུབ་པའི་ཕྱིར་སེ
1002	terminal-particle	18		དེའི་འོག་ཏུ་ཏིང་ངེ་འཛིན་རྣམ་པར་སྦྱོང་བའི་ཕྱིར་རྫུ་འཕྲུལ་གྱི་རྐང་པ་རྣམས་སོ། །
1003	terminal-particle	32		ཏིང་ངེ་འཛིན་ལ་ཡང་དག་པར་བརྟེན་ནས་འཇིག་རྟེན་ལས་འདས་པའི་ཆོས་རྣམས་ཀྱི་བདག་པོར་འགྱུར་
1004	terminal-particle	20		དེ་དག་ཉིད་མི་མཐུན་པའི་ཕྱོགས་ཀུན་ཏུ་སྤྱོད་པ་ལས་ངེས་པར་རྒྱལ་བ་ནི་སྟོབས་རྣམས་སོ། །
1005	line-end	12		མཐོང་བའི་ལམ་ལ་ནི་བྱང་ཆུབ་ཀྱི་ཡན་ལག་རྣམས་ཏེ།
1006	ordinal-open	13		དང་པོ་ཉིད་དུ་ཆོས་ཀྱི་དེ་ཁོ་ན་རྟོགས་པའི་ཕྱིར་རོ། །
1007	quote-close	61		གཉི་ག་ལ་ནི་ལམ་གྱི་ཡན་ལག་རྣམས་ཏེ། འདི་ལྟར་འཕགས་པའི་ལམ་ཡན་ལག་བརྒྱད་པ་བསྒོམ་པ་ཡོངས་
1008	terminal-particle	29		ཡང་དགེ་སློང་ཡང་དག་པ་ཇི་ལྟ་བ་བཞིན་གྱི་ཚིག་བརྗོད་པ་ཞེས་བྱ་བ་འདི་ནི་འཕགས་པའི་བདེན་པ
1009	quote-close	29		དགེ་སློང་ཇི་ལྟར་རྟོགས་པའི་ལམ་གྱིས་འཇུག་ཅེས་བྱ་བ་འདི་ནི་འཕགས་པའི་ལམ་ཡན་ལག་བརྒྱད་ཀ
1010	terminal-particle	24		དེ་ལྟ་བས་ན་གཉི་ག་ལ་འཕགས་པའི་ལམ་ཡན་ལག་བརྒྱད་འདོད་པར་བྱ་དགོས་པས་གོ་རིམས་གྲུབ་པ་ཡིན
1011	terminal-particle	59		བྱང་ཆུབ་ཀྱི་ཕྱོགས་དང་མཐུན་པ་དུ་ཞིག་ནི་ཟག་པ་དང་བཅས་པ་དག་ཡིན། དུ་ཞིག་ནི་ཟག་པ་མེད་པ
1012	terminal-particle	30		འཇིག་རྟེན་པའི་ཡང་དག་པའི་ལྟ་བ་ལ་སོགས་པ་ཡང་ཡོད་མོད་ཀྱི། དེ་དག་ནི་འཕགས་པའི་ལམ་ཞེས་བ
1013	terminal-particle	23		བྱང་ཆུབ་ཀྱི་ཕྱོགས་དང་མཐུན་པ་གཞན་དག་ནི་ཟག་པ་དང་བཅས་པ་དང་ཟག་པ་མེད་པ་ཡང་ཡིན་ནོ། །
1014	terminal-particle	35		ས་གང་ན་བྱང་ཆུབ་ཀྱི་ཕྱོགས་དང་མཐུན་པ་དུ་ཞིག་ཡོད་ཅེ་ན་བསམ་གཏན་དང་པོ་ན་ཐམས་ཅད། བསམ་ག
1015	terminal-particle	39		མི་ལྕོགས་མེད་ན་དགའ་མ་གཏོགས། །ཅིའི་ཕྱིར་མི་ལྕོགས་པ་མེད་པ་ན་དགའ་བ་མེད་ཅེ་ན། ཉེར་བས
1016	ordinal-open	35		གཉིས་པ་ན་ནི་རྟོག་མ་གཏོགས། །བསམ་གཏན་གཉིས་པ་ན་ནི་ཡང་དག་པའི་རྟོག་པ་མ་གཏོགས་པ་སུམ་ཅུ
1017	terminal-particle	31		གཉིས་ན་དེ་གཉིས་མ་གཏོགས་པ། བསམ་གཏན་གསུམ་པ་དང་བཞི་པ་དག་ན་ནི་དགའ་བ་དང་རྟོག་པ་དག་མ་ག
1018	terminal-particle	18		བསམ་གཏན་བར་ནའང་། དེ་གཉིས་ཉིད་མ་གཏོགས་པ་སུམ་ཅུ་རྩ་ལྔ་ཁོ་ན་ཡོད་དོ། །
1019	terminal-particle	48		གཟུགས་མེད་པ། གསུམ་ནའང་དེ་དང་མཚུངས་ཡན་ལག །མ་གཏོགས་ཞེས་བྱ་བར་སྦྱར་ཏེ། གཟུགས་མེད་པ་
1020	terminal-particle	36		བྱང་ཆུབ་དང་ནི་ལམ་ཡན་ལག །མ་གཏོགས་འདོད་ཁམས་སྲིད་རྩེ་ན། །དེ་གཉིས་ནི་ཟག་པ་མེད་པའི་ལམ
1021	line-end	26		བྱང་ཆུབ་ཀྱི་ཕྱོགས་དང་མཐུན་པ་རྣམས་ལ་གནས་པ་གནས་སྐབས་གང་དུ་ཤེས་ནས་དད་པ་འཐོབ་པར་རིག་
1022	verse-stanza	28		བདེན་གསུམ་མཐོང་ན་ཚུལ་ཁྲིམས་དང་། །↵ཆོས་ལ་ཤེས་ནས་དད་པ་འཐོབ། །↵ལམ་མངོན་རྟོགས་ན་སངས་
1023	terminal-particle	32		སྡུག་བསྔལ་དང་ཀུན་འབྱུང་བ་དང་འགོག་པའི་བདེན་པ་རྣམས་མངོན་པར་རྟོགས་ན་ཆོས་ལ་ཤེས་ནས་དད
1024	terminal-particle	61		ལམ་གྱི་བདེན་པ་མངོན་པར་རྟོགས་ན་སངས་རྒྱས་དང་། དེའི་ཉན་ཐོས་ཀྱི་དགེ་འདུན་ལ་ཤེས་ནས་དད
1025	terminal-particle	21		ཡང་ཞེས་བྱ་བའི་སྒྲས་ནི་ཚུལ་ཁྲིམས་དང་ཆོས་ལ་ཤེས་ནས་དད་པ་དག་ཀྱང་འཐོབ་པར་སྟོན་ཏོ། །
1026	line-end	10		འདིར་གང་ལ་ཆོས་སུ་དགོངས་པ་ཡིན་ཞེ་ན།
1027	verse-stanza	13		ཆོས་བདེན་གསུམ་དང་རང་སངས་རྒྱས། །↵བྱང་ཆུབ་སེམས་དཔའི་ལམ་ཡིན་ནོ། །
1028	quote-close	39		དེའི་ཕྱིར་བདེན་པ་བཞི་ཆར་ཡང་མངོན་པར་རྟོགས་ན་ཆོས་ལ་ཤེས་ནས་དད་པ་འཐོབ་པོ། །དེ་དག་ནི་
1029	terminal-particle	29		རྫས་སུ་གཉིས་ཏེ་དད་པ་དང་། ཚུལ་ཁྲིམས། སངས་རྒྱས་དང་ཆོས་དང་དགེ་འདུན་ལ་ཤེས་ནས་དད་པ་རྣ
1030	terminal-particle	15		འཕགས་པ་དགྱེས་པའི་ཚུལ་ཁྲིམས་རྣམས་ནི་ཚུལ་ཁྲིམས་ཡིན་པས་རྫས་གཉིས་སོ། །
1031	terminal-particle	62		ཅི་འདི་དག་ཟག་པ་དང་བཅས་པ་དག་ཅིག་གམ་ཟག་པ་མེད་པ་དག་ཅིག་ཡིན་ཞེ་ན། ཤེས་ནས་དད་པ་རྣམས་ན
1032	terminal-particle	20		འདི་དག་གི་རིམ་པ་ནི་ལངས་ནས་ཇི་ལྟར་མངོན་སུམ་དུ་བྱེད་པ་དེ་བཞིན་དུ་བཀོད་དོ། །
1033	terminal-particle	23		ལངས་ནས་ཇི་ལྟར་མངོན་སུམ་བྱེད་ཅེ་ན། ཀྱེ་མ་བཅོམ་ལྡན་འདས་ནི་ཡང་དག་པར་རྫོགས་པའི་སངས་ར
1034	terminal-particle	11		དེའི་ཆོས་འདུལ་བ་ནི་ལེགས་པར་གསུངས་པ་ཡིན་ནོ། །
1035	terminal-particle	33		དེའི་ཉན་ཐོས་ཀྱི་དགེ་འདུན་ནི་ལེགས་པར་ཞུགས་པ་ཡིན་ནོ་ཞེས་བྱ་བར་མངོན་སུམ་དུ་བྱེད་དེ།
1036	terminal-particle	37		སེམས་རབ་ཏུ་དང་བས་བྱས་པའི་ཚུལ་ཁྲིམས་ཀྱང་རབ་ཏུ་དང་བ་ཡིན་པས་ཐ་མར་བཞི་པ་བཤད་དེ། འདི་
1037	terminal-particle	13		ཡང་ན་ནད་མེད་པ་ལྟ་བུར་གྱུར་པ་ཡིན་པའི་ཕྱིར་རོ། །
1038	terminal-particle	18		ཡང་ན་སྟོན་པར་བྱེད་པ་དང་། ལམ་དང་། ལམ་གྲོགས་དང་། བཞོན་པ་ལྟ་བུ་ཡིན་ནོ། །
1039	terminal-particle	11		མདོ་ལས་སློབ་པ་ནི་ཡན་ལག་བརྒྱད་དང་ལྡན་ནོ། །
1040	terminal-particle	83		མི་སློབ་པ་ནི་ཡན་ལག་བཅུ་དང་ལྡན་ནོ་ཞེས་གསུངས་པ། ཅིའི་ཕྱིར་སློབ་པ་ལ་ཡང་དག་པའི་རྣམ་པ
1041	terminal-particle	70		རྣམ་པར་གྲོལ་བ་མེད་པར་ཡང་ཇི་ལྟར་རྣམ་པར་གྲོལ་བའི་ཤེས་པ་རྣམ་པར་གཞག །མི་སློབ་པ་ནི་ཉོ
1042	terminal-particle	18		རྣམ་པར་གྲོལ་ཞེས་བྱ་བ་འདི་ཅི་ཞེ་ན། དེ་རྣམ་གཉིས། འདུས་བྱས་དང་འདུས་མ་བྱས་སོ། །
1043	terminal-particle	26		དེ་ལ། ཉོན་མོངས་བཅོམ་པ་འདུས་མ་བྱས། །མོས་པ་འདུས་བྱས་ཉོན་མོངས་པ་སྤངས་པ་ནི་རྣམ་པར་གྲ
1044	terminal-particle	14		མི་སློབ་པའི་མོས་པ་ནི་རྣམ་པར་གྲོལ་བ་འདུས་བྱས་ཡིན་ནོ། །
1045	terminal-particle	29		ཡན་ལག་ནི་དེ་ཡིན། རྣམ་པར་གྲོལ་བ་འདུས་བྱས་དེ་ནི་མི་སློབ་པའི་ཡན་ལག་ཏུ་བཤད་དེ། ཡན་ལག
1046	quote-open	14		དེ་ཉིད་རྣམ་གྲོལ་གཉིས། རྣམ་པར་གྲོལ་བ་འདུས་བྱས་དེ་ཉིད་མདོ་ལས།
1047	terminal-particle	32		སེམས་རྣམ་པར་གྲོལ་བ་དང་། ཤེས་རབ་རྣམ་པར་གྲོལ་བ་དང་། རྣམ་པར་གྲོལ་བ་གཉིས་སུ་གསུངས་ཏེ
1048	quote-open	6		གཞན་དག་ན་རེ་མདོ་ལས།
1049	terminal-particle	114		སྟག་གི་བྱང་ཆུབ་ཀྱི་བུ་དག་རྣམ་པར་གྲོལ་བ་ཡོངས་སུ་དག་པ་གཙོ་བོ་གང་ཡིན་ཞེ་ན། འདི་ན་དག
1050	terminal-particle	31		འོ་ན་ཅི་ཞེ་ན། དེ་ཁོ་ན་ཤེས་པས་འདོད་ཆགས་ལ་སོགས་པ་སྤངས་ནས་སེམས་དྲི་མ་མེད་པ་ཉིད་རྣམ་
1051	terminal-particle	10		ཡང་དག་པའི་རྣམ་པར་གྲོལ་བ་བཤད་ཟིན་ཏོ། །
1052	terminal-particle	60		ཡང་དག་པའི་ལྟ་བ་ལས་མ་གཏོགས་པ་ཡང་དག་པའི་ཤེས་པ་གང་ཞིག་ཡིན་ཞེ་ན། བྱང་ཆུབ་ཇི་སྐད་བཤད་
1053	line-end	20		སེམས་གང་ཞིག་རྣམ་པར་གྲོལ་བར་འགྱུར། ཅི་འདས་པའམ་མ་འོངས་པའམ་ད་ལྟར་བྱུང་བ་ཡིན་ཞེ་ན།
1054	verse-stanza	13		མི་སློབ་སེམས་ནི་སྐྱེ་འགྱུར་བ། །↵སྒྲིབ་པ་ལས་ནི་རྣམ་གྲོལ་འགྱུར། །
1055	terminal-particle	44		བསྟན་བཅོས་ལས་མི་སློབ་པའི་སེམས་མ་འོངས་པ་སྒྲིབ་པ་རྣམ་ལས་རྣམ་པར་གྲོལ་བར་འགྱུར་རོ་ཞེ
1056	terminal-particle	31		རྡོ་རྗེ་ལྟ་བུའི་ཏིང་ངེ་འཛིན་གྱི་ཚེ་དེ་ཡང་སྤོང་བར་འགྱུར་ལ་མི་སློབ་པའི་སེམས་སྐྱེ་བ
1057	terminal-particle	19		དེ་སྤངས་ནས་ནི་མི་སློབ་པའི་སེམས་དེ་ཡང་སྐྱེས་པ་དང་རྣམ་པར་གྲོལ་བ་ཡིན་ནོ། །
1058	terminal-particle	42		འོ་ན་སྐྱེ་བར་འགྱུར་བ་མ་ཡིན་པ་དང་། འཇིག་རྟེན་པ་གང་ཡིན་པ་ཇི་ལྟ་བུ་ཞེ་ན། དེ་དག་ཀྱང་
1059	terminal-particle	19		གང་ལས་འཇིག་རྟེན་པ་རྣམ་པར་གྲོལ་བར་འགྱུར་ཞེ་ན། སྐྱེ་བའི་སྒྲིབ་པ་དེ་ཉིད་ལས་སོ། །
1060	terminal-particle	22		མ་གྲོལ་བ་ལ་ཡང་འཇིག་རྟེན་པའི་སྐྱེ་བར་འགྱུར་བ་མ་ཡིན་ནམ་ཞེ་ན། དེ་ནི་དེ་དང་མི་འདྲའོ།
1061	terminal-particle	15		དེ་ཅི་འདྲ་ཞེ་ན། ཉོན་མོངས་པའི་ཐོབ་པ་དང་ལྷན་ཅིག་པ་ཡིན་ནོ། །
1062	line-end	15		གནས་སྐབས་གང་ཡིན་པའི་ལམ་གྱིས་དེ་སྐྱེ་བའི་སྒྲིབ་པ་སྤོང་ཞེ་ན།
1063	verse-stanza	22		འགག་པར་འགྱུར་བའི་ལམ་གྱིས་ནི། །↵དེ་ཡི་སྒྲིབ་པ་རབ་ཏུ་སྤོང་། །↵དེ་ལྟར་གྱི་ཞེས་བྱ་བའ
1064	terminal-particle	63		རྣམ་པར་གྲོལ་བ་འདུས་མ་བྱས་སུ་བཤད་པ་གང་ཡིན་པ་དང་། ཁམས་གསུམ་པོ་སྤངས་པའི་ཁམས་དང་། འད
1065	terminal-particle	20		དེ་ལ། འདོད་ཆགས་ཀུན་ཟད་འདོད་ཆགས་བྲལ། །འདོད་ཆགས་སྤངས་པ་ནི་འདོད་ཆགས་དང་བྲལ་བའི་ཁམས་
1066	terminal-particle	7		སྤངས་པའི་ཁམས་ནི་གཞན་དག་གོ། །
1067	terminal-particle	26		ཡང་དག་པར་ཟད་པ་ཞེས་བྱ་བར་སྦྱར་ཏེ། འདོད་ཆགས་ལས་གཞན་པའི་ཉོན་མོངས་པ་རྣམས་སྤངས་པ་ནི་ས
1068	terminal-particle	33		འགོག་པའི་ཁམས་ཞེས་བྱ་བ་གཞི། །ཡང་དག་པར་ཟད་པ་ཞེས་བྱ་བ་ཁོ་ནར་སྦྱར་ཏེ། ཉོན་མོངས་པ་ལས་
1069	terminal-particle	23		དངོས་པོ་གང་གིས་ཡིད་འབྱུང་བར་འགྱུར་བའི་དངོས་པོ་དེས་འདོད་ཆགས་དང་བྲལ་བར་ཡང་འགྱུར་རམ
1070	terminal-particle	39		ཇི་ལྟར་བྱས་པས་ཤེ་ན། སྡུག་བསྔལ་རྒྱུ་བཟོད་ཤེས་རྣམས་ཀྱིས། །ཡིད་འབྱུང་སྡུག་བསྔལ་དང་ཀ
1071	terminal-particle	48		གང་གིས་སྤོང་འགྱུར་བ། ཀུན་གྱིས་འདོད་ཆགས་བྲལ་བར་འགྱུར། །སྡུག་བསྔལ་དང་ཀུན་འབྱུང་བ་ད
1072	terminal-particle	50		དེ་ལྟ་ན་ནི་མུ་བཞི་སྲིད། དེ་ལྟ་ན་མུ་བཞིར་གྲུབ་སྟེ། སྡུག་བསྔལ་དང་ཀུན་འབྱུང་ལ་བཟོད་
1073	terminal-particle	37		འགོག་པ་དང་ལམ་ལ་བཟོད་པ་དང་ཤེས་པ་རྣམས་ཀྱིས་ཉོན་མོངས་པ་དག་སྤོང་ན་འདོད་ཆགས་དང་བྲལ་བ་
1074	terminal-particle	14		སྔ་མ་རྣམས་ཀྱིས་ཉོན་མོངས་པ་དག་སྤོང་ན་གཉི་ག་ཡིན་ནོ། །
1075	terminal-particle	16		ཕྱི་མ་རྣམས་ཀྱིས་ཉོན་མོངས་པ་དག་མི་སྤོང་ན་གཉི་ག་མ་ཡིན་ནོ། །
1076	line-end	77		དེ་ལ་འདོད་ཆགས་དང་བྲལ་བ་ཞིག་བདེན་པ་རྣམས་ལ་ལྟ་ན་ཆོས་ཤེས་པ་དང་བཟོད་པ་རྣམས་ཀྱིས་ཉོན་
1077	line-end	8		གནས་བདུན་པ། ཡེ་ཤེས་བསྟན་པའི་བཤད་པ།
1078	terminal-particle	75		བཟོད་པ་རྣམས་ཞེས་ཀྱང་འབྱུང་། ཤེས་པ་རྣམས་ཞེས་ཀྱང་འབྱུང་། ཡང་དག་པའི་ལྟ་བ་ཞེས་ཀྱང་འབ
1079	terminal-particle	18		དེ་དག་ཡང་དག་པར་རྟོག་པའི་བདག་ཉིད་ཅན་ཡིན་པའི་ཕྱིར་ལྟ་བ་དག་ཡིན་ནོ། །
1080	terminal-particle	57		ཇི་ལྟར་བཟོད་པ་རྣམས་ལྟ་བ་ཡིན་གྱི་ཤེས་པ་མ་ཡིན་པ་དེ་བཞིན་དུ། ཟད་དང་མི་སྐྱེའི་བློ་ལྟ
1081	terminal-particle	36		དེ་ལས་གཞན་འཕགས་བློ་གཉི་ག །བཟོད་པ་དང་ཟད་པ་དང་མི་སྐྱེ་བ་ཤེས་པ་དག་ལས་གཞན་པ་ཟག་པ་མེད
1082	terminal-particle	16		གཞན་ཤེས་འཇིག་རྟེན་པའི་ཤེས་རབ་ཐམས་ཅད་ནི་ཤེས་པ་ཁོ་ན་ཡིན་ནོ། །
1083	terminal-particle	38		དྲུག་ནི་ལྟ་བའང་ཡིན། །ལྟ་བ་ལྔ་དང་། འཇིག་རྟེན་པའི་ལྟ་བ་ཡང་དག་པའི་ལྟ་བ་སྟེ། འཇིག་རྟ
1084	terminal-particle	12		འདི་དག་དང་གཞན་དག་ཀྱང་ཤེས་པ་ནི་མ་ཡིན་ནོ། །
1085	terminal-particle	15		ཇི་སྙེད་ཅིག་གིས་ཤེས་པ་ཐམས་ཅད་བསྡུས་ཤེ་ན། ཤེས་པ་བཅུས་བསྡུས་སོ། །
1086	line-end	16		མདོར་བསྡུ་ན་ནི་གཉིས་ཏེ། ཤེས་པ་ཟག་བཅས་ཟག་པ་མེད། །དེ་གཉིས་ལས་ཀྱང་།
1087	ordinal-open	6		དང་པོ་ཀུན་རྫོབ་ཅེས་བྱའོ། །
1088	terminal-particle	37		ཟག་པ་དང་བཅས་པ་གང་ཡིན་པ་དེ་ནི་ཕལ་ཆེར་བུམ་པ་དང་སྣམ་བུ་དང་སྐྱེས་པ་དང་བུད་མེད་ལ་སོགས
1089	terminal-particle	32		ཟག་མེད་རྣམ་གཉིས་ཆོས་དང་ནི། རྗེས་སུ་ཤེས་པ་ཁོ་ན་ཡིན། །ཟག་པ་མེད་པའི་ཤེས་པ་ལ་རྣམ་པ་ག
1090	terminal-particle	23		དེ་ལྟར་ན་ཤེས་པ་འདི་གཉིས་ནི་གསུམ་ཡིན་ཏེ། ཀུན་རྫོབ་ཤེས་པ་དང་། ཆོས་ཤེས་པ་དང་། རྗེས་
1091	terminal-particle	8		དེ་ལ། ཀུན་རྫོབ་ཡུལ་ནི་ཐམས་ཅད་དོ། །
1092	line-end	22		ཀུན་རྫོབ་ཤེས་པའི་དམིགས་པ་ནི་ཅི་རིགས་པར་འདུས་བྱས་དང་འདུས་མ་བྱས་ཀྱི་ཆོས་ཐམས་ཅད་ཡིན
1093	verse-stanza	13		ཆོས་ཤེས་བྱ་བའི་སྤྱོད་ཡུལ་ནི། །↵འདོད་པའི་སྡུག་བསྔལ་ལ་སོགས་པ། །
1094	line-end	20		ཆོས་ཤེས་པའི་དམིགས་པ་ནི་འདོད་པ་ན་སྤྱོད་པའི་སྡུག་བསྔལ་དང་། དེ་ཀུན་འབྱུང་བ་དང་།
1095	verse-stanza	19		འགོག་པ་དང་ལམ་རྣམས་ཡིན་ནོ། །↵རྗེས་སུ་ཤེས་པའི་སྤྱོད་ཡུལ་ནི། །↵གོང་མའི་སྡུག་བསྔལ་ལ་
1096	line-end	24		རྗེས་སུ་ཤེས་པའི་དམིགས་པ་ནི་གཟུགས་དང་གཟུགས་མེད་པ་ན་སྤྱོད་པའི་སྡུག་བསྔལ་དང་། དེ་ཀུ
1097	verse-stanza	12		འགོག་པ་དང་ལམ་རྣམས་སོ། །↵དེ་དག་ཉིད་བདེན་བྱེ་བྲག་གིས། །
1098	terminal-particle	43		བཞི་སྟེ། ཆོས་ཤེས་པ་དང་རྗེས་སུ་ཤེས་པ་དེ་དག་ཉིད་བདེན་པའི་བྱེ་བྲག་གིས་སྡུག་བསྔལ་དང་
1099	line-end	43		རྣམ་བཞི་དེ་དག་ནི། མི་སྐྱེ་བ་དང་ཟད་པ་ཤེས། །ཆོས་དང་རྗེས་སུ་ཤེས་པ་ལྟ་བའི་རང་བཞིན་མ་
1100	verse-stanza	13		དེ་གཉིས་དང་པོ་སྐྱེས་པ་ནི། །↵སྡུག་བསྔལ་རྒྱུ་རྗེས་ཤེས་པ་ཡིན། །
1101	terminal-particle	47		ཟད་པ་དང་མི་སྐྱེ་བ་ཤེས་པ་དང་པོ་སྐྱེས་པ་ནི་སྡུག་བསྔལ་དང་། ཀུན་འབྱུང་ལ་རྗེས་སུ་ཤེས་
1102	terminal-particle	34		ཡང་ཅི་རྡོ་རྗེ་ལྟ་བུའི་ཏིང་ངེ་འཛིན་ཀྱང་དེ་གཉིས་དང་དམིགས་པ་གཅིག་པ་ཞིག་ཡིན་ནམ་ཞེ་ན།
1103	terminal-particle	20		འོན་ཏེ་འགོག་པ་དང་ལམ་ལ་དམིགས་པ་ཞིག་ཡིན་ན་ནི་དམིགས་པ་གཅིག་པ་མ་ཡིན་ནོ། །
1104	terminal-particle	16		བཞི་ལས་ཕ་རོལ་སེམས་རིག་པ། །རིག་པར་བྱེད་པས་ན་རིག་པ་སྟེ་ཤེས་པའོ། །
1105	line-end	30		ཕ་རོལ་གྱི་སེམས་ཤེས་པ་ནི་ཤེས་པ་བཞི་ལས་སྐྱེ་བར་བལྟ་བར་བྱ་སྟེ། ཆོས་ཤེས་པ་དང་རྗེས་སུ
1106	verse-stanza	25		ཀུན་རྫོབ་ཤེས་པ་རྣམས་ལས་སོ། །↵དེའི་ངེས་པ་ནི་འདི་ཡིན་ཏེ། །↵དེས་ནི་ས་དབང་གང་ཟག་འདས།
1107	terminal-particle	22		ས་འདས་པ་མི་ཤེས་པ་ནི་བསམ་གཏན་འོག་མའི་ས་པས་བསམ་གཏན་གོང་མའི་ས་པ་མི་ཤེས་པའོ། །
1108	terminal-particle	39		དབང་པོ་འདས་པ་མི་ཤེས་པ་ནི་དད་པས་མོས་པ་དང་དུས་ཀྱིས་རྣམ་པར་གྲོལ་བའི་ལམ་གྱིས་མཐོང་བས
1109	terminal-particle	36		གང་ཟག་འདས་པ་མི་ཤེས་པ་ནི་ཕྱིར་མི་འོང་བ་དང་དགྲ་བཅོམ་པ་དང་། ཉན་ཐོས་དང་རང་སངས་རྒྱས་ད
1110	terminal-particle	31		ཞིག་པ་དང་མ་སྐྱེས་པ་མི་ཤེས་པ་ནི་འདས་པ་དང་མ་འོངས་པ་མི་ཤེས་པ་སྟེ། ད་ལྟར་གྱི་ཕ་རོལ་ག
1111	terminal-particle	69		གཞན་ཡང་ཆོས་རྗེས་བློ་ཕྱོགས་ཕན་ཚུན་མིན། ། ཕ་རོལ་གྱི་སེམས་ཤེས་པ་ཆོས་ཤེས་པའི་ཕྱོགས་ད
1112	terminal-particle	12		མཐོང་བའི་ལམ་ལ་ཕ་རོལ་གྱི་སེམས་ཤེས་པ་མེད་དོ། །
1113	line-end	24		དེའི་དམིགས་པ་ནི་ཡོད་དེ། དེ་ལ་ཕ་རོལ་གྱི་སེམས་ཤེས་པས་མཐོང་བའི་ལམ་ཤེས་པར་འདོད་པས་སྦ
1114	verse-stanza	19		ཉན་ཐོས་མཐོང་བའི་སྐད་ཅིག་གཉིས། །↵རིག་སྟེ་བསེ་རུ་ལྟ་བུས་གསུམ། །↵སངས་རྒྱས་སྦྱོར་བ་མ
1115	terminal-particle	31		ཉན་ཐོས་ཀྱིས་ནི་ཕ་རོལ་གྱི་སེམས་ཤེས་པས་མཐོང་བའི་ལམ་ལས་སྐད་ཅིག་མ་གཉིས་ཤེས་ཏེ། སྡུག་
1116	terminal-particle	50		རྗེས་སུ་ཤེས་པའི་ཕྱོགས་དང་མཐུན་པ་ལ་དམིགས་པ་ནི་སྦྱོར་བ་གཞན་གྱིས་བསྒྲུབ་པར་བྱ་བ་ཡིན
1117	terminal-particle	27		རང་སངས་རྒྱས་ཀྱིས་ནི་དང་པོ་གཉིས་དང་བརྒྱད་པ་ཀུན་འབྱུང་ལ་རྗེས་སུ་ཤེས་པ་དང་། གསུམ་ཤེ
1118	terminal-particle	19		གཞན་དག་ན་རེ་དང་པོ་དང་གཉིས་པ་དང་བཅོ་ལྔ་པ་རྣམས་ཤེས་སོ་ཞེས་ཟེར་རོ། །
1119	terminal-particle	19		སངས་རྒྱས་ཀྱིས་ནི་སྦྱོར་བ་མེད་པར་མཐོང་བའི་ལམ་གྱི་སྐད་ཅིག་མ་ཐམས་ཅད་མཁྱེན་ཏོ། །
1120	line-end	19		ཡང་ཟད་པ་ཤེས་པ་དང་མི་སྐྱེ་བ་ཤེས་པ་དག་ལ་ཁྱད་པར་ཅི་ཡོད་ཅེ་ན།
1121	verse-stanza	24		ཟད་པ་ཤེས་པ་བདེན་རྣམས་ལ། །↵ཡོངས་ཤེས་ལ་སོགས་ངེས་པའོ། །↵ཡོངས་ཤེས་བྱར་མེད་ཅེས་ལ་སོགས
1122	quote-open	3		བསྟན་བཅོས་ལས།
1123	terminal-particle	24		ཟད་པ་ཤེས་པ་གང་ཞེ་ན། བདག་གིས་སྡུག་བསྔལ་ཡོངས་སུ་ཤེས་སོ་ཞེས་བྱ་བར་ཤེས་པ་དང་། ཀུན་འབ
1124	terminal-particle	6		འགོག་པ་མངོན་དུ་བྱས་སོ། །
1125	terminal-particle	47		ལམ་བསྒོམས་སོ་ཞེས་བྱ་བར་ཤེས་པའི་རྒྱུ་ལས་བྱུང་བའི་ཤེས་པ་དང་མཐོང་བ་དང་རིག་པ་དང་བློ་
1126	quote-open	79		མི་སྐྱེ་བ་ཤེས་པ་གང་ཞེ་ན། བདག་གིས་སྡུག་བསྔལ་ཡོངས་སུ་ཤེས་ཏེ། ཡང་ཡོངས་སུ་ཤེས་པར་བྱར
1127	terminal-particle	24		དེའི་རྗེས་ལ་ལངས་པས་དེ་ལྟར་ཤེས་ཏེ། དེའི་ཕྱིར་དེའི་བྱེ་བྲག་གིས་དེ་གཉིས་ཀྱི་བྱེ་བྲག
1128	terminal-particle	31		གཞན་དག་ན་རེ་ཟག་པ་མེད་པས་ཀྱང་དེ་ལྟར་ཤེས་ཏེ། མཐོང་བ་སྨོས་པ་ནི་བཤད་པ་འཕངས་པའི་ཕྱིར་
1129	terminal-particle	24		དེ་ཉིད་ཀྱི་ཕྱིར་རེ་ཞིག་ཤེས་པ་གང་ཡིན་པ་དེ་ནི་མཐོང་བ་ཡང་ཡིན་ནོ་ཞེས་འབྱུང་ངོ་ཞེས་ཟེ
1130	terminal-particle	63		དེ་ལྟར་ན་དེ་དག་ནི་ཤེས་པ་བཅུ་ཡིན་ཏེ། འདི་ལྟ་སྟེ་ཆོས་ཤེས་པ་དང་རྗེས་སུ་ཤེས་པ་དང་། ཀ
1131	terminal-particle	18		དེ་ལ་ཀུན་རྫོབ་ཤེས་པ་ནི་ཤེས་པ་གཅིག་ཡིན་ལ་གཅིག་གི་ཆ་ཡང་ཡིན་ནོ། །
1132	terminal-particle	22		ཆོས་ཤེས་པ་ནི་ཤེས་པ་གཅིག་ཡིན་ལ་བདུན་གྱི་ཆ་ཡང་ཡིན་ཏེ། རྗེས་སུ་ཤེས་པ་ཡང་དེ་དང་འདྲའོ
1133	terminal-particle	25		སྡུག་བསྔལ་ཤེས་པ་ནི་ཤེས་པ་གཅིག་ཡིན་ལ་བཞིའི་ཆ་ཡང་ཡིན་ཏེ། ཀུན་འབྱུང་བ་དང་འགོག་པ་ཤེས
1134	terminal-particle	14		ལམ་ཤེས་པ་ནི་ཤེས་པ་གཅིག་ཡིན་ལ་ལྔའི་ཆ་ཡང་ཡིན་ནོ། །
1135	terminal-particle	17		ཕ་རོལ་གྱི་སེམས་ཤེས་པ་ནི་ཤེས་པ་གཅིག་ཡིན་ལ་བཞིའི་ཆ་ཡང་ཡིན་ནོ། །
1136	terminal-particle	21		ཟད་པ་ནི་ཤེས་པ་གཅིག་ཡིན་ལ། དྲུག་གི་ཆ་ཡང་ཡིན་ཏེ། མི་སྐྱེ་བ་ཤེས་པ་ཡང་དེ་དང་འདྲའོ། །
1137	line-end	13		ཅིའི་ཕྱིར་དེ་དག་གསུམ་ཡོད་ལ་བཅུར་རྣམ་པར་གཞག་ཅེ་ན།
1138	verse-stanza	28		རང་བཞིན་དང་ནི་གཉེན་པོ་དང་། །↵རྣམ་པ་རྣམ་པ་སྤྱོད་ཡུལ་དང་། །↵སྦྱོར་དང་བྱ་བ་བྱས་ཉིད་
1139	terminal-particle	28		རྒྱུ་བདུན་གྱིས་ཤེས་པ་བཅུར་རྣམ་པར་གཞག་གོ་ཞེས་གྲག་སྟེ། རང་བཞིན་ལས་ནི་ཀུན་རྫོབ་ཤེས་
1140	terminal-particle	24		གཉེན་པོ་ལས་ནི་ཆོས་དང་རྗེས་སུ་ཤེས་པ་དག་སྟེ། འདོད་པའི་ཁམས་དང་ཁམས་གོང་མའི་གཉེན་པོ་ཡ
1141	terminal-particle	21		རྣམ་པ་ལས་ནི་སྡུག་བསྔལ་དང་ཀུན་འབྱུང་བ་ཤེས་པ་དག་སྟེ། དམིགས་པ་ཐ་མི་དད་པའི་ཕྱིར་རོ། 
1142	terminal-particle	24		རྣམ་པ་དང་དམིགས་པ་ལས་ནི་འགོག་པ་དང་། ལམ་ཤེས་པ་དག་སྟེ། རྣམ་པ་དང་དམིགས་པ་ཐ་དད་པའི་ཕྱ
1143	quote-close	48		སྦྱོར་བ་ལས་ནི་ཕ་རོལ་གྱི་སེམས་ཤེས་པ་སྟེ། དེས་ནི་སེམས་ལས་བྱུང་བ་རྣམས་ཀྱང་མི་ཤེས་པ་
1144	terminal-particle	24		བྱ་བ་བྱས་པ་ལས་ནི་ཟད་པ་ཤེས་པ་སྟེ། བྱ་བ་བྱས་པའི་རྒྱུད་ལ་དང་པོ་ཉིད་དུ་སྐྱེ་བའི་ཕྱིར
1145	terminal-particle	25		རྒྱུ་རྒྱས་པ་ལས་ནི་མི་སྐྱེ་བ་ཤེས་པ་སྟེ། ཟག་པ་མེད་པའི་ཤེས་པ་ཐམས་ཅད་ཀྱི་རྒྱུ་ཅན་ཡིན
1146	line-end	31		ཐམས་ཅད་ཀྱི་གཉེན་པོ་ཐམས་ཅད་ཡིན་པའི་ཕྱིར། ཆོས་ཤེས་པ་འདོད་པའི་ཁམས་ཀྱི་གཉེན་པོ་ཞེས་བ
1147	verse-stanza	13		ལམ་ལ་ཆོས་ཤེས་གང་ཡིན་པ། །↵ཁམས་གསུམ་གྱི་ནི་གཉེན་པོ་ཡིན། །
1148	terminal-particle	24		འགོག་པ་དང་ལམ་ལ་ཆོས་ཤེས་པ་བསྒོམ་པའི་ལམ་གྱིས་བསྡུས་པ་དག་ནི་ཁམས་གསུམ་ཆར་གྱི་གཉེན་པོ
1149	line-end	24		འདོད་པའི་ཁམས་ཀྱི་རྗེས་མ་ཡིན། །འདོད་པའི་ཁམས་ཀྱི་གཉེན་པོ་རྗེས་སུ་ཤེས་པ་ནི་རྣམ་པ་ཐམ
1150	verse-stanza	13		ཤེས་པ་བཅུ་པོ་དེ་དག་ལས། །↵ཆོས་ཤེས་པ་དང་རྗེས་སུ་ཤེས། །
1151	terminal-particle	11		རྣམ་པ་བཅུ་དྲུག །དེ་དག་ནི་འོག་ནས་བཤད་པར་བྱའོ། །
1152	terminal-particle	42		ཀུན་རྫོབ་ནི། དེ་བཞིན་གཞན་དུའང་། ཀུན་རྫོབ་ཤེས་པ་ནི་རྣམ་པ་བཅུ་དྲུག་ཅན་ཡང་ཡིན་ལ་གཞན
1153	terminal-particle	10		རང་རང་གི་བདེན་པའི་རྣམ་པས་བཞི་ཡིན་ནོ། །
1154	terminal-particle	34		སྡུག་བསྔལ་དང་ཀུན་འབྱུང་དང་། འགོག་པ་དང་ལམ་ཤེས་པ་རྣམས་ནི་རང་རང་གི་བདེན་པའི་རྣམ་པ་ད
1155	terminal-particle	46		ཕ་རོལ་ཡིད་ཤེས་དྲི་མེད་ཀྱང་། དེ་བཞིན་ཕ་རོལ་གྱི་སེམས་ཤེས་པ་ཟག་པ་མེད་པ་ཡང་དེ་བཞིན་ཁ
1156	terminal-particle	55		དྲི་མ་དང་བཅས་ནི། ཤེས་བྱའི་རང་གི་མཚན་ཉིད་རྣམས། ཕ་རོལ་གྱི་སེམས་ཤེས་པ་ཟག་པ་དང་བཅས་པ
1157	terminal-particle	10		གཉི་ག་ཡང་། རྫས་རེ་རེ་ཞིག་སྤྱོད་ཡུལ་ལོ། །
1158	terminal-particle	37		གང་གི་ཚེ་སེམས་འཛིན་པ་དེའི་ཚེ་སེམས་ལས་བྱུང་བ་རྣམས་མི་འཛིན་ལ། གང་གི་ཚེ་ཚོར་བ་འཛིན་
1159	terminal-particle	73		འོ་ན་བཅོམ་ལྡན་འདས་ཀྱིས་འདོད་ཆགས་དང་བཅས་པའི་སེམས་ལ་ཡང་འདོད་ཆགས་དང་བཅས་པའི་སེམས་ཞེ
1160	terminal-particle	37		འདོད་ཆགས་དང་བཅས་པའི་སེམས་ཞེས་བྱ་བ་ནི་འདོད་ཆགས་དང་བཅས་པ་ཉིད་རྣམ་པ་གཉིས་ཏེ། འདྲེས་
1161	terminal-particle	20		དེ་ལ་འདོད་ཆགས་དང་མཚུངས་པར་ལྡན་པའི་སེམས་ནི་གཉིས་ཀྱིས་འདོད་ཆགས་དང་བཅས་པ་ཡིན་ནོ། །
1162	terminal-particle	25		དེ་ལས་གཞན་པ་ཟག་པ་དང་བཅས་པ་ནི་ལྡན་པའི་འདོད་ཆགས་དང་བཅས་པས་ན་འདོད་ཆགས་དང་བཅས་པ་ཡིན་
1163	terminal-particle	71		ཁ་ཅིག་ན་རེ་མདོ་འདིར་ནི་འདོད་ཆགས་དང་མཚུངས་པར་ལྡན་པའི་སེམས་ནི་འདོད་ཆགས་དང་བཅས་པ་ཡི
1164	terminal-particle	96		གཞན་དག་ན་རེ་དེ་ལྟ་ན་ནི་འོ་ན་དེའི་གཉེན་པོ་མ་ཡིན་པའི་སེམས་ཉོན་མོངས་པ་ཅན་མ་ཡིན་པ་འད
1165	terminal-particle	25		བྱེ་བྲག་ཏུ་སྨྲ་བ་རྣམས་ན་རེ་ཀུན་དུ་བསྡུས་པ་ནི་དམིགས་པ་ལ་མངོན་པར་སྡུད་པའི་ཕྱིར་དགེ
1166	terminal-particle	24		རྣམ་པར་གཡེང་བ་ནི་རྣམ་པར་གཡེང་བ་དང་མཚུངས་པར་ལྡན་པའི་ཕྱིར་ཉོན་མོངས་པ་ཅན་ཡིན་ནོ་ཞེས
1167	terminal-particle	19		ནུབ་ཕྱོགས་པ་རྣམས་ན་རེ་ཀུན་ཏུ་བསྡུས་པ་ནི་གཉིད་དང་མཚུངས་པར་ལྡན་པ་ཡིན་ནོ། །
1168	terminal-particle	15		རྣམ་པར་གཡེང་བ་ནི་ཉོན་མོངས་པ་ཅན་གཞན་ཡིན་ནོ་ཞེས་ཟེར་རོ། །
1169	terminal-particle	34		དེ་སྐད་དུ་མི་བརྗོད་དེ། ཉོན་མོངས་པ་ཅན་གྱི་གཉིད་དང་མཚུངས་པར་ལྡན་པའི་ཕྱིར་སེམས་དེ་ཉ
1170	quote-open	3		བསྟན་བཅོས་ལས།
1171	terminal-particle	17		སེམས་ཀུན་དུ་བསྡུས་པ་ཡང་དག་པ་ཇི་ལྟ་བ་བཞིན་དུ་རབ་ཏུ་ཤེས་སོ། །
1172	terminal-particle	33		དེ་ཤེས་པའི་ཤེས་པ་ནི་བཞི་སྟེ། ཆོས་ཤེས་པ་དང་། རྗེས་སུ་ཤེས་པ་དང་། ཀུན་རྫོབ་ཤེས་པ་དང
1173	terminal-particle	17		སེམས་ཞུམ་པ་ནི་ལེ་ལོ་དང་མཚུངས་པར་ལྡན་པའི་ཕྱིར་ཉོན་མོངས་པ་ཡིན་ནོ། །
1174	terminal-particle	17		རབ་ཏུ་བཟུང་བ་ནི་བརྩོན་འགྲུས་དང་མཚུངས་པར་ལྡན་པའི་ཕྱིར་དགེ་བ་ཡིན་ནོ། །
1175	terminal-particle	20		ཆུང་ངུ་ནི་རྣམ་པར་བྱང་བ་ཆུང་ངུ་དག་གིས་བསྟེན་པའི་ཕྱིར་ཉོན་མོངས་པ་ཅན་ཡིན་ནོ། །
1176	terminal-particle	16		ཆེན་པོར་གྱུར་པ་ནི་དེ་ལས་བཟློག་པ་ཡིན་པའི་ཕྱིར་དགེ་བ་ཡིན་ནོ། །
1177	terminal-particle	37		རྩ་བ་དང་། རིན་དང་། འཁོར་དང་། རྗེས་སུ་འབྲང་བ་དང་། སྟོབས་ཆེ་ཆུང་གི་ཡང་ཕྱིར་ཏེ། ཉོན
1178	terminal-particle	10		དགེ་བ་ནི་དགེ་བའི་རྩ་བ་གསུམ་གྱིས་སོ། །
1179	terminal-particle	20		ཉོན་མོངས་པ་ཅན་ནི་འབད་པས་བསྒྲུབ་པར་བྱ་བ་མ་ཡིན་པའི་ཕྱིར་རིན་ཆུང་བ་ཡིན་ནོ། །
1180	terminal-particle	18		དགེ་བ་ནི་ཚོགས་ཆེན་པོས་བསྒྲུབ་པར་བྱ་བ་ཡིན་པའི་ཕྱིར་རིན་ཆེ་བ་ཡིན་ནོ། །
1181	terminal-particle	34		ཉོན་མོངས་པ་ཅན་ནི་དེ་དང་འདྲ་བ་མ་འོངས་པ་འཐོབ་པའི་ཕྱིར་འཁོར་མང་བ་མ་ཡིན་ལ་ཕུང་པོ་གསུ
1182	terminal-particle	20		དགེ་བ་ནི་འཁོར་མང་བ་ཡིན་ལ་ཕུང་པོ་བཞིས་རྗེས་སུ་འབྲང་བ་དང་བཅས་པ་ཡིན་ནོ། །
1183	terminal-particle	11		ཡང་ཉོན་མོངས་པ་ཅན་ནི་སྟོབས་ཆུང་བ་ཡིན་ནོ། །
1184	terminal-particle	8		དགེ་བ་ནི་སྟོབས་ཆེ་བ་ཡིན་ནོ། །
1185	terminal-particle	40		སྡུག་བསྔལ་ལ་ཆོས་ཤེས་པའི་བཟོད་པ་གཅིག་གིས་ཀྱང་ཕྲ་རྒྱས་བཅུ་གཏན་དུ་འཇོམས་པར་བྱེད་པས་
1186	terminal-particle	17		རྒོད་པ་ནི་རྒོད་པ་དང་མཚུངས་པར་ལྡན་པའི་ཕྱིར་ཉོན་མོངས་པ་ཅན་ཡིན་ནོ། །
1187	terminal-particle	16		རྒོད་པ་མ་ཡིན་པ་ནི་དེའི་གཉེན་པོ་ཡིན་པའི་ཕྱིར་དགེ་བ་ཡིན་ནོ། །
1188	terminal-particle	14		རྣམ་པར་མ་ཞི་བ་དང་། རྣམ་པར་ཞི་བ་ཡང་དེ་དང་འདྲའོ། །
1189	terminal-particle	21		མཉམ་པར་མ་བཞག་པ་ནི་རྣམ་པར་གཡེང་བ་དང་མཚུངས་པར་ལྡན་པའི་ཕྱིར་ཉོན་མོངས་པ་ཅན་ནོ། །
1190	terminal-particle	15		མཉམ་པར་བཞག་པ་ནི་དེའི་གཉེན་པོ་ཡིན་པའི་ཕྱིར་དགེ་བ་ཡིན་ནོ། །
1191	terminal-particle	22		མ་བསྒོམས་པ་ནི་འཐོབ་པ་དང་བསྟེན་པའི་བསྒོམ་པ་དག་གིས་མ་བསྒོམས་པའི་ཕྱིར་ཉོན་མོངས་པ་ཅན
1192	terminal-particle	13		བསྒོམས་པ་ནི་དེ་གཉིས་ཀྱིས་བསྒོམས་པའི་ཕྱིར་དགེ་བ་ཡིན་ནོ། །
1193	terminal-particle	28		རྣམ་པར་མ་གྲོལ་བ་ནི་རང་བཞིན་དང་རྒྱུད་རྣམ་པར་མ་གྲོལ་བ་དག་གིས་རྣམ་པར་གྲོལ་བའི་ཕྱིར་
1194	terminal-particle	20		རྣམ་པར་གྲོལ་བ་ནི་དེ་གཉིས་ཀྱིས་རྣམ་པར་གྲོལ་བའི་ཕྱིར་དགེ་བ་ཡིན་ནོ་ཞེས་ཟེར་རོ། །
1195	terminal-particle	27		དེ་ལྟ་ན་ནི་མདོ་དང་མི་མཐུན་པར་བྱས་པ་ཡང་ཡིན་ལ། ཚིག་དེ་རྣམས་ཀྱི་དོན་གྱི་ཁྱད་པར་ཡང་མ
1196	terminal-particle	60		ཇི་ལྟར་ན་མདོ་དང་མི་མཐུན་པར་བྱས་པ་ཡིན་ཞེ་ན། མདོ་ལས་ཇི་ལྟར་ན་སེམས་ནང་དུ་ཀུན་དུ་བསྡ
1197	quote-close	36		ཇི་ལྟར་ན་ཕྱི་རོལ་དུ་རྣམ་པར་གཡེངས་པ་ཡིན་ཞེ་ན། སེམས་གང་འདོད་པའི་ཡོན་ཏན་ལྔ་རྣམས་ལ་ར
1198	terminal-particle	63		སེམས་དེ་ཉིད་ཀུན་དུ་བསྡུས་པ་ཡིན་ལ་རྣམ་པར་གཡེངས་པ་ཡང་ཡིན་པར་འགྱུར་རོ་ཞེས་ཀྱང་བཤད་པ
1199	terminal-particle	28		བསྟན་བཅོས་དང་འགལ་བར་འགྱུར་རོ་ཞེས་ཀྱང་བཤད་པ་མ་ཡིན་ནམ། བསྟན་བཅོས་དང་འགལ་བ་ནི་བླའི་
1200	terminal-particle	84		ཇི་ལྟར་ན་ཚིག་དེ་རྣམས་ཀྱི་དོན་གྱི་ཁྱད་པར་མ་བཤད་པ་ཡིན་ཞེ་ན། སེམས་རྣམ་པར་གཡེངས་པ་དང
1201	terminal-particle	37		ཚིག་རྣམས་ཀྱི་དོན་གྱི་ཁྱད་པར་ནི་མ་བཤད་པ་མ་ཡིན་པ་ཉིད་དེ། ཉོན་མོངས་པ་ཅན་དུ་མཚུངས་ཀྱ
1202	terminal-particle	49		འདི་ནི་ཞུམ་པ་ཡིན་ནོ་ཞེས་བྱ་བ་རྒྱས་པར་དེའི་ཉེས་པའི་ཁྱད་པར་ཡང་དག་པར་བསྟན་པའི་ཕྱིར་
1203	terminal-particle	18		མདོ་དང་འགལ་བ་མ་སྤངས་པའི་ཕྱིར་དེ་ནི་ཚིག་དེ་རྣམས་ཀྱི་དོན་མ་ཡིན་ནོ། །
1204	terminal-particle	63		གལ་ཏེ་མདོ་ལས་སེམས་དེ་ཉིད་ཞུམ་པ་ཡང་ཡིན་ལ་དེ་ཉིད་རྒོད་པ་ཡང་ཡིན་ནོ་ཞེས་བྱ་བར་བཤད་ན་
1205	terminal-particle	49		གང་གི་ཚེ་སེམས་རྒོད་པ་དང་རྒོད་པར་དོགས་པ་དེའི་ཚེ་ཆོས་རབ་ཏུ་རྣམ་པར་འབྱེད་པ་དང་། བརྩ
1206	terminal-particle	41		ཅི་འདི་ལ་བྱང་ཆུབ་ཀྱི་ཡན་ལག་རྣམས་སོ་སོར་བསྒོམ་མམ་ཞེ་ན། འདི་དག་ཡིད་ལ་བྱེད་པ་བསྒོམ་
1207	terminal-particle	50		འདི་ལས་ལེ་ལོ་ལྷག་པའི་སེམས་ནི་ཞུམ་པ་ཞེས་བཤད་ལ། རྒོད་པ་ལྷག་པ་ནི་རྒོད་པ་ཞེས་བཤད་པས་
1208	terminal-particle	21		བསམ་པ་ཅན་གྱི་ཚིག་ལ་ནི་བཟློག་པ་མེད་ཀྱི་མདོའི་དགོངས་པ་ནི་འདི་མ་ཡིན་ནོ་ཞེས་སྨྲའོ། །
1209	terminal-particle	57		འདོད་ཆགས་དང་ལྡན་པའི་སེམས་ཐམས་ཅད་འདོད་ཆགས་དང་བཅས་པ་ཡིན་ནོ་ཞེས་གང་བཤད་པ། འདོད་ཆགས་
1210	terminal-particle	42		གལ་ཏེ་འདོད་ཆགས་ཀྱི་དམིགས་པ་ཡིན་ནོ་ཞེ་ན་ནི་དགྲ་བཅོམ་པའི་སེམས་ཟག་པ་དང་བཅས་པ་ཡང་འདོ
1211	terminal-particle	46		ཡང་ན་ཇི་ལྟར་དེ་ཟག་པ་དང་བཅས་པ་ཡིན། གལ་ཏེ་ཉོན་མོངས་པ་སྤྱི་པའི་དམིགས་པ་ཡིན་པའི་ཕྱིར
1212	terminal-particle	29		གཞན་གྱི་སེམས་ཤེས་པ་ནི་ཐོབ་པ་ལ་དམིགས་པ་ཡང་མ་ཡིན་ལ། སེམས་དེ་ལ་དམིགས་པའི་འདོད་ཆགས་ལ
1213	terminal-particle	127		དེ་ལྟ་བས་ན་འདིར་འདོད་ཆགས་དང་ལྡན་པས་འདོད་ཆགས་དང་བཅས་པའི་སེམས་སུ་འདོད་པར་མི་བྱའོ། 
1214	terminal-particle	88		ཉོན་མོངས་པ་གཞན་དང་མཚུངས་པར་ལྡན་པའི་སེམས་ཀྱང་འདོད་ཆགས་དང་མཚུངས་པར་མི་ལྡན་པའི་ཕྱིར
1215	terminal-particle	28		གྲུབ་པའི་མཐའ་བརྗོད་པར་བྱ་སྟེ། ཅི་ཕ་རོལ་གྱི་སེམས་ཤེས་པ་ཕ་རོལ་གྱི་སེམས་ཀྱི་རྣམ་པ་འ
1216	terminal-particle	38		དེ་ནི་རྣམ་པ་དང་དམིགས་པ་ལ་མི་ལྟོས་པ་ཡིན་ཏེ། སེམས་འདི་ཆགས་པ་ཡིན་ནོ་ཞེས་བྱ་བར་ཤེས་ཀ
1217	terminal-particle	32		དེ་ལྟ་མ་ཡིན་ན། དེ་གཟུགས་ལ་དམིགས་པར་ཡང་འགྱུར་ལ། དེ་ལ་དམིགས་པའི་ཕ་རོལ་གྱི་སེམས་འཛི
1218	line-end	97		གཞན་གྱི་སེམས་ཤེས་པ་ཐམས་ཅད་ནི་སེམས་དང་སེམས་ལས་བྱུང་བ་དང་། རྫས་ཀྱི་རང་གི་མཚན་ཉིད་ད
1219	verse-stanza	21		ཕ་རོལ་གྱི་སེམས་ཤེས་པ་བཤད་ཟིན་ཏོ། །↵ལྷག་མ་རྣམ་པ་བཅུ་བཞི་ཅན། །↵སྟོང་དང་བདག་མེད་མ་ག
1220	terminal-particle	34		ལྷག་མ་ནི་ཟད་པ་དང་མི་སྐྱེ་བ་ཤེས་པ་དག་སྟེ། དེ་གཉིས་ནི་སྟོང་པ་དང་བདག་མེད་པའི་རྣམ་པ་
1221	terminal-particle	26		དོན་དམ་པ་པ་དག་ཡིན་ཡང་དེ་དག་གི་སྟོབས་ཀྱི་རྗེས་སུ་ཐ་སྙད་འདོགས་པའི་སྒོ་ནས་བདག་གི་སྐ
1222	terminal-particle	18		འདི་ལས་སྲིད་པ་གཞན་རབ་ཏུ་མི་ཤེས་སོ་ཞེས་ཀུན་རྫོབ་ལ་སྟོན་པའི་ཕྱིར་རོ། །
1223	terminal-particle	48		ཅི་ཟག་པ་མེད་པ་ལ་རང་གི་མཚན་ཉིད་ཀྱི་རྣམ་པ་ཡོད་དམ། འོན་ཏེ་མེད་ཅེ་ན། རེ་ཞིག་ཁ་ཆེ་བ་ར
1224	quote-open	7		གཞན་ཡོད་ཅེས་བྱ་བསྟན་བཅོས་ལས། །
1225	terminal-particle	12		གཞན་ཉི་འོག་པ་རྣམས་ན་རེ་ཡོད་དོ་ཞེས་ཟེར་རོ། །
1226	terminal-particle	81		ཇི་ལྟར་ན་ཁོང་དུ་ཆུད་ཅེ་ན། བསྟན་བཅོས་ལས་ཞེས་བྱ་བ་སྨོས་ཏེ། བསྟན་བཅོས་ལས་འདི་སྐད་དུ
1227	terminal-particle	24		འདི་ནི་གཞི་ཡོད་དོ་ཞེས་བྱ་བར་ཤེས་པར་འགྱུར་རོ་ཞེས་འབྱུང་ངོ་། །གལ་ཏེ་གང་ལས་འདི་ནི་ག
1228	terminal-particle	42		འདི་ནི་གཞི་ཡོད་དོ་ཞེས་དེ་སྙམ་དུ་ཤེས་པར་འགྱུར་རོ་ཞེས་བྱ་བ་འདིའི་དོན་ནི་འདི་མ་ཡིན་
1229	terminal-particle	10		འདི་ནི་གཞི་ཡོད་དོ་ཞེས་བྱ་བ་ཡིན་ནོ། །
1230	terminal-particle	10		ཞེ་ན། མ་ཡིན་ཏེ། གཞན་ནས་མི་འབྱུང་བའི་ཕྱིར་རོ། །
1231	terminal-particle	139		གལ་ཏེ་འདི་བསྟན་བཅོས་ཀྱི་དོན་ཡིན་པར་འགྱུར་ན། འདི་སྐད་དུ་མཐོང་བས་སྤང་བར་བྱ་བའི་སེམ
1232	terminal-particle	27		འདི་ནི་གཞི་ཡོད་དོ་ཞེས་འབྱུང་བར་འགྱུར་བ་ཞིག་ན། དེ་སྐད་ཀྱང་མི་འབྱུང་སྟེ། དེ་ལྟ་བས་
1233	terminal-particle	54		ཅི་རྣམ་པ་བཅུ་དྲུག་པོ་འདི་དག་མིང་གི་སྒོ་ནས་སམ། འོན་ཏེ་རྫས་སུ་ཞེ་ན། ཁ་ཅིག་ན་རེ་རྫས
1234	line-end	12		འདི་སྐད་དུ་བརྗོད་དེ་རྫས་སུ་རྣམ་པ་བཅུ་དྲུག་གོ། །
1235	verse-stanza	30		དེ་ལ་རྐྱེན་ལ་རག་ལུས་པའི་ཕྱིར་མི་རྟག་པའོ། །↵གནོད་པའི་བདག་ཉིད་ཡིན་པའི་ཕྱིར་སྡུག་བས
1236	line-end	12		བདག་ཏུ་ལྟ་བའི་མི་མཐུན་པའི་ཕྱོགས་ཀྱིས་བདག་མེད་པའོ། །
1237	verse-stanza	23		ས་བོན་གྱི་ཆོས་ཀྱི་ཚུལ་གྱིས་རྒྱུའོ། །↵འབྱུང་བའི་ཆོས་ཀྱི་ཚུལ་གྱིས་ཀུན་འབྱུང་བའོ། །
1238	line-end	38		མངོན་པར་སྒྲུབ་པའི་དོན་གྱིས་ནི་རྐྱེན་ཏེ། དཔེར་ན་འཇིམ་པའི་གོང་བུ་དང་ཐལ་ཞར་དང་འཁོར་
1239	verse-stanza	20		ཕུང་པོ་ཞིག་པའི་ཕྱིར་འགོག་པའོ། །↵མེ་གསུམ་ཞི་བའི་ཕྱིར་ཞི་བའོ། །↵འཚེ་བ་མེད་པའི་ཕྱིར
1240	line-end	11		སྐྱོན་ཐམས་ཅད་དང་བྲལ་བའི་ཕྱིར་ངེས་པར་འབྱུང་བའོ། །
1241	verse-stanza	13		བགྲོད་པའི་དོན་གྱིས་ལམ་མོ། །↵རིགས་པ་དང་ལྡན་པའི་ཕྱིར་རིགས་པའོ། །
1242	terminal-particle	9		ཡང་དག་པར་བསྒྲུབ་པའི་དོན་གྱིས་སྒྲུབ་པའོ། །
1243	terminal-particle	16		ཤིན་ཏུ་ཡང་དག་པར་འདའ་བར་བྱེད་པའི་ཕྱིར་ངེས་པར་འབྱིན་པར་བྱེད་པའོ། །
1244	terminal-particle	12		ཡང་ན་གཏན་དུ་བ་མ་ཡིན་པའི་ཕྱིར་མི་རྟག་པའོ། །
1245	line-end	8		ཁུར་ལྟ་བུར་གྱུར་པའི་ཕྱིར། སྡུག་བསྔལ་བའོ། །
1246	verse-stanza	19		ནང་གི་སྐྱེས་བུ་དང་བྲལ་བའི་ཕྱིར་སྟོང་པའོ། །↵འདོད་དགུར་བྱེད་པ་མེད་པའི་ཕྱིར་བདག་མེད
1247	line-end	5		འོང་བའི་ཚུལ་གྱིས་རྒྱུའོ། །
1248	verse-stanza	21		འབྱུང་བའི་ཚུལ་གྱིས་ཀུན་འབྱུང་བའོ། །↵འཕེལ་བའི་ཚུལ་གྱིས་རབ་ཏུ་སྐྱེ་བའོ། །↵སོ་སོར་འ
1249	terminal-particle	11		འབྲེལ་བ་མེད་པས་འབྲེལ་པ་ཞིག་པའི་ཕྱིར་འགོག་པའོ། །
1250	terminal-particle	12		འདུས་བྱས་ཀྱི་མཚན་ཉིད་གསུམ་དང་འབྲལ་བའི་ཕྱིར་ཞི་བའོ། །
1251	line-end	6		དགེ་བའི་ཕྱིར་གྱ་ནོམ་པའོ། །
1252	verse-stanza	20		ཡིད་བརྟན་པའི་མཆོག་ཡིན་པའི་ཕྱིར་ངེས་པར་འབྱུང་བའོ། །↵ལམ་ངན་པའི་མི་མཐུན་པའི་ཕྱོགས་ཀ
1253	terminal-particle	12		རིགས་པ་མ་ཡིན་པའི་མི་མཐུན་པའི་ཕྱོགས་ཀྱིས་རིགས་པའོ། །
1254	terminal-particle	14		མྱ་ངན་ལས་འདས་པའི་གྲོང་དང་། མི་འགལ་བའི་དོན་གྱིས་སྒྲུབ་པའོ། །
1255	terminal-particle	16		སྲིད་པ་ཐམས་ཅད་ཀྱི་གཉེན་པོ་ཡིན་པའི་ཕྱིར་ངེས་པར་འབྱིན་པར་བྱེད་པའོ། །
1256	line-end	21		ཇི་ལྟར་འདོད་པ་བརྗོད་པར་བྱ་སྟེ་སྐྱེ་བ་དང་འཇིག་པའི་ཆོས་ཅན་ཡིན་པའི་ཕྱིར་མི་རྟག་པའོ།
1257	verse-stanza	15		མི་མཐུན་པར་གྱུར་པའི་ཕྱིར་སྡུག་བསྔལ་བའོ། །↵བདག་དང་བྲལ་བའི་ཕྱིར་སྟོང་བའོ། །
1258	terminal-particle	11		བདག་ཉིད་ཀྱིས་བདག་མ་ཡིན་པའི་ཕྱིར་བདག་མེད་པའོ། །
1259	terminal-particle	74		རྒྱུ་དང་། ཀུན་འབྱུང་བ་དང་། རབ་ཏུ་སྐྱེ་བ་དང་། རྐྱེན་ཉིད་ནི་གང་མདོ་ལས་ཉེ་བར་ལེན་པའ
1260	terminal-particle	29		ཡང་འདི་དག་ལ་ཁྱད་པར་ཅི་ཡོད་ཅེ་ན། འདུན་པ་ནི་རྣམ་པ་བཞི་སྟེ། ངའོ་སྙམ་པ་ནི་བྱེ་བྲག་མེ
1261	terminal-particle	18		གྱུར་ཅིག་སྙམ་པ་ནི་བྱེ་བྲག་ཏུ་མེད་པར་ཡང་སྲིད་པ་ལ་འདུན་པ་ཡིན་ནོ། །
1262	terminal-particle	18		འདི་ལྟ་བུར་གྱུར་ཅིག་སྙམ་པ་ནི། བྱེ་བྲག་ཏུ་ཡང་སྲིད་པ་ལ་འདུན་པ་ཡིན་ནོ། །
1263	ordinal-open	14		བཞི་པ་ནི་ཉིང་མཚམས་སྦྱོར་བའི་འཆིང་བ་ལ་འདུན་པ་ཡིན་ནོ། །
1264	terminal-particle	13		ཡང་ན་ལས་མངོན་པར་འདུ་བྱེད་པ་ལ་འདུན་པ་ཡིན་ནོ། །
1265	terminal-particle	24		དེ་ལ་དང་པོ་ནི་སྡུག་བསྔལ་གྱི་དང་པོའི་རྒྱུ་ཡིན་པའི་ཕྱིར་རྩ་བའི་རྒྱུ་ཡིན་ཏེ། འབྲས་བ
1266	ordinal-open	25		གཉིས་པ་ནི་ཀུན་འབྱུང་བ་ཡིན་ཏེ། དེས་དེ་ཡང་དག་པར་འགྲུབ་པའི་ཕྱིར། འབྲས་བུའི་མྱུ་གུ་ལ
1267	ordinal-open	24		གསུམ་པ་ནི་དེ་དང་འདྲ་བའི་སྡུག་བསྔལ་གྱི་རྐྱེན་ཡིན་ཏེ། འབྲས་བུའི་ཞིང་དང་ཆུ་དང་ལུད་ལ
1268	terminal-particle	25		ཞིང་ལ་སོགས་པའི་དབང་གིས་ནི་འབྲས་བུའི་དྲི་དང་རོ་དང་། ནུས་པ་དང་། སྨིན་པ་དང་མཐུ་དང་ལ
1269	ordinal-open	23		བཞི་པ་ནི་རབ་ཏུ་སྐྱེ་བ་སྟེ། དེ་ཁོ་ན་ལས་དེ་སྐྱེ་བའི་ཕྱིར་འབྲས་བུའི་ཐ་མ་མེ་ཏོག་བཞིན
1270	terminal-particle	77		ཡང་ན་སྲེད་པ་རྣམ་པར་སྤྱད་པ་རྣམས་ཀྱི་འདུན་པ་བཞི་ནི་སྲེད་པའི་བྱེ་བྲག་རྣམས་ལས་ལྔ་ཚན་
1271	terminal-particle	60		དེ་ལ་འབྱུང་བར་འགྱུར་བར་བྱའོ་སྙམ་པར་འགྱུར་ཞིང་། དེ་ལ་འབྱུང་བར་འགྱུར་བར་མི་བྱའོ་སྙ
1272	terminal-particle	89		དེ་ལ་གྱུར་ཅིག་སྙམ་པ་འབྱུང་བར་འགྱུར་ཞིང་། དེ་ལ་འདི་ལྟ་བུར་གྱུར་ཅིག་སྙམ་པ་དང་། དེ་
1273	terminal-particle	7		འཇུག་པ་མེད་པའི་ཕྱིར་འགོག་པའོ། །
1274	terminal-particle	20		སྡུག་བསྔལ་མེད་པའི་ཕྱིར་ཞི་བ་སྟེ། དགེ་སློང་དག་དེ་ལྟར་ན་འདུ་བྱེད་རྣམས་ནི་སྡུག་བསྔལ
1275	line-end	13		མྱ་ངན་ལས་འདས་པ་ནི་ཞི་བའོ་ཞེས་གསུངས་པའི་ཕྱིར་རོ། །
1276	verse-stanza	24		གོང་ན་མེད་པའི་ཕྱིར་གྱ་ནོམ་པའོ། །↵ཡང་ཕྱིར་མི་ལྡོག་པའི་ཕྱིར་ངེས་པར་འབྱུང་བའོ། །↵ལམ
1277	terminal-particle	13		ཡང་དག་པ་ཇི་ལྟ་བ་བཞིན་དུ་ཞུགས་པའི་ཕྱིར་རིགས་པའོ། །
1278	terminal-particle	32		སོ་སོར་ངེས་པའི་ཕྱིར་སྒྲུབ་པ་སྟེ། ཇི་སྐད་དུ་མཐོང་བ་རྣམ་པར་དག་པར་བྱ་བའི་ཕྱིར་འདི་ལ
1279	terminal-particle	13		གཏན་དུ་ངེས་པར་འབྱུང་བར་བྱེད་པའི་ཕྱིར་ངེས་པར་འབྱིན་པའོ། །
1280	terminal-particle	44		ཡང་ན་རྟག་པ་དང་། བདེ་བ་དང་། བདག་གི་དང་། བདག་ཏུ་ལྟ་བ་སྤྱད་པ་རྣམས་ཀྱི་གཉེན་པོར་གོ་ར
1281	terminal-particle	46		རྒྱུ་མེད་པ་དང་། རྒྱུ་གཅིག་པུ་དང་། འགྱུར་བ་དང་། བློ་སྔར་བཏང་བ་དང་། ལྟ་བ་སྤྱད་པ་རྣ
1282	terminal-particle	20		ཐར་པ་མེད་དོ་སྙམ་དུ་ལྟ་བ་སྤྱད་པ་རྣམས་ཀྱི་གཉེན་པོར་འགོག་པའི་རྣམ་པ་ཡིན་ནོ། །
1283	terminal-particle	23		སྡུག་བསྔལ་ལ་ཐར་པ་ཡིན་ནོ་སྙམ་དུ་ལྟ་བ་སྤྱད་པ་རྣམས་ཀྱི་གཉེན་པོར་ཞི་བའི་རྣམ་པ་ཡིན་ནོ
1284	terminal-particle	23		བསམ་གཏན་གྱི་བདེ་བ་གྱ་ནོམ་པ་ཡིན་པར་ལྟ་བ་སྤྱད་པ་རྣམས་ཀྱི་གཉེན་པོར་གྱ་ནོམ་པ་ཡིན་ནོ།
1285	terminal-particle	37		ཡང་དང་ཡང་ཡོངས་སུ་ཉམས་པར་འགྱུར་བའི་སྒོ་ནས་ཐར་པ་ནི་གཏན་དུ་མ་ཡིན་ནོ་སྙམ་དུ་ལྟ་བ་སྤྱ
1286	terminal-particle	57		ལམ་མེད་དོ་སྙམ་པ་དང་། ལམ་འདི་ཡིན་ནོ་སྙམ་པ་དང་། གཞན་ཡང་ལམ་ཡིན་ནོ་སྙམ་པ་དང་། ལམ་འདི
1287	terminal-particle	69		རྣམ་པ་ཞེས་བྱ་བའི་ཆོས་འདི་ཅི་ཞེ་ན། རྣམ་པ་ཤེས་རབ། དེ་ལྟ་ན་ནི་འོ་ན་ཤེས་རབ་གཞན་དང་མཚ
1288	terminal-particle	16		ཡང་ཅི་ཤེས་རབ་ཁོ་ནས་འཛིན་པར་བྱེད་དམ་ཞེ་ན། སྨྲས་པ་མ་ཡིན་ནོ། །
1289	terminal-particle	35		འོ་ན་ཇི་ལྟ་བུ་ཞེ་ན། དེ་དང་བཅས་པའི་དམིགས་པ་དང་བཅས་པས་འཛིན་པར་བྱེད། ཤེས་རབ་དང་། དམ
1290	terminal-particle	19		ཡོད་པ་ཐམས་ཅད་གཟུང་བྱ་ཡིན། །གང་ཅི་ཡོད་ཀྱང་རུང་ཐམས་ཅད་གཟུང་བར་བྱ་བ་ཡིན་ནོ། །
1291	terminal-particle	22		དེ་ལྟར་བྱས་ན་ཤེས་རབ་ནི་རྣམ་པ་ཡང་ཡིན། འཛིན་པར་བྱེད་པ་ཡང་ཡིན། གཟུང་བར་བྱ་བ་ཡང་ཡིན་
1292	terminal-particle	18		དམིགས་པ་དང་བཅས་པ་གཞན་ནི་འཛིན་པར་བྱེད་པ་དང་། གཟུང་བར་བྱ་བ་ཡིན་ནོ། །
1293	terminal-particle	14		དམིགས་པ་མེད་པ་རྣམས་ནི་གཟུང་བར་བྱ་བ་ཁོ་ན་ཡིན་ནོ། །
1294	line-end	22		འདི་མན་ཆད་ནི་ཤེས་པ་བཅུ་པོ་འདི་དག་གི་དགེ་བ་ལ་སོགས་པའི་བྱེ་བྲག་བསྟན་པར་བྱ་སྟེ།
1295	ordinal-open	33		དང་པོ་རྣམ་གསུམ་གཞན་རྣམས་དགེ །ཀུན་རྫོབ་ཤེས་པ་ནི་ཚིགས་སུ་བཅད་པའི་དང་པོ་ནི་ཡོད་པའི་
1296	verse-stanza	21		ལུང་དུ་མ་བསྟན་པ་དང་རྣམ་པ་གསུམ་ཡིན་ནོ། །↵ཤེས་པ་གཞན་དགུ་ནི་དགེ་བ་ཁོ་ན་ཡིན་ནོ། །
1297	terminal-particle	18		དང་པོ་ས་རྣམས་ཐམས་ཅད་ན། འདོད་པའི་ཁམས་ནས་སྲིད་པའི་རྩེ་མོའི་བར་ན་ཡོད་དོ། །
1298	terminal-particle	26		དྲུག་ན་ཆོས་ཤེས་བྱ། ཆོས་ཤེས་པ་ནི་བསམ་གཏན་བཞི་དང་། མི་ལྕོགས་པ་མེད་པ་དང་། བསམ་གཏན་ཁ
1299	terminal-particle	24		དགུ་ན་རྗེས་ཤེས་བྱ་བ། རྗེས་སུ་ཤེས་པ་ནི་ས་དྲུག་པོ་དེ་དག་ཉིད་དང་གཟུགས་མེད་པ་གསུམ་ན་
1300	terminal-particle	38		དེ་བཞིན་དུ་དྲུག །སྡུག་བསྔལ་དང་། ཀུན་འབྱུང་དང་། འགོག་པ་དང་། ལམ་དང་། ཟད་པ་དང་། མི་
1301	terminal-particle	15		དབྱེ་བ་ནི་ཆོས་ཤེས་པས་བསྡུས་པ་རྣམས་ནི་ས་དྲུག་ན་ཡོད་དོ། །
1302	terminal-particle	13		རྗེས་སུ་ཤེས་པས་བསྡུས་པ་རྣམས་ནི་ས་དགུ་ན་ཡོད་དོ། །
1303	terminal-particle	25		གཞན་ཡིད་ཤེས་པ་བསམ་གཏན་བཞི། །ཕ་རོལ་གྱི་སེམས་ཤེས་པ་ནི་བསམ་གཏན་བཞི་ཁོ་ན་ན་ཡོད་ཀྱི་ག
1304	terminal-particle	27		དེ་ན་འདོད་དང་གཟུགས་རྟེན་ཅན། །ཕ་རོལ་གྱི་སེམས་ཤེས་པ་དེ་ནི་འདོད་པ་དང་གཟུགས་ཀྱི་ཁམས་
1305	terminal-particle	34		ཆོས་ཤེས་བྱ་བ་འདོད་རྟེན་ཅན། །ཆོས་ཤེས་པ་ནི་འདོད་པའི་ཁམས་ཀྱི་རྟེན་ཅན་ཁོ་ན་ཡིན་གྱི། 
1306	line-end	17		ཁམས་གསུམ་པ་ཡི་རྟེན་ཅན་གཞན། །གཞན་གང་ཞེ་ན། ཕ་རོལ་གྱི་སེམས་ཤེས་པ་དང་།
1307	verse-stanza	12		ཆོས་ཤེས་པ་མ་གཏོགས་པའོ། །↵ས་དག་དང་རྟེན་བཤད་ཟིན་ཏོ། །
1308	line-end	16		དྲན་པ་ཉེ་བར་གཞག་པ་རྣམས་ཀྱིས་བསྡུས་པ་བརྗོད་པར་བྱ་སྟེ། དེ་སྨྲས་པ།
1309	verse-stanza	14		འགོག་བློ་དྲན་པ་ཉེར་གཞག་པ། །↵གཅིག་སྟེ་བློ་དང་ཤེས་རབ་དང་། །
1310	line-end	10		ཤེས་པ་ཞེས་བྱ་བ་ནི་རྣམ་གྲངས་ཡིན་ནོ། །
1311	verse-stanza	22		འགོག་པ་ཤེས་པ་ནི་གཅིག་སྟེ།↵ཆོས་དྲན་པ་ཉེ་བར་གཞག་པ་ཡིན་ནོ། །↵ཕ་རོལ་གྱི་སེམས་བློ་ནི་
1312	terminal-particle	23		ཕ་རོལ་གྱི་སེམས་ཤེས་པ་ནི་གསུམ་སྟེ། ཚོར་བ་དང་། སེམས་དང་། ཆོས་དྲན་པ་ཉེ་བར་གཞག་པ་རྣམ
1313	terminal-particle	5		ལྷག་མ་བཞི་ཡིན་ནོ། །
1314	terminal-particle	27		འགོག་པ་དང་། ཕ་རོལ་གྱི་སེམས་ཤེས་པ་དག་ལས་གཞན་པའི་ཤེས་པ་རྣམས་ནི་དྲན་པ་ཉེ་བར་གཞག་པ་བ
1315	terminal-particle	19		ཤེས་པ་གང་གིས་དམིགས་པ་ཤེས་པ་དུ་ཞིག་ཡིན་ཞེ་ན། ཆོས་བློའི་སྤྱོད་ཡུལ་དགུ་ཡིན་ནོ། །
1316	line-end	11		ཆོས་ཤེས་པའི་དམིགས་པ་ནི་ཤེས་པ་དགུ་ཡིན་ཏེ།
1317	verse-stanza	13		རྗེས་སུ་ཤེས་པ་མ་གཏོགས་སོ། །↵ལམ་རྗེས་བློ་ཡི་དགུ་ཡིན་ནོ། །
1318	line-end	17		རྗེས་སུ་ཤེས་པའི་དམིགས་པ་ཡང་ཤེས་པ་དགུ་ཡིན་ཏེ། ཆོས་ཤེས་པ་མ་གཏོགས་སོ། །
1319	verse-stanza	15		ལམ་ཤེས་པའི་དམིགས་པ་ཡང་དགུ་ཡིན་ཏེ།↵ཀུན་རྫོབ་ཤེས་པ་མ་གཏོགས་སོ། །
1320	terminal-particle	30		སྡུག་བསྔལ་རྒྱུ་བློའི་གཉིས་ཡིན་ནོ། སྡུག་བསྔལ་དང་ཀུན་འབྱུང་ཤེས་པ་དག་གི་དམིགས་པ་དག་
1321	terminal-particle	36		བཞི་ཡི་བཅུ་ཡིན། ཀུན་རྫོབ་ཤེས་པ་དང་། གཞན་གྱི་སེམས་ཤེས་པ་དང་། ཟད་པ་ཤེས་པ་དང་། མི་ས
1322	terminal-particle	19		གཅིག་གི་མིན། འགོག་པ་ཤེས་པ་ནི་གཅིག་པུའི་དམིགས་པ་ནི་ཤེས་པ་མ་ཡིན་པ་ཉིད་དོ། །
1323	line-end	11		ཆོས་བཅུ་དག་ནི་སྦྱར་བར་བྱ། བཅུ་གང་དག་ཅེ་ན།
1324	verse-stanza	13		ཁམས་གསུམ་པ་དང་དྲི་མེད་ཆོས། །↵འདུས་མ་བྱས་རྣམས་གཉིས་གཉིས་སོ། །
1325	terminal-particle	40		ཆོས་འདུས་བྱས་རྣམས་ལ་འདོད་པ་དང་། གཟུགས་དང་གཟུགས་མེད་པ་ན་སྤྱོད་པ་དང་། ཟག་པ་མེད་པ་ར
1326	terminal-particle	21		འདུས་མ་བྱས་རྣམས་ལ་དགེ་བ་དང་། ལུང་དུ་མ་བསྟན་པའི་བྱེ་བྲག་གིས་རྣམ་པ་གཉིས་སུ་བྱའོ། །
1327	terminal-particle	40		ཆོས་བཅུ་པོ་འདི་དག་ཇི་ལྟར་སྦྱར་བར་བྱ་ཞེ་ན། ཤེས་པ་གང་གིས་དམིགས་པ་དུ་ཞིག་ཡིན་ཞེས་སྦ
1328	terminal-particle	25		ཆོས་ཤེས་པ་ནི་ལྔ་སྟེ། འདོད་པ་ན་སྤྱོད་པ་དང་། ཟག་པ་མེད་པ་དང་། གཞི་དང་། འདུས་མ་བྱས་ད
1329	terminal-particle	29		རྗེས་སུ་ཤེས་པ་ནི་བདུན་ཏེ། གཟུགས་དང་གཟུགས་མེད་པ་ན་སྤྱོད་པ་དང་། ཟག་པ་མེད་པ་དང་། དྲ
1330	line-end	17		སྡུག་བསྔལ་དང་། ཀུན་འབྱུང་ཤེས་པ་དག་གི་ནི་དྲུག་སྟེ། འདོད་པ་དང་། གཟུགས་དང་།
1331	verse-stanza	23		གཟུགས་མེད་པ་ན་སྤྱོད་པ་རྣམས་ཡིན་ནོ། །↵འགོག་པ་ཤེས་པའི་ནི་གཅིག་སྟེ།↵འདུས་མ་བྱས་དགེ་
1332	verse-stanza	12		ལམ་ཤེས་པའི་ནི་གཉིས་ཏེ།↵ཟག་པ་མེད་པ་དག་ཡིན་ནོ། །
1333	terminal-particle	27		གཞན་གྱི་སེམས་ཤེས་པའི་ནི་གསུམ་སྟེ། འདོད་པ་དང་། གཟུགས་ན་སྤྱོད་པ་དང་། ཟག་པ་མེད་པ་དང
1334	terminal-particle	27		ཟད་པ་དང་མི་སྐྱེ་བ་ཤེས་པ་དག་གི་དམིགས་པ་ནི་ཆོས་དགུ་ཡིན་ཏེ། འདུས་མ་བྱས་ལུང་དུ་མ་བསྟ
1335	terminal-particle	16		ཤེས་པ་གཅིག་གིས་ཆོས་ཐམས་ཅད་ཤེས་པར་འགྱུར་བ་ཡོད་དམ་ཞེ་ན། མེད་དོ། །
1336	line-end	3		འོན་ཀྱང་།
1337	verse-stanza	13		ཀུན་རྫོབ་གཅིག་པུས་རང་ཚོགས་ལས། །↵གཞན་ནི་བདག་མེད་ཉིད་རིགས་འགྱུར། །
1338	terminal-particle	28		ཀུན་རྫོབ་ཤེས་པས་ནི་རང་གི་ཚོགས་ལས་གཞན་པའི་ཆོས་ཐམས་ཅད་ནི་བདག་མེད་པའོ་ཞེས་བདག་མེད་པ
1339	terminal-particle	46		དེའི་རང་གི་ཚོགས་ནི་རང་གི་ངོ་བོ་དང་དེ་དང་ལྷན་ཅིག་ཏུ་འབྱུང་བའི་ཆོས་རྣམས་ཡིན་ཏེ། དེ
1340	terminal-particle	18		དེ་ཡང་འདོད་པ་ན་སྤྱོད་པ་ནི་ཐོས་པ་དང་། བསམ་པ་ལས་བྱུང་བ་ཡིན་ནོ། །
1341	terminal-particle	12		གཟུགས་ན་སྤྱོད་པ་ནི་ཐོས་པ་ལས་བྱུང་བ་ཡིན་ནོ། །
1342	terminal-particle	20		བསྒོམ་པ་ལས་བྱུང་བ་ནི་མ་ཡིན་ཏེ། དེ་ནི་ས་རྣམ་པར་ཆད་པ་ལས་དམིགས་པའི་ཕྱིར་རོ། །
1343	terminal-particle	17		དེ་ལྟ་མ་ཡིན་ན་ཐམས་ཅད་ལས་ཅིག་ཅར་འདོད་ཆགས་དང་བྲལ་བར་འགྱུར་རོ། །
1344	terminal-particle	4		འདི་ནི་རྫོགས་སོ།། །།
1345	terminal-particle	29		གང་ཞིག་ཤེས་པ་དུ་དང་ལྡན། །ཞེས་བྱ་བ་འདི་བརྗོད་པར་བྱ་སྟེ། རེ་ཞིག་སོ་སོའི་སྐྱེ་བོ་ནི
1346	terminal-particle	19		འདོད་ཆགས་དང་བྲལ་བ་ཞིག་ཡིན་ན་ནི་ཕ་རོལ་གྱི་སེམས་ཤེས་པ་དང་ཡང་ལྡན་ནོ། །
1347	line-end	3		འཕགས་པ་ནི།
1348	verse-stanza	13		ཟག་མེད་སྐད་ཅིག་དང་པོ་ལ། །↵ཆགས་ཅན་ཤེས་པ་གཅིག་དང་ལྡན། །
1349	terminal-particle	32		འདོད་པ་ལས་འདོད་ཆགས་དང་མ་བྲལ་བ་ཞིག་ཡིན་ན། སྡུག་བསྔལ་ལ་ཆོས་ཤེས་པའི་བཟོད་པ་ལ་ཀུན་རྫ
1350	ordinal-open	28		གཉིས་པ་ལ་གསུམ། སྡུག་བསྔལ་ལ་ཆོས་ཤེས་པ་ལ་ནི་ཀུན་རྫོབ་ཤེས་པ་དང་། ཆོས་ཤེས་པ་དང་། སྡུ
1351	terminal-particle	81		ཡན་ཆད་ནི། བཞི་ལ་རེ་རེ་འཕེལ་དང་ལྡན། །དེ་ཡན་ཆད་ཀྱི་སྐད་ཅིག་མ་བཞི་ལ་ནི། དེ་ལ་ཤེས་པ་
1352	terminal-particle	24		འདོད་ཆགས་དང་བྲལ་བ་ཞིག་ཡིན་ན་ནི་ཐམས་ཅད་དུ་གཞན་གྱི་སེམས་ཤེས་པ་ལྷག་པར་ལྡན་པར་རིག་པར
1353	line-end	14		ཡང་ན་གནས་སྐབས་གང་དུ་ཤེས་པ་དུ་དག་ཅིག་འཐོབ་ཅེ་ན།
1354	verse-stanza	14		མཐོང་བའི་ལམ་ལ་བཟོད་པ་དང་། །↵ཤེས་པ་ཇི་ལྟར་སྐྱེས་པ་རྣམས། །
1355	terminal-particle	32		མ་འོངས་པ་འཐོབ། མཐོང་བའི་ལམ་ལ་བཟོད་པའམ། ཤེས་པ་གང་དང་གང་སྐྱེས་པ་དེ་དང་འདྲ་བ་མ་འོངས
1356	line-end	2		ཅིའི་ཕྱིར།
1357	verse-stanza	22		མཐོང་བའི་ལམ་ལ་ཤེས་པ་དང་། །↵རྣམ་པ་འདྲ་བ་ཁོ་ན་འཐོབ་ཅེ་ན།↵རིགས་རྣམས་མ་ཐོབ་པའི་ཕྱིར་
1358	quote-open	3		དེ་ཉིད་ལས།
1359	terminal-particle	35		རྗེས་གསུམ་ལ་ནི་ཀུན་རྫོབ་ཀྱང་། །མཐོང་བའི་ལམ་དེ་ཉིད་ལ་སྡུག་བསྔལ་དང་། ཀུན་འབྱུང་དང་
1360	terminal-particle	18		ཆོས་ཤེས་པ་ལ་ནི་མ་ཡིན་ཏེ། བདེན་པ་ཟད་པར་མངོན་པར་མ་རྟོགས་པའི་ཕྱིར་རོ། །
1361	terminal-particle	42		དེ་ཉིད་ཀྱི་ཕྱིར་མངོན་རྟོགས་མཐའ་ཞེས་བྱ། དེ་ཉིད་ཀྱི་ཕྱིར་ཀུན་རྫོབ་ཤེས་པ་དེ་ནི་མངོན
1362	terminal-particle	41		ཅིའི་ཕྱིར་ལམ་ལ་རྗེས་སུ་ཤེས་པ་ན་འཐོབ་པར་མི་འགྱུར་ཞེ་ན། ལམ་གྱི་བདེན་པ་ནི་སྔོན་འཇིག
1363	terminal-particle	55		སྡུག་བསྔལ་ཟད་པར་ཡོངས་སུ་ཤེས་པར་བྱ་བ་དང་། ཀུན་འབྱུང་སྤང་བར་བྱ་བ་དང་། འགོག་པ་མངོན་
1364	terminal-particle	41		དེའི་ཚེ་ཀུན་འབྱུང་བ་ལ་ཡང་ཐམས་ཅད་སྤངས་པ་མ་ཡིན་པས་མངོན་པར་རྟོགས་པའི་མཐའ་ལས་བྱུང་བར
1365	terminal-particle	23		ལམ་ནི་རིགས་མང་བའི་ཕྱིར། མཐོང་བས་སྤང་བའི་གཉེན་པོར་ཐམས་ཅད་བསྒོམ་པར་མི་ནུས་པས་ཁྱད་པ
1366	terminal-particle	16		གཞན་དག་ན་རེ་མཐོང་བའི་ལམ་གྱི་འཁོར་ཡིན་པའི་ཕྱིར་རོ་ཞེས་ཟེར་རོ། །
1367	terminal-particle	16		འདི་ནི་བསྒྲུབ་པར་བྱ་བ་ཡིན་པའི་ཕྱིར་ཤེས་པར་བྱེད་པ་མ་ཡིན་ནོ། །
1368	terminal-particle	51		ཅི་ཀུན་རྫོབ་ཤེས་པ་མངོན་པར་རྟོགས་པའི་མཐའ་ལས་བྱུང་བ་དེ་རེས་འགའ་མངོན་སུམ་དུ་བྱེད་དམ
1369	terminal-particle	28		ད་ནི་གལ་ཏེ་དེ་མངོན་སུམ་དུ་བྱ་བ་མི་ནུས་པ་ཁོ་ན་ཡིན་ན་ཇི་ལྟར་ན་དེ་རྙེད་པ་ཡིན། ཐོབ་པ
1370	terminal-particle	22		གང་གི་ཕྱིར་རྙེད་པ་དེའི་ཕྱིར་རྙེད་དོ་ཞེས་སྟོན་པ་འདི་ནི་སྔོན་མ་བྱུང་བའི་རྣམ་པ་ཡིན་
1371	terminal-particle	31		དེ་ལྟ་བས་ན་དེ་ལྟ་ན་ནི་ཐོབ་པ་མི་འགྲུབ་པ་ཉིད་ཀྱིས་སྔོན་གྱི་སློབ་དཔོན་དག་ཇི་སྐད་ཟེར
1372	terminal-particle	52		སྔོན་གྱི་སློབ་དཔོན་དག་ཇི་སྐད་ཟེར་ཞེ་ན། འཇིག་རྟེན་ལས་འདས་པའི་ལམ་གྱི་མཐུས་དེ་ལས་ལང
1373	terminal-particle	34		དེ་མངོན་སུམ་དུ་འགྱུར་བར་ནུས་པའི་རྟེན་རྙེད་པ་གང་ཡིན་པ་དེ་ཉིད་རྙེད་པ་ཡིན་ཏེ། རིགས་
1374	terminal-particle	11		བྱེ་བྲག་ཏུ་སྨྲ་བ་རྣམས་ནི་འདི་མི་འདོད་དོ། །
1375	terminal-particle	98		ས་དུ་པའི་ཀུན་རྫོབ་ཤེས་པ་དེ་འཐོབ་ཅེ་ན། མཐོང་བའི་ལམ་གྱིས་ནི། རང་དང་འགོག་པ་མཐོང་བའི
1376	terminal-particle	47		དེ་ཡང་དྲན་པ་ཉེ་བར་གཞག་པ་དུ་དག་ཅིག་ཡིན་ཞེ་ན། འགོག་པའི་མཐའ། འགོག་པའི་མངོན་པར་རྟོགས
1377	terminal-particle	24		གཅིག་གྲངས་བཅད་པས་ལྷག་མ་ནི་དྲན་པ་ཉེ་བར་གཞག་པ་བཞི་ཆར་ཡིན་ནོ་ཞེས་བྱ་བར་གྲུབ་པ་ཡིན་ན
1378	terminal-particle	37		ཀུན་རྫོབ་ཤེས་པ་མངོན་པར་རྟོགས་པའི་མཐའ་ལས་བྱུང་བ་དེ་ནི་རང་བདེན་རྣམས་ཅན། བདེན་པ་གང་
1379	terminal-particle	6		དེའི་རྣམ་པ་ཅན་ཡིན་ནོ། །
1380	terminal-particle	18		ཞེས་སྨོས་པས་འདིའི་དམིགས་པ་ཡང་བདེན་པ་དེ་ཉིད་ཡིན་ནོ་ཞེས་བཤད་པ་ཡིན་ནོ། །
1381	terminal-particle	30		དེ་ནི་མཐོང་བའི་ལམ་གྱིས་འཐོབ་པར་བྱ་བ་ཡིན་པའི་ཕྱིར་འབད་ལས་བྱུང་བ་སྦྱོར་བ་ལས་བྱུང་བ
1382	terminal-particle	26		འཁོར་དང་བཅས་པ་ལ་སོགས་པ་སྨོས་པའི་ཕྱིར། འདོད་པ་དང་གཟུགས་ན་སྤྱོད་པ་ནི་ཕུང་པོ་བཞི་དང
1383	terminal-particle	64		ཆགས་བཅས་བཅུ་དྲུག་པ་ལ་དྲུག །འཐོབ་ཅེས་བྱ་བར་སྦྱར་ཏེ། འདོད་ཆགས་དང་མ་བྲལ་བ་ནི་བཅུ་དྲ
1384	line-end	22		འདོད་ལ་ཆགས་དང་བྲལ་བས་བདུན། །འདོད་ཆགས་དང་བྲལ་བས་ནི་བདུན་པ་ཕ་རོལ་གྱི་སེམས་ཤེས་པ་འཐ
1385	verse-stanza	13		དེ་ཡི་གོང་མ་ཆགས་བཅས་ཀྱི། །↵བསྒོམ་པའི་ལམ་ལ་བདུན་འཐོབ་པོ། །
1386	terminal-particle	82		སྐད་ཅིག་མ་བཅུ་དྲུག་གི་གོང་མའི་བསྒོམ་པའི་ལམ་ལ་ནི་ཇི་སྲིད་དུ་འདོད་པ་ལས་འདོད་ཆགས་དང
1387	terminal-particle	22		གལ་ཏེ་བསྒོམ་པའི་ལམ་འཇིག་རྟེན་པ་ཞིག་ཡིན་ན་ནི་ཀུན་རྫོབ་ཤེས་པ་ད་ལྟར་བྱུང་བ་ཡིན་ནོ། 
1388	line-end	26		གལ་ཏེ་འཇིག་རྟེན་ལས་འདས་པ་ཞིག་ཡིན་ན་ནི། ཆོས་ཤེས་པ་བཞི་ལས་གང་ཡང་རུང་བ་ཞིག་ད་ལྟར་བྱ
1389	verse-stanza	28		ས་བདུན་ལས་རྒྱལ་མངོན་ཤེས་དང་། །↵མི་གཡོ་འཐོབ་དང་སྤེལ་བསྒོམས་པའི། །↵བར་ཆད་མེད་པའི་ལ
1390	terminal-particle	21		ཤེས་པ་བདུན་འཐོབ་བོ་ཞེས་བྱ་བར་སྦྱར་ཏེ། ས་བདུན་ནི་བསམ་གཏན་བཞི་དང་། གཟུགས་མེད་པ་གསུ
1391	terminal-particle	66		དེ་དག་ལས་རྒྱལ་བ་ནི་འདོད་ཆགས་དང་བྲལ་བ་སྟེ། སློབ་པ་ས་བདུན་པོ་དེ་དག་ལས་འདོད་ཆགས་དང་
1392	terminal-particle	21		གལ་ཏེ་བསྒོམ་པའི་ལམ་འཇིག་རྟེན་པ་ཞིག་ཡིན་ན་ནི། ཀུན་རྫོབ་ཤེས་པ་ད་ལྟར་བྱུང་བ་ཡིན་ནོ།
1393	terminal-particle	31		འཇིག་རྟེན་ལས་འདས་པ་ཞིག་ཡིན་ན་ནི་རྗེས་སུ་ཤེས་པ་བཞི་དང་ཆོས་ཤེས་པ་གཉིས་ལས་གང་ཡང་རུང
1394	terminal-particle	26		མི་གཡོ་བ་རྟོགས་པར་བྱེད་པ་ལ་ནི་ཀུན་རྫོབ་ཤེས་པ་མི་འཐོབ་སྟེ། སྲིད་པའི་རྩེ་མོའི་གཉེན
1395	terminal-particle	13		དེར་ནི་ཟད་པ་ཤེས་པ་བདུན་པ་ཡིན་པར་རིག་པར་བྱའོ། །
1396	line-end	56		ས་བདུན་ལས་འདོད་ཆགས་དང་བྲལ་བའི་ཡང་གོང་མ་སྲིད་པའི་རྩེ་མོ་ལས་འདོད་ཆགས་དང་བྲལ་བའི་རྣ
1397	verse-stanza	15		ཕ་རོལ་གྱི་སེམས་ཤེས་པ་རྣམས་སོ། །↵ཀུན་རྫོབ་ཤེས་པ་ནི་མི་འཐོབ་སྟེ།
1398	terminal-particle	11		སྲིད་པའི་རྩེ་མོའི་གཉེན་པོ་མ་ཡིན་པའི་ཕྱིར་རོ། །
1399	line-end	26		རྗེས་སུ་ཤེས་པ་རྣམ་པ་བཞི་དང་། ཆོས་ཤེས་པ་རྣམ་པ་གཉིས་ལས་གང་ཡང་རུང་བ་ཞིག་ད་ལྟར་བྱུང་
1400	verse-stanza	13		སློབ་པ་སྦྱོང་བའི་གྲོལ་བ་ལ། །↵ཤེས་པ་དྲུག་དང་བདུན་འཐོབ་བམ། །
1401	terminal-particle	45		སློབ་པ་འདོད་ཆགས་དང་བཅས་པས་ནི་དབང་པོ་སྦྱོང་བའི་རྣམ་པར་གྲོལ་བའི་ལམ་ལ་དྲུག་འཐོབ་སྟེ
1402	terminal-particle	16		འདོད་ཆགས་དང་བྲལ་བས་ནི་ཕ་རོལ་གྱི་སེམས་ཤེས་པ་བསྣན་ཏེ། བདུན་འཐོབ་བོ། །
1403	terminal-particle	32		འམ་ཞེས་བྱ་བའི་སྒྲ་ནི་ཁ་ཅིག་ན་རེ་གཉི་གས་ཀུན་རྫོབ་ཤེས་པ་ཡང་འཐོབ་བོ་ཞེས་ཟེར་བའི་ལུག
1404	terminal-particle	15		སྦྱོར་བའི་ལམ་ལ་ནི་དེ་གཉིས་ཀྱིས་ཀུན་རྫོབ་ཤེས་པ་ཡང་འཐོབ་བོ། །
1405	terminal-particle	39		བར་ཆད་མེད་པའི་ལམ་ལ་དྲུག །སློབ་པ་འདོད་ཆགས་དང་བྲལ་བ་ཡང་རུང་། འདོད་ཆགས་དང་མ་བྲལ་བ་ཡ
1406	terminal-particle	34		ཀུན་རྫོབ་ཤེས་པ་ནི་མ་ཡིན་ཏེ། མཐོང་བའི་ལམ་དང་འདྲ་བའི་ཕྱིར། ཕ་རོལ་གྱི་སེམས་ཤེས་པ་ཡང
1407	line-end	7		ཅིའི་ཕྱིར་བཀག་པ་ཅི་ཞེ་ན།
1408	verse-stanza	13		གཉེན་པོ་མ་ཡིན་པའི་ཕྱིར་རོ། །↵དེ་བཞིན་སྲིད་རྩེའི་རྣམ་རྒྱལ་ལ། །
1409	terminal-particle	24		སྲིད་པའི་རྩེ་མོ་ལས་འདོད་ཆགས་དང་བྲལ་བའི་བར་ཆད་མེད་པའི་ལམ་རྣམས་ལ་ཡང་དེ་བཞིན་དུ་དྲུ
1410	terminal-particle	6		ཟད་པ་ཤེས་པ་ལ་དགུའོ། །
1411	terminal-particle	45		སྲིད་པའི་རྩེ་མོ་ལས་འདོད་ཆགས་དང་བྲལ་བ་ལ་རྣམ་པར་གྲོལ་བའི་ལམ་དགུ་པ་ནི་ཟད་པ་ཤེས་པ་ཡི
1412	line-end	13		མི་གཡོ་བའི་ཆོས་ཅན་གང་ཡིན་པ་དེས་ནི་བཅུ་འཐོབ་སྟེ།
1413	verse-stanza	17		མི་སྐྱེ་བ་ཤེས་པ་འཐོབ་པའི་ཕྱིར་རོ། །↵དེར་འཕོ་བའི་གྲོལ་བ་ཐ་མ་ལའང་། །
1414	terminal-particle	22		གང་ཞིག་མི་གཡོ་བ་ཉིད་དུ་འཕོ་བ་དེའི་རྣམ་པར་གྲོལ་བའི་ལམ་ཐ་མ་ལ་ཡང་བཅུ་འཐོབ་བོ། །
1415	terminal-particle	8		བཤད་པའི་ལྷག་མ་ལ་བརྒྱད་འཐོབ་བོ། །
1416	terminal-particle	114		ལྷག་མ་ཡང་གང་ཞིག་ཅེ་ན། འདོད་པའི་ཁམས་ལས་འདོད་ཆགས་དང་བྲལ་བའི་རྣམ་པར་གྲོལ་བའི་ལམ་དགུ
1417	terminal-particle	77		མི་སློབ་པའི་མངོན་པ་ཤེས་པ་ལ་སོགས་པའི་སྦྱོར་བ་དང་། རྣམ་པར་གྲོལ་བ་དང་། ཁྱད་པར་ཅན་གྱ
1418	terminal-particle	108		སོ་སོའི་སྐྱེ་བོ་ནི་འདོད་པ་དང་། བསམ་གཏན་གསུམ་ལས་འདོད་ཆགས་དང་བྲལ་བའི་རྣམ་པར་གྲོལ་བ
1419	terminal-particle	21		དེ་དག་ལ་ནི་གཞན་གྱི་སེམས་ཤེས་པ་ཡང་མི་འཐོབ་སྟེ། མཐོང་བའི་ལམ་གྱི་འཁོར་ཡིན་པའི་ཕྱིར་
1420	terminal-particle	20		སྔོན་མེད་པའི་ལམ་ཐོབ་པ་གཞན་ལ་ནི་ཀུན་རྫོབ་ཤེས་པ་ཁོ་ན་མ་འོངས་པ་འཐོབ་བོ། །
1421	line-end	26		ཡང་ལམ་གང་ལ་ས་དུ་པའི་ཤེས་པ་ཐོབ་ཅེ་ན། རེ་ཞིག་ཀུན་རྫོབ་ཤེས་པ་ནི་ལམ་ས་གང་པའི་ཡིན་པ་ད
1422	ordinal-open	16		དང་པོ་ཉིད་དུ་ས་གང་འཐོབ་པ་ས་དེ་པའི་མ་འོངས་པ་འཐོབ་བོ། །
1423	terminal-particle	15		ཟག་པ་མེད་པའི་ལམ་གང་ཡིན་པ་འབའ་ཞིག་ཏུ་ཡང་མ་ཟད་དོ། །
1424	line-end	7		འོ་ན་ཇི་ལྟ་བུ་ཞེ་ན།
1425	verse-stanza	14		གང་ལས་ཆགས་བྲལ་བྱ་ཕྱིར་གང་། །↵འཐོབ་པ་དེར་ཡང་འོག་མའང་འཐོབ། །
1426	terminal-particle	51		ས་གང་ལས་འདོད་ཆགས་དང་བྲལ་བ་ལ་ཡང་ལམ་ཡང་སྦྱོར་བའི་ལམ་ལ་སོགས་པ་རྣམ་པ་གཉིས་ཡིན་ལ། འདོ
1427	terminal-particle	122		ཟད་པ་ཤེས་ལ་ཟག་བཅས་ཀྱང་། །ས་ཀུན་ཟད་པ་ཤེས་པ་ལ་ནི་ཟད་པ་ཤེས་པས་འཐོབ་པ་ཟག་པ་དང་བཅས་པའ
1428	terminal-particle	32		གང་ཅི་རྙེད་པ་དེ་ཐམས་ཅད་འཐོབ་བམ་ཞེ་ན། སྨྲས་པ། གང་སྔོན་མེད་པ་ལས་རྙེད་པ་ཡིན་པས། དེ་
1429	terminal-particle	19		གང་རྣམ་པར་ཉམས་པ་ལས་ཡང་རྙེད་པ་དེ་ཡང་མི་འཐོབ་སྟེ། ཐོབ་པ་བཏང་བའི་ཕྱིར་རོ། །
1430	terminal-particle	15		ཅི་འཐོབ་པ་རྙེད་པ་ཁོ་ན་ཡིན་ནམ་ཞེ་ན། སྨྲས་པ་མ་ཡིན་ནོ། །
1431	terminal-particle	26		འཐོབ་པ་ནི་རྣམ་པ་བཞི་སྟེ། ཉེན་པ་འཐོབ་པ་དང་། བསྟེན་པ་འཐོབ་པ་དང་། གཉེན་པོ་འཐོབ་པ་དང
1432	line-end	10		དེ་ལ་རྙེད་པ་དང་བསྟེན་ཅེས་བྱ་བ་ནི།
1433	verse-stanza	18		དགེ་བ་འདུས་བྱས་འཐོབ་བོ། །↵གཉེན་པོ་དང་ནི་ཐག་བསྲིང་བའི། །↵འཐོབ་པ་ཟག་དང་བཅས་པའི་ཡིན
1434	line-end	17		རྙེད་པ་དང་བསྟེན་པ་འཐོབ་པ་དག་ནི་དགེ་བ་འདུས་བྱས་རྣམས་ཀྱི་ཡིན་ཏེ།
1435	verse-stanza	16		མ་འོངས་པ་རྣམས་ཀྱི་ནི་གཅིག་གོ། །↵ད་ལྟར་བྱུང་བ་རྣམས་ཀྱི་ནི་གཉི་གའོ། །
1436	terminal-particle	36		གཉེན་པོ་དང་ཐག་བསྲིང་བ་འཐོབ་པ་དག་ནི། ཟག་པ་དང་བཅས་པའི་ཆོས་རྣམས་ཀྱི་ཡིན་ཏེ། དེ་ལྟར་
1437	terminal-particle	23		ཟག་པ་མེད་པ་རྣམས་དང་། ཉོན་མོངས་པ་ཐམས་ཅད་དང་། ལུང་དུ་མ་བསྟན་པ་རྣམས་ཀྱི་ནི་གཉིས་ཡིན
1438	terminal-particle	30		ཆོས་མངོན་པ་པ་ཉི་འོག་པ་རྣམས་ཀྱི་ལྟར་ན་འཐོབ་པ་དྲུག་སྟེ། བཞི་པོ་དེ་དག་དང་། སྡོམ་པ་འ
1439	terminal-particle	52		སྔ་མ་ནི་དབང་པོ་རྣམས་ཀྱི་ཡིན་ལ། ཕྱི་མ་ནི་ལུས་ཀྱི་ཡིན་ཏེ། དབང་པོ་དྲུག་པོ་འདི་དག་ཤི
1440	terminal-particle	26		གང་དག་ཁ་ཆེ་བ་རྣམས་ན་རེ་དེ་གཉིས་ནི་གཉེན་པོ་དང་ཐག་བསྲིང་བ་འཐོབ་པའི་ཁོངས་སུ་འདུས་སོ
1441	line-end	10		གང་ཟག་ཐམས་ཅད་ཀྱིས་ཟད་པ་ཤེས་པའི་ཚེ།
1442	verse-stanza	19		ཡོན་ཏན་འཐོབ་པའི་ཕྱིར་བཤད་ཀྱི། །↵སངས་རྒྱས་ཆོས་ནི་མ་འདྲེས་པ། །↵སྟོབས་ལ་སོགས་པ་བཅོ་
1443	terminal-particle	21		གང་དག་སངས་རྒྱས་ཁོ་ནས་ཟད་པ་མཁྱེན་པའི་ཚེ་བརྙེས་པར་འགྱུར་གྱི་གཞན་གྱིས་ནི་མ་ཡིན་པའོ།
1444	terminal-particle	24		བཅོ་བརྒྱད་གང་ཞེ་ན། སྟོབས་བཅུ་དང་། མི་འཇིགས་པ་བཞི་དང་། དྲན་པ་ཉེ་བར་གཞག་པ་གསུམ་དང་
1445	terminal-particle	11		ཐུན་མོང་མ་ཡིན་པས་ན་མ་འདྲེས་པ་ཞེས་བྱའོ། །
1446	terminal-particle	22		དེ་ལ། གནས་དང་གནས་མིན་ཤེས་པ་བཅུ། །གནས་དང་གནས་མ་ཡིན་པ་མཁྱེན་པའི་སྟོབས་ནི་ཤེས་པ་བཅུ
1447	terminal-particle	26		ལས་འབྲས་ལ་བརྒྱད། ལས་དང་རྣམ་པར་སྨིན་པའམ་མཁྱེན་པའི་སྟོབས་ནི་ཤེས་པ་བརྒྱད་དེ། འགོག་པ
1448	terminal-particle	9		བསམ་གཏན་སོགས། དབང་པོ་མོས་དང་ཁམས་ལ་ནི། དགུའོ། །
1449	terminal-particle	31		བསམ་གཏན་དང་། རྣམ་པར་ཐར་པ་དང་། ཏིང་ངེ་འཛིན་དང་། སྙོམས་པར་འཇུག་པ་མཁྱེན་པའི་སྟོབས་ན
1450	terminal-particle	33		དབང་པོ་མཆོག་དང་མཆོག་མ་ཡིན་པ་མཁྱེན་པའི་སྟོབས་དང་། མོས་པ་སྣ་ཚོགས་མཁྱེན་པའི་སྟོབས་ད
1451	terminal-particle	41		ལམ་དག་ལ་བཅུའམ། འམ་ཞེས་བྱ་བའི་སྒྲ་ནི་དགུ་འམ་ཞེས་ལུགས་ཐ་དད་པའི་དོན་ཏེ། གལ་ཏེ་ལམ་དེ
1452	line-end	8		གལ་ཏེ་མ་ཡིན་ན་ནི་དགུ་སྟེ།
1453	verse-stanza	13		འགོག་པ་ཤེས་པ་མ་གཏོགས་སོ། །↵གཉིས་ནི་ཀུན་རྫོབ་ཤེས་པ་ཡིན། །
1454	terminal-particle	27		སྔོན་གྱི་གནས་རྗེས་སུ་དྲན་པ་མཁྱེན་པའི་སྟོབས་དང་། ཤི་འཕོ་བ་དང་། སྐྱེ་བ་མཁྱེན་པའི་ས
1455	terminal-particle	7		ཟད་པ་དྲུག་གམ་བཅུ་ཡིན་ནོ། །
1456	terminal-particle	60		གལ་ཏེ་ཟག་པ་ཟད་པ་ཤེས་པ་འགོག་པ་ཤེས་པ་ཁོ་ན་ཞིག་ཡིན་ན་ནི་ཟག་པ་ཟད་པ་མཁྱེན་པའི་སྟོབས་ཤ
1457	terminal-particle	25		འོན་ཏེ་ཟད་པ་ཤེས་པ་ཟག་པ་ཟད་པའི་རྒྱུད་ལ་ཡོད་པའི་ཤེས་པ་ཡིན་ན་ནི། དེས་ན་ཤེས་པ་བཅུ་ཡི
1458	terminal-particle	5		རང་བཞིན་བཤད་ཟིན་ཏོ། །
1459	terminal-particle	44		ད་ནི་ས་བརྗོད་པར་བྱ་སྟེ། སྔོན་གནས་ཤི་འཕོ་སྐྱེ་བའི་སྟོབས། །བསམ་གཏན་དག་ན། འཆི་འཕོ་བ
1460	terminal-particle	42		ལྷག་མ་ནི་ས་རྣམས་ཀུན་ན། །སྟོབས་ལྷག་མ་ནི་ས་ཐམས་ཅད་ཀྱིས་བསྡུས་པ་ཡིན་ཏེ། དེ་དག་ཀྱང་འ
1461	terminal-particle	21		ཐམས་ཅད་ཀྱང་འཛམ་བུའི་གླིང་གི་སྐྱེས་པའི་རྟེན་ཅན་ཡིན་ཏེ། གཞན་དུ་སངས་རྒྱས་མི་འབྱུང་བ
1462	terminal-particle	21		ཤེས་པ་རྣམ་པ་བཅུ་པོ་འདི་ཉིད་གཞན་གྱི་ནི་སྟོབས་ཞེས་མི་བྱའི། སངས་རྒྱས་ཁོ་ནའི་སྟོབས་ཞ
1463	terminal-particle	30		ཅིའི་ཕྱིར། འདིའི་སྟོབས་གང་ཕྱིར་ཐོགས་མི་མངའ། །གང་གི་ཕྱིར་འདིའི་མཁྱེན་པ་ཤེས་བྱ་ཐམས
1464	terminal-particle	67		གཞན་དག་གི་ཤེས་པ་ནི་ལ་ལར་འདོད་ཀྱང་མི་འཇུག་པའི་ཕྱིར། ཐོགས་པ་ཡིན་པས་དེ་ནི་སྟོབས་ཞེས
1465	terminal-particle	29		རེ་ཞིག་དེ་ལྟར་ན་མཁྱེན་པ་ལ་ཐོགས་པ་མི་མངའ་བའི་ཕྱིར། སངས་རྒྱས་རྣམས་ཀྱི་ཐུགས་ཀྱི་སྟོ
1466	terminal-particle	20		སྐུ་ལ་སྲེད་མེད་བུ་ཡི་སྟོབས། །སངས་རྒྱས་ཀྱི་སྐུ་ལ་ནི་སྲེད་མེད་བུའི་སྟོབས་མངའོ་ཞེས་
1467	terminal-particle	20		གཞན་དག་ཚིགས་ན། གཞན་དག་ན་རེ་ཚིགས་དང་ཚིགས་ན་སྲེད་མེད་ཀྱི་བུའི་སྟོབས་མངའོ་ཞེས་ཟེར་ར
1468	terminal-particle	17		བཙུན་པ་ན་རེ་སྐུའི་སྟོབས་ཀྱང་ཐུགས་ཀྱི་སྟོབས་བཞིན་དུ་མཐའ་ཡས་པ་ཡིན་ནོ། །
1469	terminal-particle	19		དེ་ལྟ་མ་ཡིན་ན་མཁྱེན་པའི་སྟོབས་མཐའ་ཡས་པས་བཟོད་པར་མི་འགྱུར་རོ་ཞེས་ཟེར་རོ། །
1470	line-end	23		སངས་རྒྱས་དང་རང་སངས་རྒྱས་དང་འཁོར་ལོས་སྒྱུར་བ་རྣམས་ཀྱི་ཚིགས་ཀྱི་མདུད་པ་དང་། ལུ་གུ་
1471	verse-stanza	28		གཟར་བུས་བཏབ་པ་ལྟ་བུ་དག་ཡིན་ནོ། །↵སྲེད་མེད་ཀྱི་བུའི་སྟོབས་ཀྱི་ཚད་ཇི་ཙམ་ཞེ་ན།↵གླང་
1472	terminal-particle	22		གླང་པོ་ཆེ་ཕལ་པ་བཅུའི་སྟོབས་གང་ཡིན་པ་དེ་ནི་སྤོས་ཀྱི་གླང་པོ་ཆེ་གཅིག་གི་སྟོབས་ཡིན་ན
1473	terminal-particle	36		དེ་བཞིན་དུ་ཚན་པོ་ཆེ་ཆེན་པོ་དང་། རབ་གནོན་དང་། ཡན་ལག་མཆོག་དང་། སྟོབས་མཆོག་དང་། སྲེ
1474	terminal-particle	81		གཞན་དག་ན་རེ་གླང་པོ་ཆེ་ཕལ་པ་དང་། སྤོས་ཀྱི་གླང་པོ་ཆེ་དང་། ཚན་པོ་ཆེ་ཆེན་པོ་དང་། རབ་
1475	terminal-particle	28		ལུས་ཀྱི་སྟོབས་དེ་ནི་ཐམས་ཅད་ཀྱང་རེག་བྱའི་སྐྱེ་མཆེད་ཀྱི་རང་བཞིན་འབྱུང་བ་ཆེན་པོའི་ཁ
1476	terminal-particle	20		གཞན་དག་ན་རེ་བདུན་ལས་དོན་གཞན་དུ་གྱུར་པ་རྒྱུར་བྱས་པའི་གཟུགས་ཡིན་ནོ་ཞེས་ཟེར་རོ། །
1477	line-end	5		སྟོབས་རྣམས་བཤད་ཟིན་ཏོ། །
1478	verse-stanza	14		མི་འཇིགས་པ་ནི་རྣམ་པ་བཞི། །↵མདོ་ལས་ཇི་སྐད་འབྱུང་བ་བཞིན་ནོ། །
1479	terminal-particle	23		མི་འཇིགས་པ་བཞི་པོ་དེ་དག་ཀྱང་། ཇི་ལྟར་སྟོབས་ནི་དང་པོ་དང་བཅུ་པ་གཉིས་པ་བདུན་པ་བཞིན་
1480	terminal-particle	39		གནས་དང་གནས་མ་ཡིན་པ་མཁྱེན་པའི་སྟོབས་ཇི་ལྟ་བར། ཀྱེ་མ་ང་མངོན་པར་རྫོགས་པར་སངས་རྒྱས་པ
1481	terminal-particle	31		ཟག་པ་ཟད་པ་མཁྱེན་པའི་སྟོབས་ཇི་ལྟ་བར་ཀྱེ་མ་ང་ཟག་པ་ཟད་པར་གྱུར་པ་ལ་ཞེས་བྱ་བའི་མི་འཇི
1482	terminal-particle	38		ལས་བདག་གིར་བྱ་བ་མཁྱེན་པའི་སྟོབས་ཇི་ལྟ་བར་ངས་གང་དག་ཉན་ཐོས་རྣམ་ལ་བར་དུ་གཅོད་པའི་ཆོ
1483	terminal-particle	41		ཀུན་དུ་འགྲོ་བའི་ལམ་མཁྱེན་པའི་སྟོབས་ཇི་ལྟ་བར་ངས་གང་ཉན་ཐོས་རྣམས་ཀྱི་ངེས་པར་འབྱུང་བ
1484	terminal-particle	28		ཇི་ལྟར་ན་མཁྱེན་པ་ཉིད་མི་འཇིགས་པ་ཡིན་ཞེ་ན། མི་འཇིགས་པ་ནི་མི་སྐྲག་པ་ཡིན་ལ། འདི་དག་
1485	terminal-particle	17		ཤེས་པས་བྱས་པ་ནི་མི་འཇིགས་པར་རུང་གི་ཤེས་པ་ཉིད་ནི་མ་ཡིན་ནོ། །
1486	line-end	15		དྲན་པ་ཉེ་བར་གཞག་པ་ནི་འཁོར་གྱི་བྱེ་བྲག་ལས་གསུམ་ཡིན་ཏེ།
1487	verse-stanza	16		མདོ་ལས་ཇི་སྐད་འབྱུང་བ་བཞིན་ནོ། །↵དེ་ཡང་དྲན་པ་ཤེས་རབ་དག་ཉིད་གསུམ། །
1488	terminal-particle	22		དྲན་པ་ཉེ་བར་གཞག་པ་གསུམ་པོ་འདི་དག་ནི་དྲན་པ་དང་། ཤེས་བཞིན་གྱི་རང་བཞིན་དག་ཡིན་ནོ། །
1489	terminal-particle	54		གང་གི་ཚེ་ཉན་ཐོས་དག་ཀྱང་གུས་པར་ཉན་པ་དང་། གུས་པར་མི་ཉན་པ་དང་། གཉི་ག་ལ་ཀུན་དུ་དགའ་བ
1490	terminal-particle	70		ཡང་ན་ཉན་ཐོས་རྣམས་གང་ཡིན་པ་དེ་ལ་ནི་གུས་པར་ཉན་པ་དང་། གུས་པར་མི་ཉན་པ་དང་། གཉིས་པོ་ད
1491	terminal-particle	30		ད་ནི་ཐུགས་རྗེ་ཆེན་པོ་བརྗོད་པར་བྱ་སྟེ། དེ་སྨྲས་པ། ཐུགས་རྗེ་ཆེན་པོ་ཀུན་རྫོབ་བློ། །
1492	terminal-particle	31		དེ་ལྟ་མ་ཡིན་ན་སེམས་ཅན་ཐམས་ཅད་ལ་དམིགས་པར་ཡང་མི་འགྲུབ་ལ། སྙིང་རྗེ་བཞིན་དུ་སྡུག་བསྔ
1493	line-end	11		འདི་ཅིའི་ཕྱིར་ཐུགས་རྗེ་ཆེན་པོ་ཞེས་བྱ་ཞེ་ན།
1494	verse-stanza	14		ཚོགས་དང་རྣམ་པ་སྤྱོད་ཡུལ་དང་། །↵མཉམ་པའི་ཕྱིར་དང་ཆེས་ཆེའི་ཕྱིར། །
1495	terminal-particle	18		ཚོགས་ནི་བསོད་ནམས་དང་ཡེ་ཤེས་ཀྱི་ཚོགས་ཆེན་པོས་ཡང་དག་པར་འགྲུབ་པའི་ཕྱིར་རོ། །
1496	terminal-particle	11		རྣམ་པ་ནི་སྡུག་བསྔལ་གསུམ་ལ་རྟོགས་པའི་ཕྱིར་རོ། །
1497	terminal-particle	13		དམིགས་པ་ནི་ཁམས་གསུམ་པའི་སེམས་ཅན་ལ་དམིགས་པའི་ཕྱིར་རོ། །
1498	terminal-particle	15		མཉམ་པ་ཉིད་ནི་སེམས་ཅན་ཐམས་ཅད་ལ་འདྲ་བར་འཇུག་པའི་ཕྱིར་རོ། །
1499	terminal-particle	13		ཆེས་ཆེ་བ་ཉིད་ནི་དེ་བས་ཆེ་བ་མེད་པའི་ཕྱིར་རོ། །
1500	line-end	36		སྙིང་རྗེ་དང་ཐུགས་རྗེ་ཆེན་པོ་གཉིས་ལ་ཐ་དད་དུ་བྱ་བ་ནི་ཅི་ཞིག་ཡོད་ཅེ་ན། ཐ་དད་བྱ་བ་རྣ
1501	verse-stanza	27		གཏི་མུག་མེད་པའི་ངོ་བོ་ཉིད་ཡིན་པའི་ཕྱིར་རོ། །↵རྣམ་པ་ལས་ནི་སྡུག་བསྔལ་གཅིག་དང་།↵གསུ
1502	verse-stanza	32		དམིགས་པ་ལས་ནི་ཁམས་གཅིག་དང་།↵གསུམ་གྱི་སེམས་ཅན་ལ་དམིགས་པའི་ཕྱིར་རོ། །↵ས་ལས་ནི་བསམ་
1503	verse-stanza	20		རྒྱུད་ལས་ནི་ཉན་ཐོས་ལ་སོགས་པ་དང་།↵སངས་རྒྱས་ཀྱི་རྒྱུད་ལས་སྐྱེ་བ་ཡིན་པའི་ཕྱིར་རོ། །
1504	terminal-particle	22		ཐོབ་པ་ལས་ནི་འདོད་པའི་ཁམས་དང་། སྲིད་པའི་རྩེ་མོ་ལས་འདོད་ཆགས་དང་བྲལ་བས་ཐོབ་པའི་ཕྱིར
1505	terminal-particle	23		ཡོངས་སུ་མི་སྐྱོབ་པ་དང་། ཡོངས་སུ་སྐྱོབ་པ་དང་། མི་འདྲ་བ་དང་འདྲ་བར་ཐུགས་རྗེ་མཛད་པའི
1506	line-end	16		ཅི་སངས་རྒྱས་ཐམས་ཅད་རྣམ་པ་ཐམས་ཅད་ཀྱིས་མཉམ་པ་ཡིན་ནམ་ཞེ་ན།
1507	verse-stanza	26		སངས་རྒྱས་ཐམས་ཅད་ཚོགས་དང་ནི། །↵ཆོས་སྐུ་འགྲོ་བའི་དོན་སྤྱོད་པས། །↵མཉམ་པ་ཉིད་དེ་སྐུ་
1508	terminal-particle	43		སངས་རྒྱས་ཐམས་ཅད་ནི་རྒྱུ་གསུམ་པོ་སྔོན་གྱི་བསོད་ནམས་དང་། ཡེ་ཤེས་ཀྱི་ཚོགས་ཀྱིས་ཡང་ད
1509	terminal-particle	77		སྐུ་ཚེ་དང་། རིགས་དང་། གདུང་དང་། སྐུ་བོང་ཚོད་དུ་མཛད་པ་ལ་ནི་བྱེ་བྲག་ཡོད་དེ་དུས་ཇི་
1510	terminal-particle	63		ཕུན་སུམ་ཚོགས་པ་རྣམ་པ་གསུམ་པོ་འདི་ཁོ་ན་ཡིད་ལ་བྱེད་པ་མཁས་པས་ནི། སངས་རྒྱས་བཅོམ་ལྡན་
1511	terminal-particle	43		དེ་ལ་རྒྱུ་ཕུན་སུམ་ཚོགས་པ་ནི། རྣམ་པ་བཞི་སྟེ། བསོད་ནམས་དང་ཡེ་ཤེས་ཀྱི་ཚོགས་ཐམས་ཅད་ལ
1512	terminal-particle	37		འབྲས་བུ་ཕུན་སུམ་ཚོགས་པ་ཡང་རྣམ་པ་བཞི་སྟེ། ཡེ་ཤེས་ཕུན་སུམ་ཚོགས་པ་དང་། སྤང་བ་ཕུན་སུ
1513	terminal-particle	30		ཕན་འདོགས་པ་ཕུན་སུམ་ཚོགས་པ་ཡང་རྣམ་པ་བཞི་སྟེ། ངན་སོང་གསུམ་དང་འཁོར་བའི་སྡུག་བསྔལ་ལས
1514	terminal-particle	17		ཡང་ན་ཐེག་པ་གསུམ་དང་བདེ་འགྲོ་ལ་འགོད་པར་མཛད་པ་ཕུན་སུམ་ཚོགས་པའོ། །
1515	terminal-particle	33		ཡེ་ཤེས་ཕུན་སུམ་ཚོགས་པ་ཡང་རྣམ་པ་བཞི་སྟེ། མ་བསྟན་པར་མཁྱེན་པ་དང་། ཐམས་ཅད་མཁྱེན་པ་དང
1516	terminal-particle	45		སྤངས་པ་ཕུན་སུམ་ཚོགས་པ་ཡང་རྣམ་པ་བཞི་སྟེ། ཉོན་མོངས་པ་ཐམས་ཅད་སྤངས་པ་དང་། གཏན་དུ་སྤང
1517	terminal-particle	78		མཐུ་ཕུན་སུམ་ཚོགས་པ་ཡང་རྣམ་པ་བཞི་སྟེ། ཕྱིའི་ཡུལ་སྤྲུལ་པ་དང་། ཡོངས་སུ་བསྒྱུར་བ་དང་
1518	terminal-particle	44		གཟུགས་ཀྱི་སྐུ་ཕུན་སུམ་ཚོགས་པ་ཡང་རྣམ་པ་བཞི་སྟེ། མཚན་ཕུན་སུམ་ཚོགས་པ་དང་། དཔེ་བྱད་བ
1519	terminal-particle	19		དེ་ལྟར་ན་དེ་དག་ནི་སངས་རྒྱས་རྣམས་ཀྱི་ཆེ་བའི་བདག་ཉིད་མདོར་བསྡུས་པ་ཡིན་ནོ། །
1520	terminal-particle	43		དེ་དབྱེ་ན་ནི་མཐའ་ཡས་པར་འགྱུར་ཏེ། དེ་ཡང་བཅོམ་ལྡན་འདས་རྣམས་ཁོ་ན་ནས་གལ་ཏེ་སྐུ་ཚེ་བས
1521	terminal-particle	39		རེ་ཞིག་དེ་ལྟར་ན་དེ་བཞིན་གཤེགས་པ་རྣམས་ནི་ཡོན་ཏན་དང་ཡེ་ཤེས་དང་མཐུ་དང་ཕན་འདོགས་པ་མཐ
1522	terminal-particle	112		འོན་ཀྱང་བྱིས་པ་རང་ཉིད་ཡོན་ཏན་དབུལ་བས་མོས་པ་བཅོམ་པ་རྣམས་ནི་ཡོན་ཏན་འབྱོར་པ་དེ་ལྟ་བ
1523	terminal-particle	46		དེ་ཉིད་ཀྱི་ཕྱིར་དེ་བཞིན་གཤེགས་པ་རྣམས་ནི་བསོད་ནམས་ཀྱི་ཞིང་བླ་ན་མེད་པ་ཞེས་བྱ་སྟེ། 
1524	line-end	6		བཅོམ་ལྡན་འདས་ཀྱིས་ཀྱང་།
1525	verse-stanza	26		གང་དག་རྒྱལ་བ་རྣམ་འདྲེན་ལ། །↵བྱ་བ་ཆུང་ངུ་བྱེད་འགྱུར་བའང་། །↵དེ་དག་མཐོ་རིས་སྣ་ཚོགས
1526	terminal-particle	3		ཅེས་གསུངས་སོ། །
1527	terminal-particle	16		རེ་ཞིག་དེ་དག་ནི་སངས་རྒྱས་ཀྱི་ཆོས་མ་འདྲེས་པ་བཅོ་བརྒྱད་ཅེས་བྱའོ། །
1528	terminal-particle	22		ཆོས་གཞན་སློབ་དང་ཐུན་མོང་མིན། །སངས་རྒྱས་རྣམས་ཀྱི་ཡོན་ཏན་གཞན་དག་ནི་ཉན་ཐོས་དང་ཐུན་མ
1529	line-end	15		ཁ་ཅིག་སོ་སོའི་སྐྱེ་བོ་དང་། དེ་དག་ཀྱང་གང་ཞེ་ན། ཅི་རིགས་པར།
1530	verse-stanza	13		ཉོན་མོངས་མེད་དང་སྨོན་ནས་ཤེས། །↵སོ་སོ་ཡང་དག་རིག་སྔོན་སོགས། །
1531	terminal-particle	55		ཉོན་མོངས་པ་མེད་པ་དང་། སྨོན་ནས་ཤེས་པ་དང་། སོ་སོ་ཡང་དག་པར་རིག་པ་དང་། མངོན་པར་ཤེས་པ
1532	terminal-particle	128		དེ་ལ་ཉོན་མོངས་པ་མེད་པ་ཞེས་བྱ་བ་ནི་དགྲ་བཅོམ་པ་ལ་ལ་སེམས་ཅན་རྣམས་ཀྱི་སྡུག་བསྔལ་ནི་ཉ
1533	terminal-particle	15		ཉོན་མོངས་པ་མེད་པ་དེ་ནི། ཀུན་རྫོབ་ཤེས། དེའི་རང་བཞིན་ནི་འདི་ཡིན་ནོ། །
1534	terminal-particle	21		བསམ་གཏན་མཐའ་ན་བསམ་གཏན་བཞི་པའི་ས་པ་ཡིན་ཏེ། ལམ་སླ་བ་རྣམས་ཀྱི་མཆོག་ཡིན་པའི་ཕྱིར་རོ།
1535	terminal-particle	32		མི་གཡོ་བའི་ཆོས། དགྲ་བཅོམ་པ་གཞན་གྱིས་ནི་མ་ཡིན་ཏེ། གཞན་ནི་རེས་འགའ་རང་གི་རྒྱུད་ལས་ཀ
1536	terminal-particle	14		མིས་སྐྱེད། གླིང་གསུམ་དུ་མི་དག་གི་ནང་ཁོ་ནར་སྐྱེད་པར་བྱེད་དོ། །
1537	terminal-particle	52		ཉོན་མོངས་འདོད་གཏོགས་པ། མ་སྐྱེད་གཞིར་བཅས་སྤྱོད་ཡུལ་ཅན། འདིའི་དམིགས་པ་ནི་ཉོན་མོངས་
1538	terminal-particle	31		ཉོན་མོངས་པ་གཞི་མེད་པ་རྣམས་ནི་ཡོངས་སུ་སྤང་བར་མི་ནུས་ཏེ། ཐམས་ཅད་དུ་འགྲོ་བ་རྣམས་ནི་
1539	line-end	10		ཉོན་མོངས་པ་མེད་པ་ཇི་སྐད་དུ་བཤད་པ།
1540	verse-stanza	21		སྨོན་ནས་ཤེས་པའང་དེ་བཞིན་ནོ། །↵དེ་ཡང་ཀུན་རྫོབ་ཤེས་པ་དང་། །↵བསམ་གཏན་མཐའ་ན་ཡོད་པ་དང
1541	terminal-particle	14		མི་གཡོ་བའི་ཆོས་ཅན་གྱི་ཡིན་པ་དང་། མིའི་རྟེན་ཅན་ཡིན་ནོ། །
1542	terminal-particle	6		དེའི་དམིགས་པ་ཐམས་ཅད་དོ། །
1543	terminal-particle	18		སྨོན་ནས་ཤེས་པའི་དམིགས་པ་ནི་ཆོས་ཐམས་ཅད་ཡིན་པས་འདི་ནི་བྱེ་བྲག་ཡིན་ནོ། །
1544	terminal-particle	22		བྱེ་བྲག་ཏུ་སྨྲ་བ་རྣམས་ན་རེ་སྨོན་ནས་ཤེས་པ་གཟུགས་མེད་པ་རྣམས་མངོན་སུམ་དུ་མི་ཤེས་སོ།
1545	terminal-particle	26		འོ་ན་ཇི་ལྟ་བུ་ཞེ་ན། རྒྱུ་མཐུན་པ་དང་སྤྱོད་པའི་བྱེ་བྲག་ལས་ཤེས་ཏེ། འདིར་དཔེ་ནི་ཞིང་
1546	line-end	59		སྨོན་པ་སྔར་བཏང་བའི་ཤེས་པ་ནི་སྨོན་ནས་ཤེས་པ་སྟེ། འདི་ཤེས་པར་བྱའོ་སྙམ་དུ་སྨོན་ནས་རབ
1547	verse-stanza	14		དེ་བཞིན་ཆོས་དོན་ངེས་ཚིག་དང་། །↵སྤོབས་པ་སོ་སོ་ཡང་དག་རིག། །
1548	terminal-particle	47		སོ་སོ་ཡང་དག་པར་རིག་པ་ནི་བཞི་སྟེ། ཆོས་སོ་སོ་ཡང་དག་པར་རིག་པ་དང་། དོན་སོ་སོ་ཡང་དག་པ
1549	terminal-particle	14		དེ་དག་ཀྱང་ཉོན་མོངས་པ་མེད་པ་ཇི་ལྟ་བ་དེ་དང་འདྲའོ། །
1550	terminal-particle	24		དེ་དག་གི་དེ་དང་འདྲ་བ་ཅི་ཞེ་ན། མི་གཡོ་བའི་ཆོས་ཅན་གྱི་ཡིན་པ་དང་། མིའི་རྟེན་ཅན་ཉིད་
1551	line-end	20		འདི་དག་གི་དམིགས་པ་དང་། ས་དང་། རང་གི་ངོ་བོའི་བྱེ་བྲག་ནི་ཐ་དད་པར་བརྗོད་དེ།
1552	verse-stanza	14		གསུམ་ནི་གོ་རིམས་བཞིན་མིང་དང་། །↵དོན་དང་ངག་ལ་ཐོགས་མེད་ཤེས། །
1553	line-end	41		ཆོས་དང་དོན་དང་ངེས་པའི་ཚིག་སོ་སོ་ཡང་དག་པར་རིག་པ་རྣམས་ནི་གོ་རིམས་བཞིན་དུ་མིང་དང་ཚི
1554	verse-stanza	14		བཞི་པ་རིགས་པ་ཐགས་ཐོགས་མེད། །↵མངོན་བརྗོད་ལམ་ལ་དབང་ཉིད་དང་། །
1555	terminal-particle	51		ཐོགས་པ་མེད་པར་ཤེས་པ་ཞེས་བྱ་བར་སྦྱར་ཏེ། སྤོབས་པ་སོ་སོ་ཡང་དག་པར་རིག་པ་ནི་རིགས་པ་དང
1556	terminal-particle	18		དེ་ཡི་དམིགས་པ་ངག་དང་ལམ། །དེའི་དམིགས་པ་ནི་ངག་ཀྱང་ཡིན་ལ་ལམ་ཡང་ཡིན་ནོ། །
1557	terminal-particle	3		ཤེས་པ་དགུའོ། །
1558	terminal-particle	23		སྤོབས་པ་སོ་སོ་ཡང་དག་པར་རིག་པ་ནི་ཤེས་པ་དགུའི་རང་བཞིན་ཡིན་ཏེ། འགོག་པ་ཤེས་པ་མ་གཏོགས
1559	terminal-particle	34		ས་ཐམས་ཅད། འདི་ནི་ངག་དང་ལམ་གཉིས་ལས་གང་ཡང་རུང་བ་ཞིག་ལ་དམིགས་པའི་ཕྱིར་འདོད་པའི་ཁམས་
1560	terminal-particle	28		ཡང་དག་དོན་རིག་བཅུའམ་དྲུག །དོན་སོ་སོ་ཡང་དག་པར་རིག་པ་ནི་གལ་ཏེ་དོན་ཆོས་ཐམས་ཅད་ཡིན་ན
1561	terminal-particle	39		གལ་ཏེ་དོན་མྱ་ངན་ལས་འདས་པ་ཡིན་ན་ནི་ཤེས་པ་དྲུག་སྟེ། ཆོས་ཤེས་པ་དང་། རྗེས་སུ་ཤེས་པ་ད
1562	terminal-particle	19		དོན་ནི་ཀུན་ན། དོན་སོ་སོ་ཡང་དག་པར་རིག་པ་དེ་ནི་ས་ཐམས་ཅད་པ་ཡིན་ནོ། །
1563	line-end	33		གཞན་ཀུན་རྫོབ། གཞན་ཆོས་དང་ངེས་པའི་ཚིག་སོ་སོ་ཡང་དག་པར་རིག་པ་གཉིས་ནི་ཀུན་རྫོབ་ཤེས་པ
1564	verse-stanza	12		ངག་ལ་དམིགས་པའི་ཕྱིར་རོ། །↵ཆོས་རིག་འདོད་དང་བསམ་གཏན་ན། །
1565	terminal-particle	32		ཆོས་སོ་སོ་ཡང་དག་པར་རིག་པ་ནི་ས་ལྔ་པོ་འདོད་པའི་ཁམས་དང་། བསམ་གཏན་བཞིས་བསྡུས་པ་ཡིན་ཏ
1566	terminal-particle	18		ངག་ནི་འདོད་པ་དང་པོ་ན། །ངག་དང་ངེས་པའི་ཚིག་ཅེས་བྱ་བ་ནི་དོན་གཅིག་གོ། །
1567	terminal-particle	32		ངེས་པའི་ཚིག་སོ་སོ་ཡང་དག་པར་རིག་པ་ནི་འདོད་པའི་ཁམས་དང་བསམ་གཏན་དང་པོའི་ས་པ་དག་ཡིན་ཏ
1568	terminal-particle	87		བཏགས་པ་ནི་སོ་སོ་ཡང་དག་པར་རིག་པ་རྣམས་འདི་སྐད་དུ་ཚིག་དང་ཡི་གེ་དང་། དེ་ཉིད་ཀྱི་དོན་
1569	terminal-particle	27		ཚིག་ངེས་པ་ནི་ངེས་པའི་ཚིག་སྟེ། དཔེར་ན་གཟུགས་སུ་རུང་བས་ནི་དེའི་ཕྱིར། གཟུགས་ཞེས་བྱ་
1570	terminal-particle	18		གཞན་དག་ན་རེ་ལན་དང་ལན་ལ་སྤོབས་པས་ན་སྤོབས་པ་ཡིན་ནོ་ཞེས་ཟེར་རོ། །
1571	terminal-particle	54		སོ་སོ་ཡང་དག་པར་རིག་པ་འདི་དག་གི་སྔོན་གྱི་སྦྱོར་བ་ནི་གོ་རིམས་བཞིན་དུ་རྩིས་དང་། སངས
1572	terminal-particle	16		ཐམས་ཅད་ཀྱི་སྦྱོར་བ་སངས་རྒྱས་ཀྱི་བཀའ་ཁོ་ན་ཡིན་ནོ་ཞེས་བརྗོད་དོ། །
1573	terminal-particle	22		གང་ལ་གཅིག་ཡོད་པ་དེ་ལ་གདོན་མི་ཟ་བར་སོ་སོ་ཡང་དག་པར་རིག་པ་བཞི་ཆར་ཡོད་དོ། །
1574	terminal-particle	24		མ་ཚང་བར་ནི་དེ་ཐོབ་མེད། །དེ་དག་མ་ཚང་བར་ནི་སོ་སོ་ཡང་དག་པར་རིག་པ་འཐོབ་པ་མ་ཡིན་ནོ། །
1575	terminal-particle	80		ཉོན་མོངས་པ་མེད་པ་ལ་སོགས་པའི་ཡོན་ཏན་བསྟན་པ་གང་དག་ཡིན་པ། དྲུག་པོ་དེ་དག་རབ་མཐའ་པས། 
1576	terminal-particle	29		ངེས་པའི་ཚིག་སོ་སོ་ཡང་དག་པར་རིག་པ་ནི་དེའི་སྟོབས་ཀྱིས་འཐོབ་པ་ཡིན་གྱི་དེ་བསམ་གཏན་བཞ
1577	line-end	13		རབ་ཀྱི་མཐའ་པ་ཞེས་བྱ་བ་ནི་ཅི་ཞེ་ན། བསམ་གཏན་མཐའ།
1578	verse-stanza	18		བསམ་གཏན་བཞི་པ་ཡིན་ནོ། །↵དེ་ནི་ས་ཀུན་གྱིས་མཐུན་པས། །↵འཕེལ་བའི་རབ་ཏུ་ཕྱིན་པ་ཡིན། །
1579	terminal-particle	57		ཇི་ལྟར་ན་ས་ཐམས་ཅད་ཀྱིས་མཐུན་པར་བྱས་པ་ཡིན་ཞེ་ན། འདོད་པ་ན་སྤྱོད་པའི་སེམས་ལས་བསམ་གཏ
1580	terminal-particle	14		མི་མཐུན་པ་ནི་ཡང་འདོད་པ་ན་སྤྱོད་པའི་སེམས་ཀྱི་བར་ལའོ། །
1581	terminal-particle	25		དེ་ལས་ཡང་བསམ་གཏན་བཞི་པའི་བར་དུ་མཐུན་པ་ཡིན་ཏེ། དེ་ལྟར་ན་ས་ཐམས་ཅད་ཀྱིས་མཐུན་པར་བྱས
1582	terminal-particle	39		ཇི་ལྟར་ན་འཕེལ་བའི་རབ་ཏུ་ཕྱིན་པའི་བར་དུ་ཡིན་ཞེ་ན། དེ་ལྟར་བསྒོམས་པ་ཆུང་ངུ་ལས་འབྲིང
1583	terminal-particle	23		བསམ་གཏན་འདི་ལྟ་བུ་འདི་ནི་རབ་ཀྱི་མཐའ་པ་ཡིན་ཏེ། འདི་ལ་མཐར་རབ་ཏུ་ཕྱིན་པ་ཡོད་པའི་ཕྱི
1584	line-end	13		འདིར་མཐའ་ནི་འཕེལ་བའམ་རྣམ་པ་ཡིན་ཏེ། མུ་བཞི་པ་བཞིན་ནོ། །
1585	verse-stanza	14		ཡོན་ཏན་དྲུག་པོ་དེ་དག་ཀྱང་། །↵སངས་རྒྱས་ལས་གཞན་སྦྱོར་ལས་སྐྱེས། །
1586	terminal-particle	24		སངས་རྒྱས་ལས་གཞན་པ་ནི་སྦྱོར་བ་ལས་བྱུང་བ་ཡིན་གྱི་འདོད་ཆགས་དང་བྲལ་བས་ཐོབ་པ་ནི་མ་ཡིན
1587	terminal-particle	44		སངས་རྒྱས་ཀྱི་ནི་སྦྱོར་བ་ལས་བྱུང་བ་ཅུང་ཟད་ཀྱང་མེད་དེ། འདོད་ཆགས་ཅན་གྱི་དབང་ཕྱུག་ཡི
1588	terminal-particle	16		རེ་ཞིག་དེ་དག་ནི་ཉན་ཐོས་དང་། ཐུན་མོང་པའི་ཡོན་ཏན་དག་ཡིན་ནོ། །
1589	terminal-particle	19		མངོན་པར་ཤེས་པ་ལ་སོགས་པ་ནི་སོ་སོའི་སྐྱེ་བོ་དག་དང་ཡང་ཐུན་མོང་ཡིན་ནོ། །
1590	line-end	11		མངོན་པར་ཤེས་པ་ཞེས་བྱ་བ་འདི་ཅི་ཞེ་ན།
1591	verse-stanza	20		རྫུ་འཕྲུལ་རྣ་བ་ཡིད་དང་ནི། །↵སྔོན་ཚེ་འཆི་འཕོ་སྐྱེ་བ་དང་། །↵ཟད་ཤེས་མངོན་དུ་བྱ་བ་ཡི
1592	terminal-particle	66		མངོན་ཤེས་རྣམ་པ་དྲུག །རྫུ་འཕྲུལ་གྱི་ཡུལ་ཤེས་པ་མངོན་དུ་བྱ་བའི་མངོན་པར་ཤེས་དང་། ལྷའ
1593	terminal-particle	16		དེ་དག་ལས་ལྔ་ནི་སོ་སོའི་སྐྱེ་བོ་རྣམས་དང་ཐུན་མོང་བ་ཡིན་ནོ། །
1594	terminal-particle	27		དེ་དག་ཐམས་ཅད་ནི། རྣམ་གྲོལ་བློ། །དགེ་སྦྱོང་གི་ཚུལ་གྱི་འབྲས་བུ་བཞིན་དུ། རྣམ་པར་གྲོ
1595	terminal-particle	24		བཞི་ནི་ཀུན་རྫོབ་ཤེས་པ་སྟེ། །སེམས་ཀྱི་རྣམ་གྲངས་དང་། ཟག་པ་ཟད་པ་ཤེས་པའི་མངོན་པར་ཤེས
1596	terminal-particle	7		སེམས་ལ་ཤེས་པ་ལྔ་ཡིན་ནོ། །
1597	line-end	26		སེམས་ཀྱི་རྣམ་གྲངས་མངོན་པར་ཤེས་པ་ནི་ལྔ་ཡིན་ཏེ། ཆོས་ཤེས་པ་དང་། རྗེས་སུ་ཤེས་པ་དང་། 
1598	verse-stanza	14		ཕ་རོལ་གྱི་སེམས་ཤེས་པ་རྣམས་སོ། །↵ཟག་པ་མངོན་ཤེས་སྟོབས་བཞིན་ནོ། །
1599	terminal-particle	44		འདི་ནི་ཟག་པ་ཟད་པ་མཁྱེན་པའི་སྟོབས་ཇི་སྐད་དུ་བཤད་པ་དེ་བཞིན་དུ་ཤེས་པ་དྲུག་གམ་བཅུ་ཡི
1600	terminal-particle	21		ལྷག་མ། ལྔ་ནི་བསམ་གཏན་བཞི་དག་ན། །མངོན་པར་ཤེས་པ་ལྔ་ནི་བསམ་གཏན་བཞིའི་ས་པ་དག་ཡིན་ནོ།
1601	terminal-particle	23		ཅིའི་ཕྱིར་གཟུགས་མེད་པའི་ས་པ་དག་མེད་ཅེ་ན། རེ་ཞིག་གསུམ་ནི་མེད་དེ། གཟུགས་ལ་དམིགས་པ་
1602	terminal-particle	26		སེམས་ཀྱི་རྣམ་གྲངས་མངོན་པར་ཤེས་པ་ཡང་མེད་དེ་གཟུགས་ལ་སྟེགས་བཅས་ནས་མངོན་པར་བསྒྲུབ་པར
1603	terminal-particle	91		སྔོན་གྱི་གནས་རྗེས་སུ་དྲན་པ་ཡང་མེད་དེ་མཐར་གྱིས་སྔོན་གྱི་གནས་གཞན་རྗེས་སུ་དྲན་པས་མང
1604	terminal-particle	18		མངོན་པར་ཤེས་པ་མངོན་པར་གྲུབ་ན་ནི་གཟུགས་ལ་མི་ལྟོས་པར་མངོན་པར་ཤེས་སོ། །
1605	terminal-particle	47		སྔོན་གྱི་གནས་རྗེས་སུ་དྲན་པར་འདོད་པ་ནི་ཡིད་ཀྱི་རྣམ་པར་ཤེས་པ་འགགས་མ་ཐག་པའི་མཚན་མ་བ
1606	terminal-particle	17		དེ་ནས་སྲིད་པ་བར་མའི་སྐད་ཅིག་མ་གཅིག་དྲན་ན་ཡང་གྲུབ་པ་ཡིན་ནོ། །
1607	line-end	8		དེ་བཞིན་དུ་གཞན་གྱི་ཡང་དྲན་ནོ། །
1608	verse-stanza	27		མངོན་པར་གྲུབ་ནས་ནི་ཐོད་རྒལ་དུ་ཡང་དྲན་ནོ། །↵སྔོན་ཉམས་སུ་མྱོང་བ་ཁོ་ན་དྲན་ནོ། །↵གནས
1609	terminal-particle	8		ཐོས་པས་ཉམས་སུ་མྱོང་བའི་ཕྱིར་རོ། །
1610	terminal-particle	29		གཟུགས་མེད་པ་ནས་ཤི་འཕོས་ནས་འདིར་སྐྱེས་པ་ན་ཕ་རོལ་པའི་རྒྱུད་ལ་བརྟེན་ནས་སྐྱེད་དེ། །ག
1611	line-end	14		རྫུ་འཕྲུལ་ལ་སོགས་པའི་སྦྱོར་བ་ནི་ཡང་བ་དང་། སྒྲ་དང་།
1612	verse-stanza	22		སྣང་བ་ཡིད་ལ་བྱེད་པ་ཡིན་ནོ། །↵མངོན་པར་ཤེས་པ་ལྔ་པོ་འདི་དག་ནི།↵རང་དང་འོག་སའི་ཡུལ་ཅན
1613	terminal-particle	27		རྫུ་འཕྲུལ་གྱི་མངོན་པར་ཤེས་པ་གང་ཡིན་པ་དེས་ས་དེའམ་འོག་མར་འགྲོ་བའམ་སྤྲུལ་པར་བྱེད་ཀྱ
1614	terminal-particle	30		དེ་བཞིན་དུ་ལྷའི་རྣ་བའི་མངོན་པར་ཤེས་པས་ཀྱང་རང་གི་ས་ཁོ་ནའམ་ས་འོག་མ་པའི་སྒྲ་ཐོས་ཀྱི
1615	terminal-particle	18		སེམས་ཀྱི་རྣམ་གྲངས་མངོན་པར་ཤེས་པས་ཀྱང་ས་གོང་མ་པའི་སེམས་ནི་མི་ཤེས་སོ། །
1616	terminal-particle	11		སྔོན་གྱི་གནས་རྗེས་སུ་དྲན་པས་ཀྱང་མི་དྲན་ནོ། །
1617	terminal-particle	48		འཆི་འཕོ་བ་དང་། སྐྱེ་བ་མངོན་པར་ཤེས་པས་ཀྱང་མི་མཐོང་ངོ་། །དེ་ཉིད་ཀྱི་ཕྱིར་གཟུགས་མེད
1618	line-end	7		འདི་དག་ཇི་ལྟར་འཐོབ་ཅེ་ན།
1619	verse-stanza	13		མ་འདྲེས་པ་རྣམས་ཀྱི་སྦྱོར་བས། །↵ཐོབ་བྱ་འདྲིས་པ་ཆགས་བྲལ་བས། །
1620	line-end	19		མངོན་པར་ཤེས་པ་ཚེ་རབས་གཞན་ན་གོམས་པ་རྣམས་ནི་འདོད་ཆགས་དང་བྲལ་བས་འཐོབ་བོ། །
1621	verse-stanza	22		བྱེ་བྲག་ཅན་རྣམས་ནི་སྦྱོར་བས་སོ། །↵ཐམས་ཅད་ཀྱང་སྦྱོར་བས་བསྐྱེད་པ་ཡིན་ནོ། །↵གསུམ་པ་
1622	terminal-particle	38		སེམས་ཀྱི་རྣམ་གྲངས་མངོན་པར་ཤེས་པ་ནི་སེམས་དང་སེམས་ལས་བྱུང་བ་ལ་དམིགས་པ་ཡིན་པའི་ཕྱིར
1623	ordinal-open	58		དང་པོ་རྫུ་འཕྲུལ་རྣ་བ་མིག །མངོན་པར་ཤེས་པ་ཞེས་བྱ་བར་སྦྱར་ཏེ། རྫུ་འཕྲུལ་དང་ལྷའི་རྣ་
1624	terminal-particle	15		རྫུ་འཕྲུལ་གྱི་དམིགས་པ་ནི་ཕྱིའི་སྐྱེ་མཆེད་བཞི་ཡིན་ཏེ། སྒྲ་མ་གཏོགས་སོ། །
1625	terminal-particle	21		ལྷའི་རྣ་བ་དང་མིག་གི་མངོན་པར་ཤེས་པའི་དམིགས་པ་ནི་སྒྲ་དང་གཟུགས་ཀྱི་སྐྱེ་མཆེད་ཡིན་ནོ
1626	terminal-particle	72		འདི་ཇི་ལྟར་ན། འཆི་འཕོ་དང་སྐྱེ་བ་ཤེས་པས་འདི་ལྟར་སེམས་ཅན་འདི་དག་ནི་ལུས་ཀྱི་ཉེས་པར་
1627	terminal-particle	27		ལྷག་མ་ནི་དམིགས་ཀྱིས་མ་ཕྱེ་བའི་ཕྱིར་དྲན་པ་ཉེ་བར་གཞག་པ་བཞི་ཆར་གྱི་རང་བཞིན་ཡིན་ནོ་ཞ
1628	terminal-particle	29		མིག་དང་རྣ་བའི་མངོན་ཤེས་ནི། །ལུང་དུ་མ་བསྟན་ལྷག་རྣམས་དགེ །ལྷའི་མིག་དང་རྣ་བའི་མངོན་
1629	terminal-particle	20		དེ་དག་ཀྱང་མིག་དང་རྣ་བའི་རྣམ་པར་ཤེས་པ་དང་མཚུངས་པར་ལྡན་པའི་ཤེས་རབ་ཡིན་ནོ། །
1630	terminal-particle	36		འོ་ན་དེ་དག་ཇི་ལྟར་བསམ་གཏན་བཞིའི་ས་པར་གྲུབ་ཅེ་ན། རྟེན་གྱི་དབང་གིས་དེའི་ས་བསྟན་པའི
1631	terminal-particle	11		ཡང་ན་བར་ཆད་མེད་པའི་ལམ་གྱི་དབང་གིས་སོ། །
1632	terminal-particle	8		གཞན་བཞི་ནི་དགེ་བ་དག་ཡིན་ནོ། །
1633	terminal-particle	38		འོ་ན་རབ་ཏུ་བྱེད་པ་ལས་མངོན་པར་ཤེས་པ་གང་ཞེ་ན། ཤེས་པ་དགེ་བ་ཡིན་ནོ་ཞེས་གང་བཤད་པ་ཇི་ལ
1634	quote-open	7		མངོན་པར་ཤེས་པ་འདི་རྣམས་ལས། །
1635	terminal-particle	35		གསུམ་ནི་རིག་པ། སྔོན་གྱི་གནས་དང་། འཆི་འཕོ་བ་དང་སྐྱེ་བ་དང་། ཟག་པ་ཟད་པ་ཤེས་པ་མངོན་ས
1636	terminal-particle	22		ཅིའི་ཕྱིར་དེ་དག་ཁོ་ན་ཡིན་གྱི་གཞན་དག་མ་ཡིན་ཞེ་ན། སྔོན་མཐའ་སོགས། མ་རིག་པ་ནི་བཟློག་
1637	terminal-particle	26		འདི་དག་གིས་ནི་གོ་རིམས་བཞིན་དུ་སྔོན་གྱི་མཐའ་དང་། ཕྱི་མའི་མཐའ་དང་། བར་ལ་ཀུན་དུ་རྨོ
1638	terminal-particle	27		དེ་དག་ལས་ཀྱང་དོན་དམ་པར་མི་སློབ་ཐ་མ། ཟག་པ་ཟད་པ་མངོན་དུ་བྱ་བ་ཁོ་ན་མི་སློབ་པའི་རིག་
1639	terminal-particle	40		གཉིས་ནི་དེའི། རྒྱུད་ལས་སྐྱེས་ཕྱིར་དེ་ཞེས་བྱ། །གཞན་གཉིས་ནི་མི་སློབ་པའི་རྒྱུད་ལས་ས
1640	line-end	28		མངོན་པར་ཤེས་པ་འདི་དག་སློབ་པའི་ཡིན་པར་མི་འདོད་དམ་ཞེ་ན་གང་གི་ཕྱིར་སློབ་པའི་རིག་པ་ད
1641	verse-stanza	14		སློབ་ལ་འདོད་དེ་མ་རིག་དང་། །↵བཅས་རྒྱུད་ཕྱིར་ན་རིག་མ་བཤད། །
1642	line-end	27		རྒྱུད་མ་རིག་པ་དང་བཅས་བཞིན་དུ་རིག་པ་རྣམ་པར་གཞག་ཏུ་ནི་མི་རུང་སྟེ། ཡང་མ་རིག་པས་ཟིལ་
1643	verse-stanza	20		མངོན་པར་ཤེས་པ་འདི་དག་ལས། །↵དང་པོ་གསུམ་པ་དྲུག་པ་ནི། །↵ཆོ་འཕྲུལ་རྣམས་ཡིན་རྫུ་འཕྲུལ
1644	terminal-particle	39		སེམས་ཀྱི་རྣམ་གྲངས་དང་། ཟག་པ་ཟད་པའི་མངོན་པར་ཤེས་པ་རྣམས་ནི་གོ་རིམས་བཞིན་དུ་ཆོ་འཕྲུ
1645	ordinal-open	43		དང་པོ་ཉིད་དུ་གདུལ་བྱའི་ཡིད་ཤིན་ཏུ་འཕྲོག་པར་བྱེད་པའི་ཕྱིར་ཆོ་འཕྲུལ་དག་ཡིན་པ་འམ། འ
1646	line-end	7		འདི་དག་གི་ནང་ན། བསྟན་པ་མཆོག །
1647	verse-stanza	20		རྗེས་སུ་བསྟན་པའི་ཆོ་འཕྲུལ་ནི། །↵མི་འཁྲུལ་ཕྱིར་དང་ཕན་པ་དང་། །↵ཡིད་འོང་འབྲས་ལ་སྦྱོ
1648	terminal-particle	3		མཆོག་ཡིན་ནོ། །
1649	terminal-particle	80		རྫུ་འཕྲུལ་དང་ཀུན་བརྗོད་པ་དག་ནི་རིག་སྔགས་ཀྱིས་ཀྱང་། བྱེད་དེ། གྷན་དྷ་རི་ཞེས་བྱ་བའི
1650	terminal-particle	42		དེ་གཉིས་ཀྱིས་ནི་གཏོད་པ་ཙམ་དུ་ཟད་ཀྱི་རྗེས་སུ་བསྟན་པའི་ཆོ་འཕྲུལ་གྱིས་ནི་ཐབས་ཉེ་བར་
1651	terminal-particle	31		རྫུ་འཕྲུལ་ཞེས་བྱ་བ་འདི་ཅི་ཡིན་ཞེ་ན། བྱེ་བྲག་ཏུ་སྨྲ་བ་རྣམས་ཀྱིས་ནི། རྫུ་འཕྲུལ་ཏིང
1652	terminal-particle	38		དེས་ཅི་ཞིག་ཡང་དག་པར་འབྱོར་པར་འགྱུར་ཞེ་ན། དེ་ལས་ནི། སྤྲུལ་དང་འགྲོ་བ་སྟེ། དེ་ལ་འགྲ
1653	terminal-particle	35		སྟོན་པ་ལ། ཡིད་མགྱོགས་འགྲོ་བ་དང་། ཡིད་བཞིན་དུ་མགྱོགས་པས་ནི་ཡིད་མགྱོགས་ཀྱི་འགྲོ་བ་
1654	terminal-particle	16		ཡུལ་ཐག་ཤིན་ཏུ་རིང་པོར་ཡང་ཐུགས་བསྐྱེད་པའི་དུས་ཀྱི་བྱོན་པའི་ཕྱིར་རོ། །
1655	terminal-particle	23		དེ་ཉིད་ཀྱི་ཕྱིར་བཅོམ་ལྡན་འདས་ཀྱིས་སངས་རྒྱས་ཀྱི་ཡུལ་ནི་བསམ་གྱིས་མི་ཁྱབ་པོ་ཞེས་བྱ་
1656	terminal-particle	52		འགྲོ་བ་གཞན་དག་ནི་མ་བཤད་ཀྱང་སངས་རྒྱས་ལ་མངའ་བར་གྲུབ་པོ། །གཞན་དག་ལ། ཕྱིན་བྱེད་མོས་པ
1657	terminal-particle	21		མོས་པ་ལས་བྱུང་བ་ཡང་ཡོད་དེ། ཐག་རིང་པོ་ལ་ཉེ་བར་མོས་ནས་མྱུར་དུ་འགྲོ་བའི་ཕྱིར་རོ། །
1658	terminal-particle	16		སྤྲུལ་པ་ནི་རྣམ་པ་གཉིས་ཏེ། འདོད་པ་ན་སྤྱོད་པ་དང་། གཟུགས་ན་སྤྱོད་པའོ། །
1659	terminal-particle	35		དེ་ལ་རེ་ཞིག །འདོད་པར་གཏོགས་པའི་སྤྲུལ་པ་ནི། ཕྱིའི་སྐྱེ་མཆེད་བཞི། འདོད་པ་ན་སྤྱོད་པ
1660	terminal-particle	11		དེ་ཡང་རྣམ་གཉིས། བདག་དང་གཞན་གྱི་ལུས་དང་སྤྲུལ་པའོ། །
1661	terminal-particle	25		གཟུགས་གཏོགས་གཉིས། གཟུགས་ན་སྤྱོད་པའི་སྤྲུལ་པ་ནི། དེ་ན་དྲི་དང་རོ་མེད་པའི་ཕྱིར་གཟུག
1662	terminal-particle	27		དེ་ཡང་འདོད་པའི་ཁམས་ཀྱི་ཇི་ལྟ་བ་དེ་ཁོ་ན་བཞིན་དུ་རྣམ་པ་གཉིས་ཡིན་ཏེ། འདི་ནི་སྤྲུལ་པ
1663	terminal-particle	20		གཟུགས་ཀྱི་ཁམས་ན་ཡང་དེ་དང་འདྲ་བས་མདོར་བསྡུ་ན་སྤྲུལ་པ་ནི་རྣམ་པ་བརྒྱད་ཡིན་ནོ། །
1664	terminal-particle	36		གཟུགས་ཀྱི་ཁམས་སུ་སྐྱེས་པ་འདོད་པ་ན་སྤྱོད་པ་སྤྲུལ་པ་ན་ཇི་ལྟར་ན་དྲི་དང་རོ་དག་དང་མི་
1665	terminal-particle	14		གཞན་དག་ན་རེ་སྐྱེ་མཆེད་གཉིས་སྤྲུལ་པར་བྱེད་དོ་ཞེས་ཟེར་རོ། །
1666	terminal-particle	19		ཡང་ཅི་མངོན་པར་ཤེས་པ་ཁོ་ནས་སྤྲུལ་པ་སྤྲུལ་པར་བྱེད་དམ་ཞེ་ན། སྨྲས་པ། མ་ཡིན་ནོ། །
1667	terminal-particle	21		འོ་ན་ཇི་ལྟ་བུ་ཞེ་ན། མངོན་པར་ཤེས་པའི་འབྲས་བུ། སྤྲུལ་སེམས་དག་གིས་དེ་དག་ཀྱང་ནི་བཅུ་
1668	terminal-particle	39		སྤྲུལ་པའི་སེམས་བཅུ་བཞི་པོ་དེ་དག་ནི། བསམ་གཏན་འབྲས་གཉིས་ནས་ལྔའི་བར་རིམ་བཞིན། བསམ་ག
1669	terminal-particle	23		བསམ་གཏན་གཉིས་པའི་འབྲས་བུ་ནི་གསུམ་སྟེ། འདོད་པའི་ཁམས་དང་། བསམ་གཏན་དང་པོ་དང་། གཉིས་
1670	terminal-particle	20		དེ་བཞིན་དུ་བསམ་གཏན་གསུམ་པ་དང་། བཞི་པའི་ས་པ་དག་ཀྱང་བཞི་དང་ལྔར་སྦྱོར་བར་བྱའོ། །
1671	terminal-particle	22		བསམ་གཏན་གྱི་འབྲས་བུ་སྤྲུལ་པའི་སེམས་ནི་རང་གི་ས་པ་དང་ས་འོག་མ་ཡིན་པར་རིག་པར་བྱའོ། །
1672	terminal-particle	19		གོང་མ་ལས་སྐྱེས་མིན། བསམ་གཏན་འོག་མའི་འབྲས་བུ་ས་གོང་མའི་སྤྲུལ་པའི་སེམས་ནི་མེད་དོ། 
1673	terminal-particle	35		འདོད་པ་ན་སྤྱོད་པའི་སྤྲུལ་པ་བསམ་གཏན་གཉིས་པ་ལ་སོགས་པའི་འབྲས་བུ་ནི། བསམ་གཏན་དང་པོའི
1674	terminal-particle	16		དེ་རྙེད་བསམ་གཏན་བཞིན། སྤྲུལ་པའི་སེམས་དེ་དག་རྙེད་པ་ནི་བསམ་གཏན་བཞིན་ནོ། །
1675	terminal-particle	50		ཡང་ཅི་སྤྲུལ་པའི་སེམས་ཁོ་ན་ལས་ལྡང་བར་འགྱུར་རམ་ཞེ་ན། དེ་ལྟ་བུ་ནི་མེད་དེ། འདི་ལྟར། 
1676	terminal-particle	23		དེ་ལས་གཉིས། སྤྲུལ་པའི་སེམས་ལས་ཀྱང་བསམ་གཏན་དག་པ་པ་དང་སྤྲུལ་པའི་སེམས་སྐྱེ་སྟེ། གཞན
1677	terminal-particle	27		ཏིང་ངེ་འཛིན་གྱི་འབྲས་བུ་ལ་གནས་པ་ནི་ཡང་ཏིང་ངེ་འཛིན་ལ་མ་ཞུགས་པར་ཏིང་ངེ་འཛིན་དེ་ལས་
1678	terminal-particle	27		སྤྲུལ་པ་ཐམས་ཅད་ཀྱང་། རང་གི་ས་པས་སྤྲུལ་པར་བྱེད། ས་གཞན་པའི་སྤྲུལ་པའི་སེམས་ཀྱིས་ས་ག
1679	terminal-particle	48		སྨྲར་འཇུག་པ་ནི་འོག་མས་ཀྱང་། ཀྱང་ཞེས་བྱ་བའི་སྒྲ་ནི་རང་གི་ས་པས་ཀྱང་སྨྲར་འཇུག་གོ་ཞེ
1680	terminal-particle	28		ས་གོང་མ་པ་ནི་བསམ་གཏན་དང་པོའི་ས་པ་སྟེ། ཡན་ཆད་ན་རྣམ་པར་རིག་བྱེད་ཀུན་ནས་སློང་བར་བྱེ
1681	line-end	43		སྤྲུལ་པ་མང་པོ་རྣམས་སྨྲ་བ་ནི་སྟོན་མིན་སྤྲུལ་པ་དང་བཅས། སངས་རྒྱས་ལས་གཞན་པའི་སྤྲུལ་པ
1682	verse-stanza	26		གཅིག་ཅིག་སྨྲ་བར་བྱེད་པ་ན། །↵སྤྲུལ་པ་ཐམས་ཅད་སྨྲ་བར་བྱེད། །↵གཅིག་མི་སྨྲ་བར་གྱུར་པ་
1683	terminal-particle	9		ཞེས་ཚིགས་སུ་བཅད་དེ་འབྱུང་བའི་ཕྱིར་རོ། །
1684	terminal-particle	13		སངས་རྒྱས་ཀྱི་སྤྲུལ་པ་ནི་སྔ་ཕྱི་ཇི་ལྟར་བཞེད་པར་སྨྲའོ། །
1685	terminal-particle	59		གང་གི་ཚེ་སྨྲར་འཇུག་པའི་སེམས་ཡོད་པ་དེའི་ཚེ་སྤྲུལ་པའི་སེམས་མེད་པའི་ཕྱིར་སྤྲུལ་པ་མེ
1686	terminal-particle	43		ཅི་གསོན་པོ་ཁོ་ན་ལ་བྱིན་གྱི་རླབས་ཡོད་དམ། འོན་ཏེ་ཤི་བ་ལ་ཡོད་ཅེ་ན། ཤི་བ་ལ་ཡང་བྱིན་ག
1687	terminal-particle	33		དེ་ཡང་མི་བརྟན་ལ་མེད། མི་བརྟན་པའི་དངོས་པོ་ལ་ནི་བྱིན་གྱི་རླབས་མེད་དེ། འཕགས་པ་འོད་ས
1688	terminal-particle	26		གཞན་དག་མིན་གཞན་དག་ན་རེ། ཤི་བ་ལ་བྱིན་གྱི་རླབས་མེད་ཀྱི། རུས་པའི་ཀེང་རུས་གནས་པ་ནི་ལ
1689	line-end	15		ཅི་སེམས་གཅིག་གིས་སྤྲུལ་པ་གཅིག་ཁོ་ན་སྤྲུལ་པར་བྱེད་དམ་ཞེ་ན།
1690	verse-stanza	12		དང་པོར་དུ་མས་གཅིག་ཡིན་ཏེ། །↵བྱ་བར་གྱུར་ནས་བཟློག་པའོ། །
1691	terminal-particle	17		དང་པོ་ཉིད་དུ་ནི་སྤྲུལ་པའི་སེམས་དུ་མས་སྤྲུལ་པ་གཅིག་སྤྲུལ་པར་བྱེད་དོ། །
1692	terminal-particle	23		མངོན་པར་ཤེས་པ་བྱང་ནས་ནི་སེམས་གཅིག་གིས་སྤྲུལ་པ་པོ་ཇི་སྙེད་འདོད་པ་དུ་མ་སྤྲུལ་པར་བྱ
1693	terminal-particle	38		ཡང་སྤྲུལ་པའི་སེམས་ཐམས་ཅད་ལུང་དུ་མ་བསྟན་པ་ཡིན་ནམ་ཞེ་ན། བསྒོམས་ལས་སྐྱེས་པ་ལུང་མ་བས
1694	terminal-particle	7		སྐྱེ་བ་ལས་སྐྱེས་རྣམ་གསུམ་མོ། །
1695	terminal-particle	31		ལྷ་དང་། ཀླུ་དང་། ཤ་ཟ་ལ་སོགས་པའི་སྐྱེ་བས་ཐོབ་པའི་སྤྲུལ་པའི་སེམས་ནི་དགེ་བ་དང་། མི་
1696	line-end	32		དེ་དག་གིས་བྱས་པའི་སྤྲུལ་པ་རང་དང་གཞན་གྱི་ལུས་དང་འབྲེལ་བ་ནི་སྒྲ་མེད་པའི་གཟུགས་ཅན་ག
1697	verse-stanza	16		དབང་པོ་དང་ཐ་མི་དད་པའི་ཕྱིར་རོ། །↵དབང་པོ་ནི་སྤྲུལ་པར་མི་བྱེད་དོ། །
1698	terminal-particle	92		ཅི་བསྒོམས་པ་ལས་བྱུང་བ་དང་། སྐྱེ་བས་ཐོབ་པའི་རྫུ་འཕྲུལ་རྣམ་པ་འདི་གཉིས་ཁོ་ནར་ཟད་དམ་
1699	line-end	121		ལྷའི་རྣ་བ་དང་མིག་ཏུ་བཤད་པ་གང་ཡིན་པ་དེ་དག་ཅི་ལྷའི་ཁོ་ན་ཡིན་ནམ། འོན་ཏེ་བྱང་ཆུབ་སེམ
1700	verse-stanza	19		རྣ་བ་དེ་དག་ནི་ལྷའི་ཁོ་ན་ཡིན་ནོ། །↵དེ་གཉིས་ཀྱང་རྟག་ཏུ་བརྟེན་བཅས་མ་ཚང་མེད།
1701	terminal-particle	30		ཐག་རིང་ཕྲ་སོགས་སྤྱོད་ཡུལ་ཅན། །ལྷའི་མིག་དང་རྣ་བ་ནི་རྟག་ཏུ་རྣམ་པར་ཤེས་པ་དང་བཅས་པ་ཡ
1702	terminal-particle	22		ཞར་བ་དང་འོན་པ་མེད་པའི་ཕྱིར་མ་ཚང་བ་ཡང་མ་ཡིན་ཏེ། གཟུགས་ན་སྤྱོད་པའི་སེམས་ཅན་བཞིན་ནོ
1703	terminal-particle	21		དེ་གཉིས་ཀྱི་ཡུལ་ནི་གཟུགས་དང་། སྒྲ་ཐག་རིང་བ་དང་། ཕྲ་བ་དང་། བསྒྲིབས་པ་དག་ཀྱང་ཡིན་ན
1704	line-end	3		འདིར་སྨྲས་པ།
1705	verse-stanza	26		གང་ཕྱིར་ཤ་ཡི་མིག་གིས་གཟུགས། །↵ཐག་རིང་གནས་དང་བསྒྲིབས་པ་དང་། །↵ཕྲ་རྒྱས་ཐམས་ཅད་མི་མ
1706	verse-stanza	17		ལྷའི་མིག་གིས་ཐག་ཇི་སྲིད་ཅིག་མཐོང་ཞེ་ན།↵གང་གི་མིག་ཇི་ལྟ་བུ་ཡིན་པའོ། །
1707	line-end	39		ཉན་ཐོས་དང་རང་སངས་རྒྱས་དང་སངས་རྒྱས་རྣམས་ནི་མངོན་པར་འདུ་བྱེད་པ་མེད་པར་སྟོང་དང་སྟོང
1708	verse-stanza	14		དགྲ་བཅོམ་བསེ་རུ་སྟོན་རྣམས་ཀྱིས། །↵སྟོང་གཉིས་གསུམ་དང་གྲངས་མེད་མཐོང་། །
1709	terminal-particle	55		ཉན་ཐོས་ཆེན་པོས་ཀྱང་མངོན་པར་འདུ་བྱེད་པ་ཐམས་ཅད་ཀྱིས་ལྷའི་མིག་གིས་སྟོང་གཉིས་པའི་འཇི
1710	terminal-particle	53		ཅི་རྫུ་འཕྲུལ་ཁོ་ན་སྐྱེ་བས་འཐོབ་པ་ཡིན་ནམ། འོན་ཏེ་གཞན་ཡང་ཡིན་ཞེ་ན། གཞན་ཡང་སྐྱེ་བས་
1711	terminal-particle	37		སྐྱེ་བས་འཐོབ་པའི་ལྷའི་མིག་གང་ཡིན་པ། དེས་ནི། སྲིད་པ་བར་མ་མི་མཐོང་ངོ་། །སྲིད་པ་བར་
1712	terminal-particle	47		སེམས་ཤེས་དེ་ནི་རྣམ་པ་གསུམ། སྐྱེ་བས་འཐོབ་པ་ཞེས་བྱ་བར་སྦྱར་ཏེ། ཕ་རོལ་གྱི་སེམས་ཤེས་
1713	terminal-particle	61		གང་རྟོགས་དང་རིག་སྔགས་ཀྱིས་བྱས་པའང་། གང་ཡང་མཚན་མ་པ་རྣམས་ཀྱིས་ཕ་རོལ་གྱི་སེམས་ཤེས་པ
1714	terminal-particle	43		ཕ་རོལ་གྱི་སེམས་ཤེས་པ་དང་། སྔོན་གྱི་གནས་རྗེས་སུ་དྲན་པ་སྐྱེ་བས་ཐོབ་པ་དག་གིས་ནི་དམྱ
1715	terminal-particle	11		འགྲོ་བ་གཞན་ན་གནས་པས་ནི་རྟག་ཏུ་ཤེས་སོ། །
1716	terminal-particle	26		མི་ལ་སྐྱེ་བས་ཐོབ་པ་མེད། །མི་རྣམས་ལ་ནི་རྫུ་འཕྲུལ་ལ་སོགས་པ་ཇི་སྐད་བཤད་པ་དེ་སྐྱེ་བས
1717	terminal-particle	54		འོ་ན་རང་བཞིན་གྱིས་ཚེ་རབས་དྲན་པ་གང་ཡིན་པ་ཇི་ལྟ་བུ་ཞེ་ན། དེ་དག་གི་དེ་ནི་ལས་ཀྱི་ཁྱད
1718	terminal-particle	22		ཆོས་མངོན་པ་མཛོད་ཀྱི་རྣམ་པར་བཤད་པ་ལས་ཡེ་ཤེས་བསྟན་པ་ཞེས་བྱ་བ་མཛོད་ཀྱི་གནས་བདུན་པའོ
1719	terminal-particle	16		ཤེས་པའི་སྐབས་ཀྱིས་ཤེས་པའི་རང་བཞིན་གྱི་ཡོན་ཏན་རྣམས་ནི་བཤད་ཟིན་ཏོ།། །།
1720	terminal-particle	67		གནས་བརྒྱད་པ། སྙོམས་པར་འཇུག་པ་བསྟན་པའི་བཤད་པ། ↵རང་བཞིན་གཞན་རྣམས་བརྗོད་པར་བྱ་སྟེ། 
1721	terminal-particle	12		དེ་དག་ཀྱང་བཞི། བསམ་གཏན་དང་པོ་ནས་བཞི་པའི་བར་རོ། །
1722	line-end	33		དེ་ལ་བསམ་གཏན་དུ་སྐྱེ་བ་རྣམས་ནི་ཡང་མི་བརྗོད་དེ། འཇིག་རྟེན་བསྟན་པའི་མཛོད་ཀྱི་གནས་ས
1723	verse-stanza	13		བསམ་གཏན་ས་ནི་གསུམ་པ་ཡིན། །↵བཞི་པ་ས་ནི་བརྒྱད་པ་ཡིན། །
1724	terminal-particle	5		ཞེས་བྱ་བ་ཡིན་ནོ། །
1725	terminal-particle	42		སྙོམས་པར་འཇུག་པའི་བསམ་གཏན་བརྗོད་པར་བྱ་སྟེ། དེའི་ཕྱིར་སྨྲས་པ། སྙོམས་འཇུག་དགེ་བ་རྩ
1726	terminal-particle	21		རྗེས་འབྲང་བཅས་ན་ཕུང་པོ་ལྔ། །འཁོར་དང་བཅས་ན་ནི་ཕུང་པོ་ལྔའི་རང་བཞིན་ཡིན་པར་རིག་པར་བ
1727	terminal-particle	15		རྩེ་གཅིག་པ་ཞེས་བྱ་བ་འདི་ཅི་ཞེ་ན། དམིགས་པ་གཅིག་པ་ཉིད་དོ། །
1728	terminal-particle	69		དེ་ལྟ་ན་ནི་འོ་ན་སེམས་དམིགས་པ་གཅིག་པ་དག་ཁོ་ན་ཏིང་ངེ་འཛིན་ཡིན་གྱི་ཆོས་གཞན་སེམས་ལས་
1729	terminal-particle	42		སྐད་ཅིག་མ་ཡིན་པའི་ཕྱིར་སེམས་ཐམས་ཅད་རྩེ་གཅིག་པ་མ་ཡིན་ནམ། གལ་ཏེ་གཉིས་པ་དེ་ལས་རྣམ་པ
1730	terminal-particle	49		གང་ཁོ་ན་ལས་ཏིང་ངེ་འཛིན་ཡིན་པ་དེ་ཁོ་ན་ལས་སེམས་རྣམས་ཀྱི་དམིགས་པ་གཅིག་པ་ཉིད་དུ་ཡང་ཅ
1731	terminal-particle	10		མ་ཡིན་ཏེ། ཏིང་ངེ་འཛིན་སྟོབས་ཆུང་བའི་ཕྱིར་རོ། །
1732	quote-open	19		གཞན་དག་ན་རེ་སེམས་རྩེ་གཅིག་པ་དག་ཁོ་ན་ཏིང་ངེ་འཛིན་ཡིན་ཏེ། འདི་ལྟར་མདོ་ལས།
1733	terminal-particle	26		ལྷག་པའི་སེམས་ཀྱི་བསླབ་པ་དང་། སེམས་ཡོངས་སུ་དག་པའི་གཙོ་བོ་ནི་བསམ་གཏན་བཞི་ཡིན་ནོ་ཞེ
1734	terminal-particle	105		བསམ་གཏན་ཞེས་བྱ་བའི་དོན་ཅི་ཞེ་ན། འདིས་སེམས་པར་བྱེད་པས་ན་བསམ་གཏན་ཏེ། སེམས་མཉམ་པར་བ
1735	terminal-particle	60		ཕུལ་དུ་ཕྱིན་པ་དང་ལྡན་པ་ཡང་གང་ཞེ་ན། ཏིང་ངེ་འཛིན་གང་ཡན་ལག་དང་ལྡན་པ་ཡིན་ཏེ། དེ་ནི་ཞ
1736	terminal-particle	18		ཉོན་མོངས་པ་ཅན་ཇི་ལྟར་བསམ་གཏན་ཡིན་ཞེ་ན། ལོག་པར་ངེས་པ་སེམས་པའི་ཕྱིར་རོ། །
1737	terminal-particle	28		ཧ་ཅང་ཐལ་བར་འགྱུར་རོ་ཞེ་ན། མ་ཡིན་ཏེ། དེ་དང་མཐུན་པ་ཁོ་ན་ལ་དེའི་མིང་དུ་བཏགས་པའི་ཕྱི
1738	terminal-particle	14		བཅོམ་ལྡན་འདས་ཀྱིས་ཀྱང་བསམ་གཏན་མི་དགེ་བ་དག་ཀྱང་གསུངས་སོ། །
1739	terminal-particle	92		ཡང་དགེ་བ་རྩེ་གཅིག་པ་བསམ་གཏན་དང་པོ་ནི་ཇི་ལྟ་བུ། བཞི་པའི་བར་ནི་ཇི་ལྟ་བུ་ཞེ་ན། རེ་ཞ
1740	terminal-particle	38		བསམ་གཏན་ལྷག་མ་གསུམ་ནི། ཡན་ལག་ལྔ་ལྔ་སྤངས་པ་ཡིན། །དགེ་བ་རྩེ་གཅིག་པ་ཞེས་བྱ་བར་སྦྱར་
1741	ordinal-open	17		གསུམ་པ་ནི་དཔྱོད་པ་དང་དགའ་བ་སྤངས་ལ་བདེ་བ་དང་ལྡན་པ་ཡིན་ནོ། །
1742	ordinal-open	15		བཞི་པ་ནི་དཔྱོད་པ་དང་། དགའ་བ་དང་བདེ་བ་སྤངས་པ་ཡིན་ནོ། །
1743	terminal-particle	37		བསམ་གཏན་རྣམས་ཇི་ལྟ་བ་དེ་བཞིན་དུ་གཟུགས་མེད། རྣམ་པ་གང་གིས་ཤེ་ན། དེ་དག་ཀྱང་སྐྱེ་བ་ད
1744	terminal-particle	11		དེ་དག་གི་ཡང་སྐྱེ་བ་རྣམས་ནི་བཤད་ཟིན་ཏོ། །
1745	terminal-particle	32		སྙོམས་པར་འཇུག་པའི་གཟུགས་མེད་པ་རྣམས་ནི་བྱེ་བྲག་མེད་པར་དགེ་བའི་སེམས་རྩེ་གཅིག་པའི་ར
1746	terminal-particle	16		འཁོར་དང་བཅས་ན་ནི། ཕུང་པོ་བཞི་རྗེས་སུ་འབྲང་བའི་གཟུགས་མེད་པའི་ཕྱིར་རོ། །
1747	terminal-particle	25		འོག་མའི་ས་དབེན་ལས་སྐྱེས་པ། །བསམ་གཏན་བཞི་པ་ལས་དབེན་པ་ལས་སྐྱེས་པ་ནི་ནམ་མཁའ་མཐའ་ཡས་
1748	terminal-particle	16		དེ་ལས་དབེན་པ་ལས་སྐྱེས་པ་ནི་རྣམ་ཤེས་མཐའ་ཡས་སྐྱེ་མཆེད་ཡིན་ནོ། །
1749	terminal-particle	16		དེ་ལས་དབེན་པ་ལས་སྐྱེས་པ་ནི་ཅི་ཡང་མེད་པའི་སྐྱེ་མཆེད་ཡིན་ནོ། །
1750	terminal-particle	28		དེ་ལས་དབེན་པ་ལས་སྐྱེས་པ་ནི་འདུ་ཤེས་མེད་འདུ་ཤེས་མེད་མིན་གྱི་སྐྱེ་མཆེད་ཡིན་ཏེ། དེ་
1751	line-end	20		དབེན་པ་ཞེས་བྱ་བ་འདི་ཅི་ཞེ་ན། ལམ་གང་གིས་ནི་འོག་མ་ལས་རྣམ་པར་འབྱེད་པ་སྟེ།
1752	verse-stanza	27		འདོད་ཆགས་དང་བྲལ་བར་གྱུར་པའི་ཕྱིར་རོ། །↵གཟུགས་མེད་པ་དེ་དག་ཀྱང་།↵ཉེར་བསྡོགས་གསུམ་ད
1753	terminal-particle	30		ནམ་མཁའ་མཐའ་ཡས་སྐྱེ་མཆེད་ཀྱི་ཉེར་བསྡོགས་ནི་བསམ་གཏན་བཞི་པ་ལ་དམིགས་པའི་ཕྱིར་གཟུགས་ཀ
1754	terminal-particle	19		དེ་ལ་ནི་གཟུགས་ཀྱི་འདུ་ཤེས་བཤིག་པ་མ་ཡིན་ཏེ། མ་བྲལ་ཞེས་བྱ་བའི་ཐ་ཚིག་གོ། །
1755	terminal-particle	28		ཕུང་པོ་བཞི་ཞེས་གང་བཤད་པ་རེ་ཞིག་གཟུགས་མེད་པ་དག་ན་གཟུགས་མེད་དོ་ཞེས་བྱ་བ་འདི་ནི་བསྒ
1756	terminal-particle	26		གལ་ཏེ་ཡོད་ན་ཇི་ལྟར་ན་གཟུགས་མེད་པ་རྣམས་བརྗོད་པར་འགྱུར། གཟུགས་ཅུང་ཟད་ཅིག་ཡོད་པའི་ཕ
1757	terminal-particle	72		རེ་ཞིག་དེ་ནི་གཟུགས་ཇི་ལྟ་བུ་ཞིག་ཡོད་པར་འདོད། གལ་ཏེ་ལུས་དང་ངག་གི་སྡོམ་པ་ཙམ་ཞིག་གོ
1758	terminal-particle	11		སྙོམས་པར་འཇུག་པ་ལ་ཡང་དེ་དགག་པར་བཤད་དོ། །
1759	terminal-particle	53		འོན་ཏེ་ལུས་ཀྱང་ཡོད་ལ་དབང་པོ་གཟུགས་ཅན་རྣམས་ཀྱང་ཡོད་དོ་ཞེ་ན་ནི། ཇི་ལྟར་ན་དེ་དག་གཟུ
1760	terminal-particle	25		གལ་ཏེ་དང་བའི་ཕྱིར་རོ་ཞེ་ན་ནི། སྲིད་པ་བར་མ་དག་དང་། གཟུགས་ན་སྤྱོད་པ་རྣམས་ལ་ཡང་ཐལ་བ
1761	terminal-particle	40		གལ་ཏེ་གང་ལས་ཆེས་དང་བ་མེད་པ་ཡིན་ནོ་ཞེ་ན་ནི། སྲིད་པའི་རྩེ་མོ་ཁོ་ན་གཟུགས་མེད་པ་ཡིན་
1762	terminal-particle	140		བསམ་གཏན་དུ་སྐྱེ་བའི་གཟུགས་ཀྱང་ས་འོག་མའི་དབང་པོས་མི་ཟིན་པའི་ཕྱིར་དེ་དང་ཡང་ཁྱད་པར་
1763	terminal-particle	165		རེ་ཞིག་ཚེ་དང་དྲོད་གཉིས་འདྲེས་པ་ཉིད་དུ་གང་གསུངས་པ་འདི་ཅི་འདོད་པ་དང་གཟུགས་ན་སྤྱོད་
1764	terminal-particle	53		གལ་ཏེ་བྱེ་བྲག་མེད་པར་གསུངས་པའི་ཕྱིར་དཔྱད་པར་མི་བྱའོ་ཞེ་ན་ནི་ཧ་ཅང་ཐལ་བར་འགྱུར་ཏེ།
1765	terminal-particle	33		རྣམ་པར་ཤེས་པ་གནས་བཞིན་དུ་ཟས་བཞི་གསུངས་པའི་ཕྱིར་གཟུགས་དང་གཟུགས་མེད་པའི་ཁམས་དག་ན་ཡ
1766	terminal-particle	119		གལ་ཏེ་ཁམ་དུ་བྱེད་པའི་ཟས་ཟ་བའི་ལྷ་རྣམས་ལས་འདས་ཏེ་ཞེས་གསུངས་པའི་ཕྱིར་དང་། དགའ་བའི་
1767	terminal-particle	19		གཟུགས་ཤིག་ཡོད་ན་ནི་རང་གི་གཟུགས་གདོན་མི་ཟ་བར་འདུ་ཤེས་པར་བྱེད་པར་འགྱུར་རོ། །
1768	terminal-particle	25		གལ་ཏེ་ས་འོག་མ་པའི་གཟུགས་རགས་པ་ལས་དགོངས་ཏེ་གསུངས་པ་ཡིན་ནོ་ཞེ་ན་ནི། ཁམ་གྱི་ཟས་ལ་ཡང
1769	terminal-particle	23		བསམ་གཏན་རྣམས་ཀྱང་ས་འོག་མ་པ་ལས་ངེས་པར་འབྱུང་བ་ཡིན་པའི་ཕྱིར་གཟུགས་མེད་པར་ཐལ་བར་འགྱ
1770	quote-close	65		ས་འོག་མ་པའི་ཚོར་བ་ལ་སོགས་པ་ལས་ངེས་པར་འབྱུང་བའི་ཕྱིར་ཚོར་བ་ལ་སོགས་པ་ལས་ཀྱང་ངེས་པར
1771	terminal-particle	39		སྲིད་པས་སྲིད་པ་ལས་ངེས་པར་མི་འབྱུང་བར་གསུངས་པ་ནི་དེ་ཉིད་ཀྱིས་དེ་ལས་ངེས་པར་མི་འབྱུ
1772	terminal-particle	96		བཅོམ་ལྡན་འདས་ཀྱིས་ཀྱང་བསམ་གཏན་དག་ལ་ནི་གང་དེ་ན་གཟུགས་ཀྱི་རྣམ་པ་ཡོད་པའང་རུང་རྣམ་པར
1773	terminal-particle	58		དེ་ནི་ཇི་ལྟར་ན་དེ་ནས་ཤི་འཕོས་པ་རྣམས་ཀྱི་གཟུགས་བསྐལ་པ་མི་ཉུང་བ་ཞིག་ཏུ་གཟུགས་རྒྱུན
1774	terminal-particle	26		ཇི་ལྟར་ན་སེམས་གཟུགས་ལ་མ་བརྟེན་པར་གནས་ཤེ་ན། ཅིའི་ཕྱིར་གནས་པར་མི་འགྱུར། འདི་ན་དེ་ལ
1775	terminal-particle	15		ཁམ་གྱི་ཟས་མེད་པར་ཡང་གཟུགས་ཀྱི་ཁམས་ན་གནས་པར་མི་འགྱུར་རོ། །
1776	line-end	4		ཅིའི་ཕྱིར་ཞེ་ན།
1777	verse-stanza	18		འདི་ན་དེ་ལྟ་བུ་མ་མཐོང་བའི་ཕྱིར་རོ། །↵ཇི་ལྟར་གནས་པ་ནི་སྔར་བཤད་ཟིན་ཏོ། །
1778	terminal-particle	4		འདི་ནི་རྫོགས་སོ།། །།
1779	terminal-particle	38		འདི་བརྗོད་པར་བྱ་སྟེ། ཅི་ནམ་མཁའ་མཐའ་ཡས་སྐྱེ་མཆེད་ལ་སོགས་པ་དེ་དག་ནམ་མཁའ་ལ་སོགས་པ་ཁ
1780	line-end	10		འོ་ན་ཇི་ལྟ་བུ་ཞེ་ན། རེ་ཞིག་གསུམ་མོ། །
1781	verse-stanza	13		རྣམ་ཤེས་མཐའ་ཡས་མཁའ་མཐའ་ཡས། །↵ཅི་ཡང་མེད་ཅེས་བྱ་དེ་ལྟར། །
1782	terminal-particle	10		སྦྱོར་ཕྱིར་གྲངས་བཞིན་དུ་ནམ་མཁའ་མཐའ་ཡས་སོ། །
1783	terminal-particle	7		རྣམ་པར་ཤེས་པ་མཐའ་ཡས་སོ། །
1784	terminal-particle	28		ཅི་ཡང་མེད་དོ་ཞེས་དེ་ལྟར་ཡིད་ལ་བྱེད་ཅིང་དེ་དག་ལ་རབ་ཏུ་སྦྱོར་བས་དེའི་ཕྱིར་དེ་དག་གི
1785	terminal-particle	12		དམན་ཕྱིར་འདུ་ཤེས་མེད། འདུ་ཤེས་མེད་པ་ཡང་མ་ཡིན་པའོ། །
1786	terminal-particle	36		འདུ་ཤེས་ཆུང་བའི་ཕྱིར་འདུ་ཤེས་མེད་འདུ་ཤེས་མེད་མིན་ཞེས་བཤད་དེ། དེ་ནི་འདུ་ཤེས་གསལ་བ
1787	terminal-particle	12		གལ་ཏེ་དེ་ལ་ཡང་འདི་ལྟར་འདུ་ཤེས་ནི་ནད་དོ། །
1788	terminal-particle	5		འདུ་ཤེས་ནི་འབྲས་སོ། །
1789	terminal-particle	5		འདུ་ཤེས་ནི་ཟུག་རྔུའོ། །
1790	terminal-particle	9		འདུ་ཤེས་མེད་པ་ནི་ཀུན་དུ་རྨོངས་པའོ། །
1791	terminal-particle	14		འདི་ལྟར་འདུ་ཤེས་མེད། འདུ་ཤེས་མེད་མིན་སྐྱེ་མཆེད་འདི་ནི་ཞི་བའོ། །
1792	terminal-particle	51		འདི་ནི་གྱ་ནོམ་པའོ་ཞེས་བྱ་བར་སྦྱོར་བ་ཡོད་མོད་ཀྱི་ཅིའི་ཕྱིར་དེ་དག་གིས་དེ་ལ་དེ་ལྟར་
1793	terminal-particle	33		དེ་ལྟར་སྙོམས་འཇུག་དངོས་གཞིའི་རྫས། །རྣམ་པ་བརྒྱད། དེ་ལྟར་ན་འདི་དག་ནི་སྙོམས་པར་འཇུག
1794	terminal-particle	48		དེ་དག་ལས་བདུན་རྣམ་པ་གསུམ། །སྲིད་པའི་རྩེ་མོ་ལས་གཞན་པ་བདུན་ནི་རྣམ་པ་གསུམ་ཡིན་ཏེ། ར
1795	ordinal-open	30		བརྒྱད་པ་རྣམ་པ་གཉིས། སྲིད་པའི་རྩེ་མོ་ནི་རོ་མྱང་བ་དང་མཚུངས་པར་ལྡན་པ་དང་། དག་པ་པ་ཡི
1796	line-end	2		དེ་ལ།
1797	verse-stanza	20		རོ་མྱང་མཚུངས་ལྡན་སྲེད་བཅས་སོ། །↵རོ་མྱང་བ་ནི་སྲེད་པ་ཡིན་ནོ། །↵འཇིག་རྟེན་པ་ཡི་དགེ་
1798	terminal-particle	30		དག་པ། འཇིག་རྟེན་པའི་དགེ་བ་སྙོམས་པར་འཇུག་པའི་རྫས་ནི་དག་པ་ཞེས་བྱ་སྟེ། མ་ཆགས་པ་ལ་སོ
1799	terminal-particle	52		རོ་མྱང་བ་དང་མཚུངས་པར་ལྡན་པ་དེས་ཅི་ཞིག་རོ་མྱོང་བར་བྱེད་ཅེ་ན། དེ་ནི་དེས་མྱང་བྱ། སྙ
1800	terminal-particle	16		གང་གིས་རོ་མྱོང་བར་བྱེད་པ་དེ་ལ་ནི་སྙོམས་པར་ཞུགས་པ་ཡིན་ནོ། །
1801	terminal-particle	6		ཟག་མེད་འཇིག་རྟེན་འདས་པའོ། །
1802	terminal-particle	49		འཇིག་རྟེན་ལས་འདས་པའི་སྙོམས་པར་འཇུག་པའི་རྫས་གང་ཡིན་པ་དེ་ནི་ཟག་པ་མེད་པ་ཡིན་ནོ་སྙོམ
1803	terminal-particle	49		དེ་ལ་དང་པོ་ལ་ལྔ། བསམ་གཏན་པོ་ལ་ཡན་ལག་ལྔ་སྟེ། རྟོག་དཔྱོད་དང་། དགའ་བས་བདེ་དང་ཏིང་འཛ
1804	terminal-particle	14		ཏིང་ངེ་འཛིན་ནི་ཡན་ལག་ཀྱང་ཡིན་ལ་བསམ་གཏན་ཡང་ཡིན་ནོ། །
1805	terminal-particle	12		ལྷག་མ་རྣམས་ནི་ཡན་ལག་དག་ཡིན་ནོ་ཞེས་གྲག་གོ། །
1806	terminal-particle	17		ཡན་ལག་བཞི་པའི་དམག་ཇི་ལྟ་བར་ཡན་ལག་ལྔའི་བསམ་གཏན་ཡང་དེ་དང་འདྲའོ། །
1807	ordinal-open	33		གཉིས་པ་ལ་ནི་ཡན་ལག་བཞི། རབ་དང་དད་ནི་དགའ་ལ་སོགས། །བསམ་གཏན་གཉིས་པ་ལ་ཡན་ལག་བཞི་སྟེ། 
1808	verse-stanza	19		སེམས་རྩེ་གཅིག་པ་ཉིད་དོ། །↵གསུམ་པ་ལ་ལྔ་བཏང་སྙོམས་དང་། །↵དྲན་དང་ཤེས་རབ་བདེ་དང་གནས།
1809	terminal-particle	25		བསམ་གཏན་གསུམ་པ་ལ་ཡང་ཡན་ལག་ལྔ་སྟེ། བཏང་སྙོམས་དང་། དྲན་པ་དང་། ཤེས་བཞིན་དང་བདེན་པ་ད
1810	quote-open	12		གནས་པ་ནི་ཏིང་ངེ་འཛིན་གྱི་རྣམ་གྲངས་ཡིན་ཏེ། མདོ་ལས།
1811	line-end	14		ཡང་དག་པའི་ཏིང་ངེ་འཛིན་གང་ཞེ་ན། གང་སེམས་གནས་པ་དང་།
1812	verse-stanza	17		ཡང་དག་པར་གནས་པའོ་ཞེས་འབྱུང་བའི་ཕྱིར་རོ། །↵མཐའ་ན་བཞི་དྲན་བཏང་སྙོམས་དང་། །
1813	verse-stanza	13		བདེ་མིན་སྡུག་མིན་ཏིང་འཛིན་རྣམས། །↵མཐའ་མ་ནི་བསམ་གཏན་བཞི་པའོ། །
1814	terminal-particle	39		དེ་ལ་ཡན་ལག་བཞི་སྟེ། བདེ་བ་ཡང་མ་ཡིན་སྡུག་བསྔལ་ཡང་མ་ཡིན་པའི་ཚོར་བ་དང་། བཏང་སྙོམས་ཡ
1815	line-end	12		དེ་དག་ནི་བསམ་གཏན་གྱི་ཡན་ལག་བཅོ་བརྒྱད་ཡིན་ཏེ།
1816	ordinal-open	16		དང་པོ་དང་གསུམ་པ་དག་ལ་ནི་ཡན་ལག་ལྔ་ཡིན་པའི་ཕྱིར་དང་།
1817	ordinal-open	15		གཉིས་པ་དང་བཞི་པ་དག་ལ་ནི་ཡན་ལག་བཞི་ཡིན་པའི་ཕྱིར་རོ། །
1818	terminal-particle	7		མིང་གི་སྒོ་ནས་ནི་དེ་ལྟའོ། །
1819	terminal-particle	17		རྫས་སུ་བཅུ་གཅིག །རྫས་སུ་ནི་དེ་དག་བཅུ་གཅིག་ཡིན་ཏེ། བསམ་གཏན་དང་པོ་ལ་ལྔའོ། །
1820	ordinal-open	11		གཉིས་པ་ལ་ནི་ནང་རབ་ཏུ་དང་བ་ལྷག་གོ། །
1821	ordinal-open	17		གསུམ་པ་ལ་ནི་བཏང་སྙོམས་དང་། དྲན་པ་དང་། ཤེས་བཞིན་དང་། བདེ་བ་རྣམས་སོ། །
1822	ordinal-open	16		བཞི་པ་ལ་བདེ་བ་ཡང་མ་ཡིན་སྡུག་བསྔལ་ཡང་མ་ཡིན་པའི་ཚོར་བའོ། །
1823	terminal-particle	38		དེ་ཉིད་ཀྱི་ཕྱིར་སྨྲས་པ། ཡན་ལག་གང་དག་བསམ་གཏན་དང་པོ་ན་ཡོད་པ་དེ་དག་གཉིས་པ་ན་ཡང་ཡོད་
1824	ordinal-open	8		གཉིས་པ་ནི་ནང་རབ་ཏུ་དང་བའོ། །
1825	ordinal-open	15		གསུམ་པ་ནི་དགའ་བ་དང་བདེ་བ་དང་སེམས་རྩེ་གཅིག་པ་ཉིད་དོ། །
1826	terminal-particle	15		མུ་བཞི་པ་ནི་བཤད་པ་ལས་མ་གཏོགས་པའི་ཆོས་རྣམས་སོ་ཞེས་བྱའོ། །
1827	terminal-particle	16		དེ་བཞིན་དུ་བསམ་གཏན་གྱི་ཡན་ལག་ཐམས་ཅད་ཕན་ཚུན་དུ་སྦྱར་བར་བྱའོ། །
1828	quote-close	52		ཅིའི་ཕྱིར་བསམ་གཏན་གསུམ་པ་ན་ཡོད་པའི་བདེ་བ་རྫས་གཞན་དུ་བརྗོད་ཅེ་ན། འདི་ལྟར་དེའི་བདེ
1829	terminal-particle	70		འདི་ལ་ནི་ཤིན་ཏུ་སྦྱངས་པ་བདེ་བ་ཡིན་ལ། དེ་ལ་ནི་ཚོར་བ་བདེ་བ་ཡིན་ནོ་ཞེས་བྱ་བ་འདི་ག་ལ
1830	terminal-particle	14		སེམས་ལས་བྱུང་བ་ཡང་མ་ཡིན་ཏེ། དགའ་བ་ཞེས་འབྱུང་བའི་ཕྱིར་རོ། །
1831	terminal-particle	20		དགའ་བ་ནི་ཡིད་བདེ་བ་ཡིན་ན། བདེ་བ་དང་། ཡིད་བདེ་བ་གཉིས་ཅིག་ཅར་འབྱུང་བ་མེད་དོ། །
1832	terminal-particle	23		དེ་གཉིས་རྣམ་གྲངས་ཀྱིས་བསམ་གཏན་ན་ཡོད་པར་ཡང་རིགས་པ་མ་ཡིན་ཏེ། ཡན་ལག་ལྔ་ཞེས་འབྱུང་བའ
1833	terminal-particle	37		གཞན་དག་ན་རེ་སེམས་ལས་བྱུང་བའི་བདེ་བའི་དབང་པོ་ནི་ཁོ་ན་སྟེ། བསམ་གཏན་གསུམ་ཆར་ན་ཡང་ལུ
1834	quote-open	4		འོ་ན་མདོ་ལས།
1835	terminal-particle	95		བདེ་བའི་དབང་པོ་གང་ཞེ་ན་བདེ་བ་མྱོང་བར་འགྱུར་བའི་རེག་པས་རེག་པ་ན་ལུས་ཀྱི་དང་སེམས་ལས
1836	terminal-particle	38		གལ་ཏེ་ཡིད་ཀྱི་ལུས་ཀྱིས་སོ་ཞེ་ན་ནི། དེ་སྐད་བཤད་པ་ལ་ཡོན་ཏན་ཅི་ཞིག་ཡོད། བསམ་གཏན་བཞི
1837	line-end	20		གལ་ཏེ་བདེ་བའི་ཚོར་བ་དང་མཐུན་པའི་ཤིན་ཏུ་སྦྱངས་པ་བདེ་བ་ཡིན་ནོ་ཞེ་ན་ནི།
1838	ordinal-open	47		གསུམ་པ་ན་ཡོད་པའི་ཤིན་ཏུ་སྦྱངས་པ་བདེ་བར་མ་གསུངས་པ་ཡང་ཅིའི་ཕྱིར། གལ་ཏེ་བཏང་སྙོམས་ཀ
1839	terminal-particle	58		གང་གི་ཚེ་འཕགས་པ་ཉན་ཐོས་རབ་ཏུ་དབེན་པའི་བདེ་བ་ལུས་ཀྱིས་མངོན་སུམ་དུ་བྱས་ནས་རྫོགས་པར
1840	terminal-particle	47		གལ་ཏེ་སྙོམས་པར་ཞུགས་པ་ལ་ཇི་ལྟར་ལུས་ཀྱི་རྣམ་པར་ཤེས་པ་འབྱུང་ཞེ་ན། ཏིང་ངེ་འཛིན་གྱི་
1841	terminal-particle	48		གལ་ཏེ་ཕྱི་རོལ་དུ་རྣམ་པར་གཡེངས་པའི་ཕྱིར་ཏིང་ངེ་འཛིན་ལས་ཉམས་པར་འགྱུར་རོ་ཞེ་ན། མ་ཡི
1842	terminal-particle	23		གལ་ཏེ་ལུས་ཀྱི་རྣམ་པར་ཤེས་པ་སྐྱེས་པའི་ཚེ་ལངས་པར་འགྱུར་རོ་ཞེ་ན། མ་ཡིན་ཏེ། དེ་ཉིད་ཀ
1843	terminal-particle	39		གལ་ཏེ་འདོད་པ་ན་སྤྱོད་པའི་ལུས་ཀྱི་དབང་པོས་གཟུགས་ན་སྤྱོད་པའི་རེག་བྱ་ལ་རྣམ་པར་ཤེས་པ
1844	terminal-particle	64		གལ་ཏེ་ཡན་ལག་ཅུང་ཟད་ཅིག་ནི་ཟག་པ་དང་བཅས་པ་ཅུང་ཟད་ཅིག་ནི་ཟག་པ་མེད་པ་ཡིན་ན་མི་རུང་བས
1845	terminal-particle	24		གལ་ཏེ་བྱང་ཆུབ་ཀྱི་ཡན་ལག་དང་མཐུན་པའི་ཕྱིར་རོ་ཞེ་ན་ནི་ཟག་པ་མེད་པ་ཉིད་ཀྱང་དེ་དང་འདྲ
1846	terminal-particle	43		གལ་ཏེ་ཟག་པ་དང་བཅས་པའི་ཆོས་རྣམས་གང་ཞེ་ན། མིག་ཇི་སྙེད་པ་ཞེས་འབྱུང་བའི་མདོ་འདི་དང་འ
1847	terminal-particle	76		གལ་ཏེ་ཟག་པ་མེད་པ་ལ་ཡན་ལག་ཅུང་ཟད་ཅིག་ནི་ཟག་པ་དང་བཅས་པ་ཅུང་ཟད་ཅིག་ནི་ཟག་པ་མེད་པར་འ
1848	terminal-particle	29		གལ་ཏེ་བསྒྲུབ་པར་བྱ་བ་ཡིན་ནོ་ཞེ་ན། སེམས་རྩིང་བ་དང་ཞིབ་པ་གཉིས་འགལ་བའི་ཕྱིར་དང་། ཉེ
1849	terminal-particle	44		དེ་ལྟ་བས་ན་བསམ་གཏན་དང་པོ་ལ་ཡོད་པའི་ཡན་ལག་ལྔ་པོ་གང་དག་ཡིན་པ་དེ་དག་ཁོ་ན་ལས་ཡན་ལག་ག
1850	terminal-particle	40		དེ་ཉིད་ཀྱི་ཕྱིར་བསམ་གཏན་དང་པོ་ལ་ནི་ཡན་ལག་ལྔ་ཉིད་དུ་བཤད་ལ། དེ་དག་ལས་བོར་བས་ནི་བསམ
1851	terminal-particle	37		ཡང་ན་ཅིའི་ཕྱིར་ལྔ་ཁོ་ན་ཡན་ལག་ཉིད་ཡིན། གལ་ཏེ་ཕན་པའི་ཕྱིར་རོ་ཞེ་ན། མ་ཡིན་ཏེ། རྟོག་
1852	terminal-particle	36		ཁ་ཅིག་དེ་སྐད་དུ་རྒོལ་བ་ཡོད་མོད་ཀྱི་སྔོན་གྱི་སློབ་དཔོན་རྣམས་ནི་ཇི་སྙེད་མངོན་པ་དེ་
1853	terminal-particle	61		ནང་རབ་ཏུ་དང་བ་ཞེས་བྱ་བའི་ཆོས་འདི་ཅི་ཞེ་ན། རྟོག་པ་དང་དཔྱོད་པའི་འཁྲུག་པ་དང་བྲལ་བས་
1854	terminal-particle	61		འོ་ན་ནི་དེ་རྫས་གཞན་མ་ཡིན་པས་ཇི་ལྟར་ན་རྫས་སུ་ཡན་ལག་བཅུ་གཅིག་ཡིན། དེ་ལྟ་བས་ན། རབ་ཏ
1855	terminal-particle	31		གཞན་དག་ན་རེ་རྟོག་པ་དང་དཔྱོད་པ་དང་། ཏིང་ངེ་འཛིན་རྣམས་ཀྱང་རྫས་གཞན་མ་ཡིན་ལ་ནང་རབ་ཏུ
1856	terminal-particle	42		རྫས་གཞན་མེད་ན་ཇི་ལྟར་སེམས་ལས་བྱུང་བ་ཉིད་དུ་འགྲུབ་ཅེ་ན། སེམས་ཅན་གྱི་གནས་སྐབས་ཀྱི་
1857	terminal-particle	32		དགའ་བ་ནི་ཡིད་བདེ་བ་ཡིན་ནོ་ཞེས་གང་བཤད་པ་འདི་ཇི་ལྟར་ཁོང་དུ་ཆུད། གཞན་ཅི་ཞིག་ཡིན། ཇི
1858	terminal-particle	38		སྡེ་པ་གཞན་དག་ཇི་ལྟར་འདོད་ཅེ་ན། དགའ་བ་ནི་སེམས་ལས་བྱུང་བའི་ཆོས་གཞན་དག་ཁོ་ན་ཡིན་ལ་ཡ
1859	terminal-particle	78		བསམ་གཏན་དག་ན་ཡོད་པའི་བདེ་བ་ནི་ཡིད་བདེ་བ་ཡིན་པར་མི་རུང་བ་ཉིད་ཀྱི། ལུས་རྣམས་གཉིས་ཕ
1860	terminal-particle	60		ཡང་བདེ་བ་ཡང་སྤངས་ཏེ་སྔ་ནས་སྡུག་བསྔལ་ཡང་སྤངས་ཤིང་ཡིད་བདེ་བ་དང་ཡིད་མི་བདེ་བ་ཡང་ནུབ
1861	terminal-particle	26		ཅི་ཉོན་མོངས་པ་ཅན་གྱི་བསམ་གཏན་དག་ལ་ཡང་ཇི་སྐད་དུ་བཤད་པ་ལྟར་ཡན་ལག་དེ་དག་ཡོད་དམ་ཞེ་ན
1862	line-end	8		དེ་དག་ན་ཅི་ཞིག་མེད་ཅེ་ན།
1863	verse-stanza	21		ཉོན་མོངས་ཅན་ལ་དགའ་བདེ་དང་། །↵དྲན་དང་ཤེས་བཞིན་དྲན་པ་དང་། །↵བཏང་སྙོམས་དྲན་པ་དག་པ་མ
1864	line-end	18		བསམ་གཏན་དང་པོ་ལ་ནི་བདེ་བ་ལས་སྐྱེས་པའི་དགའ་བ་དང་བདེ་བ་མེད་དེ།
1865	verse-stanza	21		ཉོན་མོངས་པ་ལས་དབེན་པ་མ་ཡིན་པའི་ཕྱིར་རོ། །↵གཉིས་པ་ལ་ནི་ནང་རབ་ཏུ་དང་བ་མེད་དེ།
1866	terminal-particle	7		ཉོན་མོངས་པས་རྙོག་པའི་ཕྱིར་རོ། །
1867	ordinal-open	25		གསུམ་པ་ལ་ནི་དྲན་པ་དང་ཤེས་བཞིན་མེད་དེ། ཉོན་མོངས་པ་ཅན་གྱི་བདེ་བས་ཀུན་དུ་རྨོངས་པར་བ
1868	ordinal-open	25		བཞི་པ་ལ་ནི་བཏང་སྙོམས་དང་དྲན་པ་ཡོངས་སུ་དག་པ་མེད་དེ། ཉོན་མོངས་པས་དྲི་མ་ཅན་དུ་བྱས་པ
1869	verse-stanza	14		རེ་ཞིག་ཁ་ཅིག་དེ་སྐད་ཟེར་རོ། །↵ཁ་ཅིག་ཤིན་ཏུ་སྦྱངས་བཏང་སྙོམས། །
1870	terminal-particle	49		ཁ་ཅིག་ན་རེ་ཉོན་མོངས་པ་ཅན་དང་པོ་དང་གཉིས་པ་དག་ན་ནི་ཤིན་ཏུ་སྦྱངས་པ་མེད་ལ་གསུམ་པ་དང་
1871	line-end	31		བཅོམ་ལྡན་འདས་ཀྱིས་བསམ་གཏན་གསུམ་ནི་སྐྱོན་དང་བཅས་པའི་ཕྱིར་གཡོ་བ་དང་བཅས་པ་དག་ཡིན་ནོ
1872	verse-stanza	26		བཞི་པ་གཡོ་བ་མེད་པ་ཡིན། །↵སྐྱོན་དེ་དག་ཀྱང་གང་ཞེ་ན། །↵རྟོག་དང་དཔྱོད་དང་དབུགས་དག་དང
1873	quote-close	54		རྟོག་པ་དང་། དཔྱོད་པ་དང་། བདེ་བ་དང་། སྡུག་བསྔལ་བ་དང་། ཡིད་བདེ་བ་དང་། ཡིད་མི་བདེ་བ
1874	terminal-particle	44		གཞན་དག་ན་རེ་བཞི་པ་ནི་རྟོག་པ་དང་། དཔྱོད་པ་དང་། དགའ་བ་དང་། བདེ་བ་དག་གིས་གཡོ་བར་མི་
1875	line-end	18		བསམ་གཏན་གཉིས་པ་ན་ནི་དགའ་བ་ཞེས་སྨོས་པའི་ཕྱིར་ཡིད་བདེ་བ་ཡོད་པར་བཤད།
1876	ordinal-open	6		གསུམ་པ་ན་ནི་བདེ་བ།
1877	ordinal-open	49		བཞི་པ་ན་ནི་བཏང་སྙོམས་ཡོད་པར་བཤད་ན། དེ་ཅི། སྙོམས་པར་འཇུག་པའི་བསམ་གཏན་དག་ན་ཡོད་པའི
1878	verse-stanza	27		སྐྱེ་བའི་བསམ་གཏན་དག་ན་ནི། །↵ཡིད་བདེ་བ་དང་བཏང་སྙོམས་དང་། །↵བཏང་སྙོམས་ཡིད་བདེ་བདེ་
1879	terminal-particle	39		སྐྱེ་བའི་བསམ་གཏན་དང་པོ་ན་ནི། ཚོར་བ་གསུམ་ཡོད་དེ། རྣམ་པར་ཤེས་པའི་ཚོགས་གསུམ་པའི་བདེ
1880	terminal-particle	22		སྐྱེ་བའི་བསམ་གཏན་གཉིས་པ་ན་ནི་ཚོར་བ་གཉིས་ཏེ། ཡིད་ཀྱི་ས་པའི་ཡིད་བདེ་བ་དང་བཏང་སྙོམས
1881	terminal-particle	30		རྣམ་པར་ཤེས་པའི་ཚོགས་གཞན་མེད་པའི་ཕྱིར་བདེ་བ་དང་། ཡིད་ཀྱི་ས་པའི་ཡིད་བདེ་བ་དང་། རྣམ
1882	terminal-particle	22		སྐྱེ་བའི་བསམ་གཏན་གཉིས་པ་ན་ནི་ཚོར་བ་གཉིས་ཏེ། ཡིད་ཀྱི་ས་པའི་ཡིད་བདེ་བ་དང་བཏང་སྙོམས
1883	terminal-particle	13		རྣམ་པར་ཤེས་པའི་ཚོགས་གཞན་མེད་པའི་ཕྱིར་བདེ་བ་མེད་དོ། །
1884	terminal-particle	34		སྐྱེ་བའི་བསམ་གཏན་གསུམ་པ་ན་ནི་ཚོར་བ་གཉིས་ཏེ། ཡིད་ཀྱི་ས་པའི་བདེ་བ་དང་། བཏང་སྙོམས་ས
1885	terminal-particle	86		གལ་ཏེ་བསམ་གཏན་གསུམ་པ་ལ་སོགས་པ་དག་ན་རྣམ་པར་ཤེས་པའི་ཚོགས་གསུམ་མེད་པ་ལ་རྟོག་པ་དང་དཔ
1886	line-end	7		འོ་ན་ཇི་ལྟ་བུ་ཞེ་ན།
1887	verse-stanza	21		གཉིས་པ་སོགས་ན་ལུས་མིག་དང་། །↵རྣ་བའི་རྣམ་ཤེས་རྣམ་རིག་སློང་། །↵གང་ཡིན་དེ་ནི་དང་པོར
1888	terminal-particle	68		བསམ་གཏན་གཉིས་པ་ལ་སོགས་པ་དག་ན་ནི་སྤྲུལ་པའི་སེམས་བཞིན་དུ་གང་གིས་ན་དེ་དག་གིས་མཐོང་བ
1889	line-end	51		དེ་ལུང་མ་བསྟན་ཉོན་མོངས་མིན། །དེ་དག་མངོན་སུམ་དུ་བྱེད་པ་བསམ་གཏན་དང་པོའི་ས་པའི་རྣམ་
1890	verse-stanza	15		དམན་པའི་ཕྱིར་དགེ་བ་ཡང་མ་ཡིན་ནོ། །↵བསམ་གཏན་གྱི་བྱ་བ་རྫོགས་སོ།། །།
1891	line-end	19		ཡང་དག་པ་ས་ལ་སོགས་པའི་བསམ་གཏན་དང་གཟུགས་མེད་པ་རྣམས་ཇི་ལྟར་འཐོབ་ཅེ་ན།
1892	verse-stanza	13		དེ་དང་མི་ལྡན་འདོད་ཆགས་བྲལ། །↵སྐྱེ་བ་ལས་ནི་དག་པ་འཐོབ། །
1893	terminal-particle	42		དེ་དང་མི་ལྡན་པ་ནི་བསམ་གཏན་ནམ་གཟུགས་མེད་པ་དག་ས་འོག་མ་ལས་འདོད་ཆགས་དང་བྲལ་བའམ། སྲིད
1894	terminal-particle	47		ཅིའི་ཕྱིར་དེ་དང་མི་ལྡན་པ་ཞེས་བརྗོད་ཅེ་ན། དག་པ་པ་དང་ལྡན་པ་ནི་སྦྱོར་བ་ལས་ཀྱང་ངེས་པ
1895	terminal-particle	61		དེ་ཉིད་ཀྱི་ཕྱིར་བསམ་གཏན་དག་པ་པ་འདོད་ཆགས་དང་བྲལ་བས་འཐོབ་པར་འགྱུར་ལ་འདོད་ཆགས་དང་བྲ
1896	terminal-particle	23		དེ་ནི་འདོད་པ་ལས་འདོད་ཆགས་དང་བྲལ་བས་འཐོབ་ལ། ཚངས་པའི་འཇིག་རྟེན་ལས་འདོད་ཆགས་དང་བྲལ་
1897	terminal-particle	33		ཚངས་པའི་འཇིག་རྟེན་ལས་འདོད་ཆགས་དང་བྲལ་བ་ལས་ཡོངས་སུ་ཉམས་པ་ལས་འཐོབ་ལ། འདོད་པ་ལ་འདོད
1898	line-end	26		གང་ནས་ཚངས་པའི་འཇིག་རྟེན་དུ་སྐྱེ་བ་ན་འཐོབ་ལ། དེས་ན་འདོད་པའི་ཁམས་སུ་སྐྱེ་བ་ན་འདོར་
1899	verse-stanza	13		ཟག་མེད་འདོད་ཆགས་བྲལ་བ་ཡིས། །↵དེ་དང་མི་ལྡན་པ་ལས་འཐོབ། །
1900	terminal-particle	5		ཅེས་བྱ་བར་སྦྱོར་རོ། །
1901	terminal-particle	29		དེ་དང་ལྡན་པ་ནི་ཟད་པ་ཤེས་པ་ལས་ཀྱང་མི་སློབ་པ་འཐོབ་ལ། དབང་པོ་འཕོ་བ་ལས་ཀྱང་སློབ་པ་དང
1902	line-end	44		ངེས་པར་འཇུག་པ་ལས་ཀྱང་དང་པོ་ཉིད་དུ་ཟག་པ་མེད་པ་འཐོབ་པ་མ་ཡིན་ནམ་ཞེ་ན། མཐར་གྱིས་པས་མ
1903	verse-stanza	13		ཉོན་མོངས་ཅན་ཉམས་སྐྱེ་བ་ཡིས། །↵དེ་དང་མི་ལྡན་པ་ལས་འཐོབ། །
1904	terminal-particle	27		ཅེས་བྱ་བ་ཁོ་ནར་སྦྱར་ཏེ། གལ་ཏེ་དེ་ལས་འདོད་ཆགས་དང་བྲལ་བ་ལས་ཡོངས་སུ་ཉམས་ན་ཡོངས་སུ་ཉ
1905	terminal-particle	16		གལ་ཏེ་ས་གོང་མ་ལས་ན་ས་འོག་མར་སྐྱེས་ན་སྐྱེ་བས་འཐོབ་བོ། །
1906	terminal-particle	52		སྙོམས་པར་འཇུག་པའི་རྫས་གང་གི་མཇུག་ཐོགས་སུ་དུ་ཞིག་སྐྱེ་ཞེ་ན། ཟག་པ་མེད་པའི་བསམ་གཏན་
1907	terminal-particle	54		ཅི་ཡང་མེད་པའི་སྐྱེ་མཆེད་ཀྱི་མཇུག་ཐོགས་སུ་བདུན་ཏེ་རང་གི་ས་པ་དང་རྣམ་ཤེས་དང་ནམ་མཁའ་
1908	line-end	19		བསམ་གཏན་གཉིས་པའི་མཇུག་ཐོགས་སུ་བརྒྱད་དེ། རང་གི་ས་པ་དང་བསམ་གཏན་གསུམ་པ་དང་།
1909	ordinal-open	17		བཞི་པ་དང་། དང་པོའི་ས་པའི་དག་པ་པ་དང་ཟག་པ་མེད་པ་དག་གོ། །
1910	terminal-particle	45		རྣམ་ཤེས་མཐའ་ཡས་སྐྱེ་མཆེད་ཀྱི་མཇུག་ཐོགས་སུ་དགུ་སྟེ། རང་གི་ས་པ་གཉིས་དང་། ནམ་མཁའ་མཐ
1911	terminal-particle	20		དེ་བཞིན་དུ་བསམ་གཏན་དང་གཟུགས་མེད་པ་གཞན་གྱི་མཇུག་ཐོགས་སུ་ཡང་རྫས་བཅུ་སྦྱར་བར་བྱའོ། 
1912	terminal-particle	21		འདི་ནི་མདོར་བསྡུ་བ་ཡིན་ཏེ། ཟག་པ་མེད་པའི་མཇུག་ཐོགས་སུ། ལྟག་འོག་གསུམ་པའི་བར་དགེ་བ་
1913	terminal-particle	20		དགེ་བ་སྨོས་པ་ནི་དག་པ་པ་དང་། ཟག་པ་མེད་པ་གཟུང་སྟེ། དགེ་བ་ཡིན་པའི་ཕྱིར་རོ། །
1914	terminal-particle	59		ཟག་པ་མེད་པའི་སྙོམས་པར་འཇུག་པའི་རྫས་ཀྱི་མཇུག་ཐོགས་སུ་རང་གི་ས་པ་དང་ས་གོང་མ་དང་། འོ
1915	terminal-particle	35		རྗེས་སུ་ཤེས་པའི་མཇུག་ཐོགས་སུ་གཟུགས་མེད་པ་ལ་སྙོམས་པར་འཇུག་གི་ཆོས་ཤེས་པའི་མཇུག་ཐོག
1916	terminal-particle	43		ཇི་ལྟར་ཟག་པ་མེད་པའི་མཇུག་ཐོགས་སུ་བཤད་པ་ལྟར་དག་པ་ལས་དེ་བཞིན། རིག་པར་བྱ་ལ། རང་གི་ས
1917	terminal-particle	15		ལྷག་མ་ནི་ཟག་པ་མེད་པ་ལས་བཤད་པ་ཇི་ལྟ་བ་བཞིན་ནོ། །
1918	terminal-particle	16		ཟག་པ་མེད་པའི་མཇུག་ཐོགས་སུ་ནི་ཉོན་མོངས་པ་ཅན་སྐྱེ་བ་མེད་དོ། །
1919	terminal-particle	36		ཉོན་མོངས་ཅན་ལས་རང་དག་དང་། །ཉོན་མོངས་པ་ཅན་གྱི་སྙོམས་པར་འཇུག་པའི་རྫས་ཀྱི་མཇུག་ཐོགས
1920	terminal-particle	26		འོག་མའི་དག་ཅིག་ཀྱང་། ཉོན་མོངས་པས་གཟིར་བ་ནི་འོག་མའི་སྙོམས་པར་འཇུག་པའི་དག་པ་པ་ལ་ཡང
1921	terminal-particle	31		གལ་ཏེ་ཉོན་མོངས་པ་ཅན་ཡོངས་སུ་བཅད་ནས་འོག་མར་འཕོ་ན་ནི་དགེ་བ་ལས་འཕོས་པ་ཡིན་གྱི་ཉོན་མ
1922	terminal-particle	69		འོན་ཏེ་ཡོངས་སུ་མ་བཅད་ན་ནི་ཇི་ལྟར་འཕོ་ཞེ་ན། སྔོན་འཕངས་པའི་ཕྱིར་ཏེ། སྔོན་འདི་སྙམ་ད
1923	terminal-particle	20		ཟག་པ་མེད་པ་ནི་ཉོན་མོངས་པ་ཅན་གྱི་མཇུག་ཐོགས་སུ་རྣམ་པ་ཐམས་ཅད་དུ་མི་སྐྱེའོ། །
1924	terminal-particle	72		སྙོམས་པར་འཇུག་པའི་དུས་ཀྱི་ཕྱིར་དག་པ་པ་དང་། ཉོན་མོངས་པ་ཅན་གྱི་མཇུག་ཐོགས་སུ་རང་གི་
1925	terminal-particle	46		ཉོན་མོངས་ཅན་ལས་གོང་མ་མིན། །འཆི་འཕོ་བའི་ཚེ་ཉོན་མོངས་པ་ཅན་གྱི་བསམ་གཏན་དང་གཟུགས་མེད
1926	terminal-particle	21		དག་པ་པ་ཐམས་ཅད་ལས་ཟག་པ་མེད་པའི་སྙོམས་པར་འཇུག་པའི་རྫས་སྐྱེ་བ་ཡང་མ་ཡིན་ནོ། །
1927	terminal-particle	51		འོ་ན་ཇི་ལྟ་བུ་ཞེ་ན། དག་པ་ཉམས་པའི་ཆ་མཐུན་སོགས། །རྣམ་བཞི། དག་པ་པ་ནི་ཉམས་པའི་ཆ་དང་མ
1928	terminal-particle	20		སྲིད་པའི་རྩེ་མོ་ན་ནི་རྣམ་པ་གསུམ་ཡིན་ཏེ། ཁྱད་པར་གྱི་ཆ་དང་མཐུན་པ་མ་གཏོགས་སོ། །
1929	line-end	11		འདིའི་མཚན་ཉིད་ཅི་ཞེ་ན། དེ་ནི་གོ་རིམས་བཞིན་དུ།
1930	verse-stanza	14		ཉོན་མོངས་སྐྱེ་དང་རང་ས་དང་། །↵གོང་དང་ཟག་མེད་རྗེས་མཐུན་པའོ། །
1931	terminal-particle	17		ཉམས་པའི་ཆ་དང་མཐུན་པ་ནི་ཉོན་མོངས་པ་སྐྱེ་བ་དང་རྗེས་སུ་མཐུན་པའོ། །
1932	terminal-particle	15		གནས་པའི་ཆ་དང་མཐུན་པ་ནི་རང་གི་ས་དང་རྗེས་སུ་མཐུན་པའོ། །
1933	terminal-particle	19		ཁྱད་པར་ཅན་གྱི་ཆ་དང་རྗེས་སུ་མཐུན་པ་ནི་ས་གོང་མ་དང་རྗེས་སུ་མཐུན་པའོ། །
1934	terminal-particle	25		ངེས་པར་འབྱེད་པའི་ཆ་དང་མཐུན་པ་ནི་ཟག་པ་མེད་པའི་རྗེས་སུ་མཐུན་པ་སྟེ། ཟག་པ་མེད་པ་ནི་ད
1935	terminal-particle	39		ཡང་བཞི་པོ་དེ་དག་ལས་གང་གི་མཇུག་ཐོགས་སུ་དུ་ཞིག་སྐྱེ་ཞེ་ན། ཉམས་ཆ་མཐུན་སོགས་མཇུག་ཐོག
1936	terminal-particle	18		དེའི་མཇུག་ཐོགས་སུ་ནི་གཉིས་སྐྱེ་སྟེ། ཉམས་པ་དང་གནས་པའི་ཆ་དང་མཐུན་པ་དག་གོ། །
1937	terminal-particle	22		གནས་པའི་ཆ་དང་མཐུན་པའི་མཇུག་ཐོགས་སུ་ནི་གསུམ་སྟེ། ངེས་པར་འབྱེད་པའི་ཆ་དང་མཐུན་པ་མ་ག
1938	terminal-particle	22		ཁྱད་པར་ཅན་གྱི་ཆ་དང་མཐུན་པའི་མཇུག་ཐོགས་སུ་ནི་གསུམ་སྟེ། ཉམས་པའི་ཆ་དང་མཐུན་པ་མ་གཏོག
1939	terminal-particle	17		ངེས་པར་འབྱེད་པའི་ཆ་དང་མཐུན་པའི་མཇུག་ཐོགས་སུ་ནི་གཅིག་སྟེ། དེ་གཅིག་པུ་སྐྱེའོ། །
1940	line-end	12		ཐོད་རྒལ་གྱི་སྙོམས་པར་འཇུག་པ་ཇི་ལྟར་སྐྱེ་ཞེ་ན།
1941	verse-stanza	26		ས་བརྒྱད་རྣམ་གཉིས་འབྲེལ་པ་དང་། །↵གཅིག་རྒལ་སོང་ཞིང་འོངས་ནས་ནི། །↵རིས་མི་མཐུན་པ་གསུ
1942	verse-stanza	18		ས་བརྒྱད་ཅེས་བྱ་བ་ནི་བསམ་གཏན་དང་།↵གཟུགས་མེད་པའི་སྙོམས་པར་འཇུག་པ་རྣམས་སོ། །
1943	line-end	16		རྣམ་གཉིས་ཞེས་བྱ་བ་ནི་ཟག་པ་དང་བཅས་པ་དང་ཟག་པ་མེད་པའོ། །
1944	verse-stanza	21		འབྲེལ་པ་དང་ཞེས་བྱ་བ་ནི་གོ་རིམས་བཞིན་དུའོ། །↵གཅིག་རྒལ་ཞེས་བྱ་བ་ནི་རེ་རེ་རྒལ་ནས་སོ
1945	terminal-particle	15		སོང་ཞིང་ཞེས་བྱ་བ་ནི་ལུགས་དང་མཐུན་པར་སྙོམས་པར་ཞུགས་ནས་སོ། །
1946	terminal-particle	16		འོངས་ནས་ཞེས་བྱ་བ་ནི་ལུགས་དང་མི་མཐུན་པར་སྙོམས་པར་ཞུགས་ནས་སོ། །
1947	terminal-particle	79		ཟག་པ་དང་བཅས་པའི་ས་བརྒྱད་དང་ཟག་པ་མེད་པའི་ས་བདུན་ལུགས་དང་མཐུན་པ་དང་ལུགས་དང་མི་མཐུན
1948	terminal-particle	49		དེ་བཞིན་དུ་ལུགས་དང་མི་མཐུན་པ་ཡང་བྱང་བར་བྱས་ནས་ཟག་པ་མེད་པ་རྣམས་ཀྱང་རེ་རེ་རྒལ་ཞིང་
1949	terminal-particle	87		གང་གི་ཚེ་ཟག་པ་དང་བཅས་པ་དང་པོ་ནས་ཟག་པ་མེད་པའི་བསམ་གཏན་གསུམ་པ་ལ་སྙོམས་པར་འཇུག་ཅིང་
1950	terminal-particle	14		ཤིན་ཏུ་རིང་བའི་ཕྱིར་བཞི་པ་ལ་ནི་སྙོམས་པར་མི་འཇུག་གོ། །
1951	terminal-particle	37		དེ་ཡང་གླིང་གསུམ་དུ་དུས་དང་མི་སྦྱོར་བར་རྣམ་པར་གྲོལ་བའི་དགྲ་བཅོམ་པ་ཁོ་ནས་སྐྱེད་པར་
1952	terminal-particle	31		མཐོང་བས་འཐོབ་པ་ནི་གལ་ཏེ་དབང་པོ་རྣོན་པོ་ཡིན་པའི་ཕྱིར་ཏིང་ངེ་འཛིན་ལ་དབང་བ་ཡིན་ཡང་ཉ
1953	terminal-particle	26		དུས་ཀྱིས་རྣམ་པར་གྲོལ་བ་ནི་གལ་ཏེ་ཉོན་མོངས་པ་མེད་པ་ཡིན་ཡང་། ཏིང་ངེ་འཛིན་ལ་དབང་བ་ནི
1954	terminal-particle	50		རྟེན་གང་གིས་བསམ་གཏན་དང་གཟུགས་མེད་པ་དུ་ཞིག་མངོན་སུམ་དུ་བྱེད་ཅེ་ན། བསམ་གཏན་གཟུགས་མ
1955	terminal-particle	19		དེ་བཞིན་དུ་ལྷག་མ་རྣམས་ཀྱང་རང་གི་ས་དང་ས་འོག་མར་མངོན་སུམ་དུ་བྱེད་དོ། །
1956	terminal-particle	47		ཅིའི་ཕྱིར་གོང་དུ་སྐྱེས་པ་སྙོམས་པར་འཇུག་པ་འོག་མ་མངོན་སུམ་དུ་མི་བྱེད་ཅེ་ན། འདི་ལྟར
1957	line-end	11		སྤྱིར་བསྟན་པ་བྱས་ནས་དམིགས་ཀྱིས་སྟོན་པར་བྱེད་དེ།
1958	verse-stanza	13		སྲིད་རྩེར་འཕགས་པ་ཅི་ཡང་མེད། །↵མངོན་སུམ་བྱས་ནས་ཟག་པ་ཟད། །
1959	terminal-particle	30		འཕགས་པ་སྲིད་པའི་རྩེ་མོར་སྐྱེས་པ་ནི་ཟག་པ་མེད་པའི་ཅི་ཡང་མེད་པའི་སྐྱེ་མཆེད་མངོན་སུམ
1960	terminal-particle	24		ཇི་ལྟར་ན་དེར་སྐྱེས་པ་དེ་མངོན་སུམ་དུ་བྱེད་ཅེ་ན། རང་གི་མེད་པའི་ཕྱིར་དང་། དེ་ཡང་ཉེ་
1961	terminal-particle	41		ཡང་བསམ་གཏན་དང་གཟུགས་མེད་པ་འདི་དག་གི་དམིགས་པ་ཅི་ཞིག་ཡིན་ཞེ་ན། སྲེད་བཅས་རང་གི་སྲིད
1962	terminal-particle	27		སྲིད་པ་སྨོས་པ་ནི་ཟག་པ་དང་བཅས་པའི་དངོས་པོ་གཟུང་ངོ་། །འདོད་ཆགས་དང་བྲལ་བའི་ཕྱིར་འོག
1963	terminal-particle	17		ས་རྣམས་ནི་སྲིད་པས་ཡོངས་སུ་བཅད་པའི་ཕྱིར་གོང་མ་ལ་ཡང་མ་ཡིན་ནོ། །
1964	line-end	18		དགེ་བ་ཉིད་དུ་ཐལ་བར་འགྱུར་བའི་ཕྱིར་ཟག་པ་མེད་པ་ལ་ཡང་མ་ཡིན་ནོ། །
1965	verse-stanza	14		བསམ་གཏན་དགེ་ཡུལ་ཡོད་དགུ་ཡིན། །↵དགེ་བའི་བསམ་གཏན་དག་པ་དང་། །
1966	line-end	26		ཟག་པ་མེད་པའི་བསམ་གཏན་དེའི་དམིགས་པ་ནི་འདུས་བྱས་སམ་འདུས་མ་བྱས་གང་ཅི་ཡོད་ཀྱང་རུང་བ་
1967	verse-stanza	13		གཟུགས་མེད་དངོས་བཞི་དགེ་རྣམས་ཀྱི། །↵སྤྱོད་ཡུལ་ཟག་བཅས་འོག་མ་མིན། །
1968	terminal-particle	38		གཟུགས་མེད་པའི་དངོས་གཞི་དགེ་བ་རྣམས་ཀྱི་དམིགས་པ་ནི་ས་འོག་མ་པའི་ཟག་པ་དང་བཅས་པའི་དངོ
1969	terminal-particle	39		དམིགས་པ་ཟག་པ་མེད་པ་ནི་རྗེས་སུ་ཤེས་པའི་ཕྱོགས་དང་མཐུན་པ་ཐམས་ཅད་ཡིན་གྱི་ཆོས་ཤེས་པའི
1970	terminal-particle	18		ཉེར་བསྡོགས་ཀྱི་བར་ཆད་མེད་པའི་ལམ་རྣམས་ཀྱི་དམིགས་པ་ནི་ས་འོག་མ་ཡིན་ནོ། །
1971	quote-open	13		བསམ་གཏན་དང་གཟུགས་མེད་པ་རྣམ་པ་གསུམ་པོ་འདི་དག་ལས།
1972	terminal-particle	59		ཟག་པ་མེད་པས་ཉོན་མོངས་པ་རྣམས་སྤོང་ངོ་། །དག་པ་པས་ཀྱང་མི་སྤོང་ན། །ཉོན་མོངས་པ་ཅན་གྱི
1973	terminal-particle	13		ཆེས་ཁྱད་པར་དུ་འཕགས་པའི་ཕྱིར་གོང་མ་ཡང་མ་ཡིན་ནོ། །
1974	line-end	32		ཉེར་བསྡོགས་དག་པས་ཀྱང་། གཟུགས་དང་གཟུགས་མེད་པའི་ཉེར་བསྡོགས་ནི་དག་པ་པས་ཀྱང་ཉོན་མོངས
1975	verse-stanza	13		ཉེར་བསྡོགས་དུ་ཞིག་ཡོད་ཅེ་ན། །↵དེ་དག་ལ་ནི་ཉེར་བསྡོགས་བརྒྱད། །
1976	terminal-particle	13		རེ་རེ་ལ་གང་གིས་དེ་ལ་འཇུག་པ་རེ་རེ་ཡོད་དོ། །
1977	terminal-particle	97		ཅི་དེ་དག་ཀྱང་རྣམ་པ་གསུམ་ཡིན་ལ་དེ་དག་ལ་ཚོར་བ་ཡང་དེ་དང་འདྲ་བར་ཡོད་དམ་ཞེ་ན། སྨྲས་པ།
1978	ordinal-open	30		དང་པོ་འཕགས་པའང་། ཉེར་བསྡོགས་ཀྱི་དང་པོ་ནི་མི་ལྕོགས་པ་མེད་པ་སྟེ། དེ་ནི་དག་པ་པ་ཡང་ཡ
1979	terminal-particle	29		ཉེར་བསྡོགས་ཀྱི་སེམས་ཀྱིས་ཉིང་མཚམས་སྦྱོར་བ་ཉོན་མོངས་པ་ཅན་ཡིན་མོད་ཀྱི་མཉམ་པར་གཞག་པ
1980	terminal-particle	21		ཁ་ཅིག་གསུམ། ཁ་ཅིག་ནི་མི་ལྕོགས་པ་མེད་པ་རོ་མྱང་བ་དང་མཚུངས་པར་ལྡན་པ་ཡང་འདོད་དོ། །
1981	terminal-particle	79		ཉེར་བསྡོགས་ཞེས་ཀྱང་འབྱུང་། བསམ་གཏན་ཁྱད་པར་ཅན་ཞེས་ཀྱང་འབྱུང་ན། ཅི་འདིའི་དོན་གཅིག་
1982	line-end	18		དེ་ཉིད་ཀྱི་ཕྱིར་བསམ་གཏན་གཉིས་པ་ལ་སོགས་པ་ན་རྣམ་པར་མི་གཞག་པ་སྟེ།
1983	verse-stanza	12		ཁྱད་པར་མེད་པའི་ཕྱིར་རོ། །↵བསམ་གཏན་ཁྱད་པར་ཅན་དེ་ནི། །
1984	terminal-particle	20		རྣམ་གསུམ། རོ་མྱང་བ་དང་མཚུངས་པར་ལྡན་པ་དང་དག་པ་པ་དང་ཟག་པ་མེད་པ་ཡིན་ནོ། །
1985	terminal-particle	40		དེ་བདེ་མིན་སྡུག་མིན། འདི་ལ་བདེ་བ་ཡང་མེད་པས་ན་བདེ་བ་ཡང་མ་ཡིན་པ་སྡུག་བསྔལ་ཡང་མ་ཡིན
1986	terminal-particle	31		མངོན་པར་འདུ་བྱ་བ་དང་བཅས་པས་དྲང་བ་ཡིན་པའི་ཕྱིར། དགའ་བ་དང་མཚུངས་པར་ལྡན་པ་ཡང་མ་ཡིན་
1987	terminal-particle	37		འོ་ན་བསམ་གཏན་ཁྱད་པར་ཅན་དེའི་འབྲས་བུ་ཁྱད་པར་ཅན་གང་ཞིག་ཡིན་ཞེ་ན། དེ་ནི་ཚངས་ཆེན་འབྲ
1988	terminal-particle	88		ཡང་ཏིང་ངེ་འཛིན་ཐམས་ཅད་མདོར་བསྡུས་ཏེ། མདོ་ལས་རྟོག་པ་དང་བཅས་ཤིང་དཔྱོད་པ་དང་བཅས་པའི
1989	line-end	43		དེ་མན་ཆད་རྟོག་དཔྱོད་བཅས་པའི། །ཏིང་ངེ་འཛིན། བསམ་གཏན་ཁྱད་པར་ཅན་དེ་མན་ཆད་ཀྱི་ཏིང་ངེ
1990	verse-stanza	13		ཡན་ཆད་གཉི་ག་མེད་པས་ན། །↵འདི་ན་གཉི་ག་མེད་པ་སྟེ། །
1991	terminal-particle	34		བསམ་གཏན་ཁྱད་པར་ཅན་ཡན་ཆད་ཀྱི་ཏིང་ངེ་འཛིན་བསམ་གཏན་གཉིས་པའི་ཉེར་བསྡོགས་ནས་སྲིད་པའི་
1992	terminal-particle	61		ཡང་སྟོང་པ་ཉིད་ཀྱི་ཏིང་འཛིན་དང་། སྨོན་པ་མེད་པའི་ཏིང་ངེ་འཛིན་དང་། མཚན་མ་མེད་པའི་ཏི
1993	terminal-particle	52		མྱ་ངན་ལས་འདས་པ་ནི་མཚན་མ་བཅུ་དང་བྲལ་བའི་ཕྱིར་མཚན་མ་མེད་པ་ཡིན་ལ། དེ་ལ་དམིགས་པའི་ཏི
1994	terminal-particle	8		སྟོང་ཉིད་བདག་མེད་སྟོང་ཉིད་དུ། འཇུག་པའོ། །
1995	terminal-particle	29		བདག་མེད་པ་དང་སྟོང་པ་ཉིད་ཀྱི་རྣམ་པ་དག་དང་མཚུངས་པར་ལྡན་པའི་ཏིང་ངེ་འཛིན་ནི་སྟོང་པ་ཉ
1996	terminal-particle	36		སྨོན་པ་མེད་པ་ནི། དེ་ལས་གཞན་བདེན་རྣམ་པ་དང་། །བདེན་པ་ལྷག་མའི་རྣམ་པ་དག་དང་མཚུངས་པར་
1997	terminal-particle	60		མི་རྟག་པ་དང་སྡུག་བསྔལ་བ་དང་དེའི་རྒྱུ་དག་གིས་ཡིད་འབྱུང་བའི་ཕྱིར་དང་། ལམ་ཡང་གདོན་མ
1998	terminal-particle	52		མྱ་ངན་ལས་འདས་པ་དང་འདྲ་བའི་ཕྱིར་སྟོང་པ་དང་བདག་མེད་པ་དག་གིས་ནི་ཡིད་མི་འབྱུང་ངོ་། །
1999	terminal-particle	24		དག་པ་པ་ཡང་ཡིན་ལ་ཟག་པ་མེད་པ་དག་ཀྱང་ཡིན་ཏེ། འཇིག་རྟེན་པ་རྣམས་ནི་ས་བཅུ་གཅིག་ན་ཡོད་ད
2000	terminal-particle	15		འཇིག་རྟེན་ལས་འདས་པ་རྣམས་ནི་གང་ན་ལམ་ཡོད་པ་ན་ཡོད་དོ། །
2001	terminal-particle	8		དེ་དག །དྲི་མེད་རྣམ་ཐར་སྒོ་གསུམ་མོ། །
2002	terminal-particle	53		ཏིང་ངེ་འཛིན་གསུམ་པོ་དེ་དག་དྲི་མ་མེད་པ་ནི་ཐར་པའི་སྒོ་ཡིན་པའི་ཕྱིར་རྣམ་པར་ཐར་པའི་ས
2003	line-end	2		ཡང་།
2004	verse-stanza	13		སྟོང་ཉིད་སྟོང་ཉིད་ཅེས་ལ་སོགས། །↵གཞན་ཡང་ཏིང་ངེ་འཛིན་གསུམ་མོ། །
2005	terminal-particle	27		ཞེས་བྱ་བ་སྟེ། སྟོང་པ་ཉིད་སྟོང་པ་ཉིད་དང་། སྨོན་པ་མེད་པ་སྨོན་པ་མེད་པ་དང་། མཚན་མ་མེ
2006	terminal-particle	15		སྟོང་པ་ཉིད་ལ་སོགས་པ་ལ་དམིགས་པའི་ཕྱིར་མིང་དེ་སྐད་ཅེས་བྱའོ། །
2007	line-end	3		དེ་དག་ལས།
2008	verse-stanza	13		གཉིས་ནི་སྟོང་དང་མི་རྟག་པར། །↵མི་སློབ་པ་ལ་དམིགས་པ་ཡིན། །
2009	terminal-particle	40		ཏིང་ངེ་འཛིན་གཞན་གཉིས་ནི་མི་སློབ་པའི་ཏིང་ངེ་འཛིན་ལ་དམིགས་པ་ཡིན་ཏེ། སྟོང་པ་ཉིད་སྟོ
2010	terminal-particle	24		སྨོན་པ་མེད་པ་སྨོན་པ་མེད་པ་ཡང་མི་སློབ་པའི་སྨོན་པ་མེད་པ་ལ་མི་རྟག་པའི་རྣམ་པར་དམིགས་
2011	terminal-particle	27		སྡུག་བསྔལ་བར་ཡང་མ་ཡིན་ལ་རྒྱུ་ལ་སོགས་པར་ཡང་མ་ཡིན་ཏེ། ཟག་པ་མེད་པ་ནི་དེའི་མཚན་ཉིད་མ
2012	line-end	10		ལམ་གྱི་རྣམ་པ་རྣམས་སུ་ཡང་མ་ཡིན་ཏེ།
2013	verse-stanza	21		སུན་དབྱུང་བར་བྱ་བ་ཡིན་པའི་ཕྱིར་རོ། །↵མཚན་མ་མེད་པ་མཚན་མེད་ནི། །↵ཞི་བར་མ་བརྟགས་ཟད་
2014	terminal-particle	45		མཚན་མ་མེད་པ་མཚན་མ་མེད་པའི་ཏིང་ངེ་འཛིན་ནི་མི་སློབ་པའི་མཚན་མ་མེད་པའི་སོ་སོར་མ་བརྟག
2015	terminal-particle	46		འགོག་པ་དང་། གྱ་ནོམ་པ་དང་། ངེས་པར་འབྱུང་བའི་རྣམ་པར་ནི་མ་ཡིན་ཏེ། མི་རྟག་པ་ཉིད་ཀྱི་
2016	terminal-particle	28		ཏིང་ངེ་འཛིན་གཞན་འདི་དག་ནི་གཅིག་ཏུ་ཟག་བཅས། འཕགས་པའི་ལམ་ལ་སྡང་པའི་ཕྱིར་ཏེ། ཟག་པ་མེ
2017	terminal-particle	25		གང་དུ་སྐྱེད་པར་བྱེད་ཅེ་ན། མིའི་ནང་། མི་རྣམས་ཀྱི་ནང་ཁོ་ནར་སྐྱེད་ཀྱི་ལྷ་དག་གི་ནང་ད
2018	terminal-particle	16		སུ་ལ་སྐྱེ་ཞེ་ན། མི་གཡོ་ལ་དགྲ་བཅོམ་པ་གཞན་ལ་ནི་མ་ཡིན་ནོ། །
2019	terminal-particle	16		ས་དུ་པ་ཞིག་ལ་ནི་མ་ཡིན་ཞེ་ན། ཉེར་བསྡོགས་བདུན་ནི་མ་གཏོགས་སོ། །
2020	terminal-particle	37		ཉེར་བསྡོགས་བདུན་མ་གཏོགས་པ་ས་གཞན་བཅུ་གཅིག་པོ་འདོད་པའི་ཁམས་དང་། མི་ལྕོགས་པ་མེད་པ་ད
2021	terminal-particle	83		ཡང་ཏིང་ངེ་འཛིན་བསྒོམ་པ་བཞི་སྟེ། ཏིང་ངེ་འཛིན་བསྒོམ་པ་ཀུན་ཏུ་བརྟེན་བསྒོམས་པར་བྱས་ལ
2022	terminal-particle	16		དེ་དང་པོ་ཡིན་པའི་ཕྱིར་གཞན་དང་གཞན་དག་ཀྱང་ཡིན་པར་ཤེས་པར་བྱའོ། །
2023	terminal-particle	38		ཚེ་ཕྱི་མ་ལ་བདེ་བར་གནས་པར་འགྱུར་བ་ནི་ངེས་པ་མེད་དེ། ཡོངས་སུ་ཉམས་པ་དང་། གོང་དུ་སྐྱེ
2024	terminal-particle	27		མིག་གི་མངོན་ཤེས་མཐོང་འགྱུར་འདོད། །ལྷའི་མིག་གི་མངོན་པར་ཤེས་པ་ནི་ཤེས་པ་མཐོང་བར་འགྱ
2025	line-end	41		སྦྱོར་བ་ལས་བྱུང་བློ་དབྱེར་འགྱུར། །སྦྱོར་བ་ལས་བྱུང་བའི་ཡོན་ཏན་ཁམས་གསུམ་པ་དང་། ཟག་
2026	verse-stanza	13		རྡོ་རྗེ་ལྟ་བུའི་བསམ་གཏན་མཐའི། །↵གང་ཡིན་དེ་ཟག་ཟད་འགྱུར་བསྒོམ། །
2027	terminal-particle	29		བསམ་གཏན་བཞི་པའི་རྡོ་རྗེ་ལྟ་བུའི་ཏིང་ངེ་འཛིན་གང་ཡིན་པ་དེ་ནི་ཟག་པ་ཟད་པར་འགྱུར་བའི་
2028	terminal-particle	29		བཅོམ་ལྡན་འདས་ཀྱིས་ཆོས་སྟོན་པ་འདི་ནི་བདག་ཉིད་ལ་ཉེ་བར་གཏོད་པ་ཡིན་ཏེ། དེའི་ཕྱིར་བསམ
2029	terminal-particle	12		ཏིང་ངེ་འཛིན་རྣམས་ཀྱི་སྐབས་ནས་འོངས་པ་བཤད་ཟིན་ཏོ། །
2030	terminal-particle	26		ད་ནི་ཏིང་ངེ་འཛིན་ལ་བརྟེན་པའི་ཡོན་ཏན་རྣམས་བསྟན་པའི་སྐབས་ཡིན་པས་བཤད་པར་བྱ་སྟེ། ཚད་
2031	line-end	12		བྱམས་པ་དང་། སྙིང་རྗེ་དང་། དགའ་བ་དང་། བཏང་སྙོམས་ཏེ།
2032	verse-stanza	17		སེམས་ཅན་ཚད་མེད་པ་ལ་དམིགས་པའི་ཕྱིར་རོ། །↵ཅིའི་ཕྱིར་བཞི་ཁོ་ན་ཡིན་ཞེ་ན།
2033	terminal-particle	41		གནོད་སེམས་ལ་སོགས་གཉེན་པོའི་ཕྱིར། །གནོད་སེམས་དང་རྣམ་པར་འཚེ་བ་དང་། མི་དགའ་བ་དང་། འ
2034	terminal-particle	41		མི་སྡུག་པ་དང་བཏང་སྙོམས་གཉིས་འདོད་པའི་འདོད་ཆགས་ཀྱི་གཉེན་པོ་ཉིད་དུ་ཁྱད་པར་ཅི་ཞིག་ཡ
2035	terminal-particle	14		འཁྲིག་པའི་འདོད་ཆགས་ཀྱི་གཉེན་པོ་ནི་བཏང་སྙོམས་སོ་ཞེས་ཟེར་རོ། །
2036	terminal-particle	14		འདི་སྐད་དུ་འཁྲིག་པའི་འདོད་ཆགས་ཀྱི་གཉེན་པོ་ནི་མི་སྡུག་པའོ། །
2037	terminal-particle	37		ཕ་དང་མ་དང་བུ་དང་ཉེ་དུའི་འདོད་ཆགས་ཀྱི་གཉེན་པོ་ནི་བཏང་སྙོམས་སོ་ཞེས་བྱ་བ་ནི་རུང་ངོ་
2038	line-end	4		སྙིང་རྗེ་ཡང་།
2039	verse-stanza	12		སྙིང་རྗེ་ཡང་དེ་དང་འདྲའོ། །↵ཡིད་བདེ་བ་ནི་དགའ་བ་ཡིན། །
2040	terminal-particle	9		དགའ་བ་ནི་ཡིད་བདེ་བའི་རང་བཞིན་ནོ། །
2041	line-end	4		བཏང་སྙོམས་མ་ཆགས།
2042	verse-stanza	39		བཏང་སྙོམས་ནི་མ་ཆགས་པའི་བདག་ཉིད་ཡིན་ནོ། །↵ཇི་ལྟར་ན་གནོད་སེམས་ཀྱི་གཉེན་པོ་ཡིན་ཞེ་ན
2043	line-end	11		བྱམས་པ་ལ་སོགས་པ་འདི་དག་གི་རྣམ་པ་ནི།
2044	verse-stanza	14		ཀྱེ་མ་བདེར་གྱུར་སྡུག་བསྔལ་དང་། །↵དགར་གྱུར་སེམས་ཅན་རྣམས་སྙོམས་པ། །
2045	terminal-particle	22		ཀྱེ་མ་སེམས་ཅན་རྣམས་བདེ་བར་གྱུར་ཅིག་སྙམ་དུ་ཡིད་ལ་བྱེད་ཅིང་བྱམས་པ་ལ་སྙོམས་པར་འཇུག་
2046	terminal-particle	22		ཀྱེ་མ་སེམས་ཅན་རྣམས་ནི་སྡུག་བསྔལ་ལོ་སྙམ་དུ་ཡིད་ལ་བྱེད་ཅིང་སྙིང་རྗེ་ལ་སྙོམས་པར་འཇུ
2047	terminal-particle	23		ཀྱེ་མ་སེམས་ཅན་རྣམས་ཡིད་བདེ་བར་གྱུར་ཅིག་སྙམ་དུ་ཡིད་ལ་བྱེད་ཅིང་དགའ་བ་ལ་སྙོམས་པར་འཇ
2048	terminal-particle	25		སེམས་ཅན་རྣམས་མཉམ་མོ་སྙམ་དུ་དེ་ལྟར་ཡིད་ལ་བྱེད་ཅིང་བཏང་སྙོམས་ལ་སྙོམས་པར་འཇུག་སྟེ། 
2049	terminal-particle	31		དེ་དང་མི་ལྡན་པ་རྣམས་ལ་བདེ་བར་མོས་པའི་ཕྱིར་ཇི་ལྟར་ན་ཕྱིན་ཅི་ལོག་ཉིད་དུ་མི་འགྱུར་ཞ
2050	terminal-particle	17		ཡང་ན་བསམ་པ་ཕྱིན་ཅི་མ་ལོག་པའི་ཕྱིར་ཏེ། མོས་པར་འདུ་ཤེས་པའི་ཕྱིར་རོ། །
2051	line-end	45		ཡང་ན་དེ་ལྟར་ཕྱིན་ཅི་ལོག་པ་ཉིད་ཡིན་ན་ཡང་ཉེས་པ་ཅི་ཞིག་ཡོད། གལ་ཏེ་མི་དགེ་བ་ཉིད་ཡིན་
2052	verse-stanza	15		འདི་དག་གི་རྣམ་པ་ནི་བཤད་ཟིན་ཏོ། །↵སྤྱོད་ཡུལ་འདོད་པའི་སེམས་ཅན་རྣམས། །
2053	terminal-particle	30		འདི་དག་གི་དམིགས་པ་ནི་འདོད་པ་ན་སྤྱོད་པའི་སེམས་ཅན་རྣམས་ཡིན་ཏེ། དེ་ལ་དམིགས་པའི་གནོད
2054	terminal-particle	23		ཕྱོགས་གཅིག་ཏུ་མོས་ནས་ཞེས་གསུངས་པ་གང་ཡིན་པ་དེ་ནི་སྣོད་ཀྱི་སྣོད་ན་གནས་པ་བསྟན་པ་ཡིན
2055	terminal-particle	33		དེ་དག་ས་དུ་པ་ཞིག་ཡིན་ཞེ་ན། དགའ་བ་བསམ་གཏན་གཉིས་ན་ཡོད། །དགའ་བ་ནི་བསམ་གཏན་དང་པོ་དང་
2056	terminal-particle	30		གཞན་ནི་དྲུག་ན། ཚད་མེད་པ་གཞན་གསུམ་ནི་ས་དྲུག་པོ་མི་ལྕོགས་པ་མེད་པ་དང་། བསམ་གཏན་ཁྱད་
2057	terminal-particle	21		ཁ་ཅིག་ལྔ། ཁ་ཅིག་ནི་འདི་དག་མི་ལྕོགས་པ་མེད་པ་མ་གཏོགས་པ་ལྔ་ན་ཡོད་པར་འདོད་དོ། །
2058	line-end	36		གཞན་དག་ན་རེ་འདོད་པའི་ཁམས་དང་ཉེར་བསྡོགས་རྣམས་བསྣན་ནས་བཅུ་ན་ཡོད་དོ་ཞེས་ཟེར་ཏེ། །མཉ
2059	verse-stanza	12		སྦྱོར་བ་སྨོས་པའི་ཕྱིར་རོ། །↵གནོད་སེམས་ལ་སོགས་གཉེན་པོའི་ཕྱིར། །
2060	terminal-particle	81		ཞེས་གང་བཤད་པ། ཅི་ཚད་མེད་པ་རྣམས་ཀྱིས་ཀྱང་ཉོན་མོངས་པ་སྤོང་བ་ཡིན་ནམ་ཞེ་ན། དེ་ཡིས་མི
2061	terminal-particle	29		བྱམས་པ་ལ་སོགས་པ་འདོད་པའི་ཁམས་དང་མི་ལྕོགས་པ་མེད་པའི་ས་པ་རྣམས་ནི་དངོས་གཞིའི་ཚད་མེད
2062	terminal-particle	20		དེ་དག་གིས་དེ་རྣམས་རྣམ་པར་མནན་ནས་སྤོང་བའི་ལམ་རྣམས་ཀྱིས་རབ་ཏུ་སྤོང་བར་བྱེད་དོ། །
2063	terminal-particle	34		དེ་ནས་འདོད་ཆགས་དང་བྲལ་བའི་གནས་སྐབས་ན་ནི་དངོས་གཞིའི་ཚད་མེད་པ་རྙེད་པའི་ཕྱིར་རྐྱེན་
2064	terminal-particle	64		ཡང་ལས་དང་པོ་པ་བྱམས་པ་ལ་ཇི་ལྟར་སྦྱོར་ཞེ་ན། ཇི་ལྟར་བདག་ཉིད་ཀྱི་བདེ་བ་ཉམས་པ་ཡོད་པའམ
2065	terminal-particle	35		གལ་ཏེ་ཉོན་མོངས་པའི་འཇུག་པ་ཤས་ཆེ་བའི་ཕྱིར་མི་ནུས་ན་དེས་མཛའ་པོའི་ཕྱོགས་ལ་རྣམ་པ་གསུ
2066	terminal-particle	14		དེ་ནས་འབྲིང་དང་ཆུང་ངུ་ལ་བདེ་བ་དེ་མོས་པར་བྱེད་དོ། །
2067	terminal-particle	23		གལ་ཏེ་དེ་དག་ལ་བྱམས་པ་མཉམ་པ་ཐོབ་ན་དེའི་འོག་ཏུ་ཐ་མལ་པའི་ཕྱོགས་ལ་མོས་པར་བྱེད་དོ། །
2068	terminal-particle	23		དེའི་འོག་ཏུ་དགྲ་བོའི་ཕྱོགས་ལ་རྣམ་པ་གསུམ་དུ་ཕྱེ་ནས་ཆུང་ངུ་ལ་བདེ་བ་དེ་མོས་པར་བྱེད་
2069	terminal-particle	11		དེ་ནས་འབྲིང་དང་ཆེན་པོ་ལ་མོས་པར་བྱེད་དོ། །
2070	terminal-particle	56		གལ་ཏེ་དེ་ལ་མཛའ་བོ་ཆེན་པོའི་ཕྱོགས་བཞིན་དུ་བདེ་བར་མོས་པ་མི་ལྡོག་པར་གྱུར་ན་དེའི་འོག
2071	terminal-particle	19		གང་ཞིག་ཐམས་ཅད་དུ་ཡོན་ཏན་འཛིན་པ་དེ་ནི་བྱམས་པ་མྱུར་དུ་སྐྱེད་པར་བྱེད་དོ། །
2072	terminal-particle	41		སྔོན་གྱི་བསོད་ནམས་དང་བསོད་ནམས་མ་ཡིན་པའི་འབྲས་བུ་སྣང་བའི་སྒོ་ནས་དགེ་བའི་རྩ་བ་ཀུན་
2073	terminal-particle	55		སྙིང་རྗེ་དང་དགའ་བ་ལ་ཡང་དེ་བཞིན་དུ་སེམས་ཅན་སྡུག་བསྔལ་བ་རྣམ་པ་མང་པོའི་ཆུ་བོར་བྱིང་
2074	terminal-particle	10		བཏང་སྙོམས་ནི་ཐ་མལ་པའི་ཕྱོགས་ལས་རྩོམ་མོ། །
2075	terminal-particle	15		ཚད་མེད་པ་བཞི་པོ་འདི་དག་ནི་མི་དག་གི་ནང་དུ་སྐྱེད་དོ། །
2076	terminal-particle	13		མི་རྣམས་ཀྱི་ནང་དུ་སྐྱེད་ཀྱི་གཞན་དུ་ནི་མ་ཡིན་ནོ། །
2077	terminal-particle	33		ཅི་ཚད་མེད་པ་གཅིག་དང་ལྡན་པ་གང་ཡིན་པ་དེ་ནི་གདོན་མི་ཟ་བར་ཐམས་ཅད་དང་ལྡན་ནམ་ཞེ་ན། ཐམས
2078	terminal-particle	20		འོན་ཀྱང་ངེས་གསུམ་ལྡན། བསམ་གཏན་གསུམ་པ་དང་བཞི་པར་སྐྱེས་པ་དག་དགའ་བ་དང་མི་ལྡན་ནོ། །
2079	terminal-particle	12		ཚད་མེད་པ་གསུམ་དང་ནི་རྟག་ཏུ་ལྡན་པ་ཡིན་ནོ། །
2080	terminal-particle	23		རྣམ་པར་ཐར་པ་བརྒྱད། གཟུགས་ཅན་གཟུགས་རྣམས་ལ་ལྟ་བ་ཞེས་བྱ་བ་ནི་རྣམ་པར་ཐར་པ་དང་པོ་ཡིན་
2081	terminal-particle	23		ནང་གཟུགས་མེད་པར་འདུ་ཤེས་པས་ཕྱི་རོལ་གྱི་གཟུགས་རྣམས་ལ་ལྟ་བ་ཞེས་བྱ་བ་ནི་གཉིས་པ་ཡིན་
2082	terminal-particle	26		སྡུག་པའི་རྣམ་པར་ཐར་པ་ལུས་ཀྱིས་མངོན་སུམ་དུ་བྱས་ཏེ་རྫོགས་པར་བྱས་ནས་གནས་ཞེས་བྱ་བ་ནི
2083	line-end	6		གཟུགས་མེད་པ་བཞི་དང་།
2084	ordinal-open	9		བརྒྱད་པ་འདུ་ཤེས་དང་ཚོར་བ་འགོག་པའོ། །
2085	quote-open	3		དེ་རྣམས་ལས།
2086	ordinal-open	48		དང་པོ་གཉིས། མི་སྡུག །རྣམ་པར་ཐར་པ་དང་པོ་གཉིས་ནི་རྣམ་པར་བསྔོས་པ་ལ་སོགས་པའི་རྣམ་པ་ཅ
2087	terminal-particle	24		དེ་གཉིས་ཀྱང་བསམ་གཏན་གཉིས་ན་ཡོད། བསམ་གཏན་དང་པོ་དང་གཉིས་པ་དག་ན་ཡོད་ཀྱི་ས་གཞན་ན་ནི་
2088	terminal-particle	23		འདོད་པ་ན་སྤྱོད་པ་དང་བསམ་གཏན་དང་པོའི་ས་པའི་ཁ་དོག་གི་འདོད་ཆགས་ཀྱི་གཉེན་པོར་གྲངས་བཞ
2089	ordinal-open	17		གསུམ་པ་མཐའ་ན། སྡུག་པའི་རྣམ་པར་ཐར་པ་ནི་བསམ་གཏན་བཞི་པ་ན་ཡོད་དོ། །
2090	terminal-particle	28		དེ་མ་ཆགས། དེ་ཡང་མ་ཆགས་པའི་རང་བཞིན་ཡིན་གྱི་སྡུག་པའི་རྣམ་པ་ཅན་ཡིན་པའི་ཕྱིར་མི་སྡུག
2091	terminal-particle	14		དེ་དག་འཁོར་དང་བཅས་ན་ནི་ཕུང་པོ་ལྔའི་རང་བཞིན་ཡིན་ནོ། །
2092	terminal-particle	15		གཟུགས་མེད་པའི་རྣམ་པར་ཐར་པ་རྣམས་ནི། གཟུགས་མེད་མཉམ་གཞག་དགེ་རྣམས་སོ། །
2093	line-end	30		གཟུགས་མེད་པའི་མཉམ་པར་བཞག་པ་དགེ་བ་རྣམས་ཁོ་ན་རྣམ་པར་ཐར་པ་ཞེས་བྱ་བའི་མིང་འཐོབ་ཀྱི། 
2094	verse-stanza	19		མཉམ་པར་མ་བཞག་པ་རྣམས་ཀྱང་མ་ཡིན་ནོ། །↵འདི་ལྟ་སྟེ་འཆི་བའི་སྲིད་པའི་ཚེ་ལྟ་བུའོ། །
2095	terminal-particle	17		གཞན་དག་ན་རེ་གཞན་ན་ཡང་མཉམ་པར་མ་བཞག་པ་ཡོད་དོ་ཞེས་ཟེར་རོ། །
2096	terminal-particle	47		ཉེར་བསྡོགས་ཀྱི་རྣམ་པར་གྲོལ་བའི་ལམ་དག་ཀྱང་རྣམ་པར་ཐར་པ་ཞེས་བྱ་བའི་མིང་འཐོབ་པོ། །འོ
2097	terminal-particle	6		འགོག་པའི་སྙོམས་པར་འཇུག་པའོ། །
2098	terminal-particle	27		རྣམ་པར་ཐར་པ་བརྒྱད་པ་འདུ་ཤེས་དང་ཚོར་བ་འགོག་པ་ནི་འགོག་པའི་སྙོམས་པར་འཇུག་པ་ཡིན་ཏེ། 
2099	terminal-particle	15		འདུ་ཤེས་དང་ཚོར་བའམ། འདུ་བྱེད་ཐམས་ཅད་ལ་རྒྱབ་ཀྱིས་ཕྱོགས་པའི་ཕྱིར་རོ། །
2100	terminal-particle	25		གཞན་དག་ན་རེ་སྙོམས་པར་འཇུག་པའི་སྒྲིབ་པ་ལས་རྣམ་པར་ཐར་པའི་ཕྱིར་རྣམ་པར་ཐར་པ་ཞེས་བྱའོ
2101	terminal-particle	35		དེ་ལ་ནི། ཕྲ་བ་ཕྲ་བའི་མཇུག་ཐོགས་སུ། །སྙོམས་པར་འཇུག་སྟེ། སྲིད་པའི་རྩེ་མོའི་འདུ་ཤེས
2102	line-end	6		སྙོམས་པར་ཞུགས་པ་རྣམས་ནི།
2103	verse-stanza	20		རང་གི་དག་དང་འོག་མ་ཡིན། །↵འཕགས་པའི་སེམས་ཀྱིས་དེ་ལས་ལྡང་། །↵སྲིད་པའི་རྩེ་མོའི་སེམས
2104	line-end	44		ཅི་ཡང་མེད་པའི་སྐྱེ་མཆེད་ཀྱི་ས་པའི་སེམས་ཟག་པ་མེད་པས་དེ་ལས་ལྡང་སྟེ། དེ་ལྟར་ན་དེའི་
2105	verse-stanza	19		ཟག་པ་མེད་པ་ཡང་ཡིན་ནོ། །↵རྣམ་པར་ཐར་པ་འདི་དག་ལས། །↵དང་པོ་འདོད་གཏོགས་སྣང་ཡུལ་ཅན། །
2106	terminal-particle	30		འདི་དག་གི་དམིགས་པ་ནི་ཅི་རིགས་པར་འདོད་པ་ན་སྤྱོད་པའི་གཟུགས་ཀྱི་སྐྱེ་མཆེད་ཡིད་དུ་མི
2107	line-end	7		གང་དག་གཟུགས་ཅན་མིན་དེ་དག །
2108	verse-stanza	13		སྤྱོད་ཡུལ་གོང་དང་རང་གི་སའི། །↵སྡུག་བསྔལ་སོགས་དང་རྗེས་ཤེས་ཕྱོགས། །
2109	terminal-particle	43		གཟུགས་མེད་པའི་རྣམ་པར་ཐར་པ་རྣམས་ཀྱི་དམིགས་པ་ནི་རང་གི་ས་པ་དང་ས་གོང་མ་པའི་སྡུག་བསྔལ
2110	terminal-particle	14		སོ་སོར་མ་བརྟགས་པས་འགོག་པ་ཡང་ཡིན་ནོ་ཞེས་བརྗོད་པར་བྱའོ། །
2111	terminal-particle	48		ནམ་མཁའ་ཡང་གཅིག་གིས་ཡིན་ནོ་ཞེས་བརྗོད་པར་བྱ་སྟེ། ཅིའི་ཕྱིར་བསམ་གཏན་གསུམ་པ་ལ་རྣམ་པར
2112	terminal-particle	65		ཅིའི་ཕྱིར་སྡུག་པའི་རྣམ་པར་ཐར་པ་སྐྱེད་པར་བྱེད་ཅེ་ན། མི་སྡུག་པས་རྒྱུད་ཞུམ་པར་རབ་ཏུ
2113	terminal-particle	19		རྣལ་འབྱོར་པ་རྣམས་ནི་རྒྱུ་གཉིས་ཀྱིས་རྣམ་པར་ཐར་པ་ལ་སོགས་པ་སྐྱེད་པར་བྱེད་དོ། །
2114	terminal-particle	46		ཉོན་མོངས་པ་མེད་པ་ལ་སོགས་པའི་ཡོན་ཏན་མངོན་པར་བསྒྲུབ་པའི་ཆེད་དང་། འཕགས་པའི་རྫུ་འཕྲུ
2115	terminal-particle	24		དེ་ཡང་གང་གིས་དངོས་པོ་ཡོངས་སུ་བསྒྱུར་བ་དང་། བྱིན་གྱིས་རློབ་པ་དང་། ཚེ་གཏོང་བ་ལ་སོག
2116	line-end	32		ཅིའི་ཕྱིར་གསུམ་པ་དང་བརྒྱད་པ་དག་ཁོ་ན་མངོན་སུམ་དུ་བྱ་བར་བཤད་ལ་གཞན་དག་ནི་མ་ཡིན་ཞེ་ན
2117	verse-stanza	13		སའི་མཐའ་ན་གནས་པའི་ཕྱིར་རོ། །↵ཟིལ་གྱིས་གནོན་པའི་སྐྱེ་མཆེད་བརྒྱད། །
2118	terminal-particle	57		ནང་གཟུགས་སུ་འདུ་ཤེས་པས་ཕྱི་རོལ་གྱི་གཟུགས་ཆུང་ངུ་ཁ་དོག་བཟང་པོ་དང་ཁ་དོག་ངན་པ་རྣམས་
2119	terminal-particle	55		དེ་བཞིན་དུ་ཆེན་པོ་རྣམས་དང་། དེ་ཁོ་ན་བཞིན་དུ་ནང་གཟུགས་མེད་པར་འདུ་ཤེས་པ་སྟེ། དེ་ལྟ
2120	terminal-particle	13		དེ་དག་ལས་གཉིས་ནི་རྣམ་པར་ཐར་པ་དང་པོ་བཞིན་ནོ། །
2121	terminal-particle	24		རྣམ་པར་ཐར་པ་དང་པོ་ཇི་ལྟ་བར་ཟིལ་གྱིས་གནོན་པའི་སྐྱེ་མཆེད་གཉིས་པོ་དང་གཉིས་པ་ཡང་དེ་ད
2122	terminal-particle	6		གཉིས་ནི་གཉིས་པ་བཞིན་ནོ། །
2123	terminal-particle	26		རྣམ་པར་ཐར་པ་གཉིས་པ་ཇི་ལྟ་བར་ཟིལ་གྱིས་གནོན་པོའི་སྐྱེ་མཆེད་གཉིས་པོ་གསུམ་པ་དང་བཞི་པ
2124	terminal-particle	22		གཞན་སྡུག་པའི་རྣམ་པར་ཐར་པ་བཞིན། སྡུག་པའི་རྣམ་པར་ཐར་པ་ཇི་ལྟ་བར་གཞན་བཞི་ཡང་དེ་དང་འད
2125	terminal-particle	43		འདི་ནི་ཁྱད་པར་ཡིན་ཏེ། དེ་དག་གིས་ནི་རྒྱབ་ཀྱིས་ཕྱོགས་པ་ཙམ་དུ་ཟད་ལ། འདི་དག་གིས་ནི་ད
2126	terminal-particle	3		ཟད་པར་བཅུའོ། །
2127	terminal-particle	52		བར་ཆད་མེད་པར་ཟད་པར་རྒྱས་པར་བྱེད་པའི་ཕྱིར་ཟད་པར་གྱི་སྐྱེ་མཆེད་ནི་བཅུ་སྟེ། ཟད་པར་ས
2128	quote-open	3		དེ་རྣམས་ལས།
2129	line-end	3		བརྒྱད་མ་ཆགས།
2130	ordinal-open	12		དང་པོ་བརྒྱད་ནི་མ་ཆགས་པའི་རང་བཞིན་དག་ཡིན་ནོ། །
2131	terminal-particle	12		བསམ་གཏན་མཐའ་ན། བསམ་གཏན་བཞི་པ་ཁོ་ན་ན་ཡོད་དོ། །
2132	terminal-particle	14		སྤྱོད་ཡུལ་ནི། འདོད་པ། འདོད་པ་ན་སྤྱོད་པའི་གཟུགས་ཀྱི་སྐྱེ་མཆེད་ཡིན་ནོ། །
2133	terminal-particle	16		ཁ་ཅིག་ན་རེ་རླུང་གི་ནི་རེག་བྱའི་སྐྱེ་མཆེད་ཡིན་ནོ་ཞེས་ཟེར་རོ། །
2134	terminal-particle	25		དེ་གཉིས་ནི་གཟུགས་མེད་དག །ཟད་པར་གྱི་སྐྱེ་མཆེད་ཐ་མ་གཉིས་ནི་གཟུགས་མེད་པ་དག་པ་པའི་རང
2135	terminal-particle	21		སྤྱོད་ཡུལ་རང་གི་ཕུང་པོ་བཞི། །འདི་གཉིས་ཀྱི་དམིགས་པ་ནི་རང་གི་ས་པའི་ཕུང་པོ་བཞི་ཡིན་
2136	terminal-particle	50		ཟིལ་གྱིས་གནོན་པའི་སྐྱེ་མཆེད་རྣམས་ནི་རྣམ་པར་ཐར་པ་འཇུག་པ་ལས་བྱུང་བ་ཅན་ཡིན་ལ། ཟད་པར
2137	terminal-particle	35		འགོག་པའི་རྣམ་པར་ཐར་པ་མ་གཏོགས་པ་རྣམ་པར་ཐར་པ་ལ་སོགས་པ་དེ་དག་ཐམས་ཅད་ནི་སོ་སོའི་སྐྱེ
2138	terminal-particle	51		ཅི་རྣམ་པར་ཐར་པ་ལ་སོགས་པ་དེ་དག་སྦྱོར་བ་ལས་བྱུང་བ་ཡིན་ནམ་འདོད་ཆགས་དང་བྲལ་བས་ཐོབ་པ་
2139	line-end	40		ལྷག་མ་ནི། འདོད་ཆགས་བྲལ་དང་སྦྱོར་བས་འཐོབ། །འགོག་པ་ལས་གཞན་པའི་རྣམ་པར་ཐར་པ་ལ་སོགས་པ
2140	verse-stanza	20		འདྲིས་པ་དང་མ་འདྲིས་པའི་ཕྱིར་རོ། །↵གཟུགས་མེད་ཅེས་བྱ་ཁམས་གསུམ་གྱི། །↵རྟེན་ཅན་ལྷག་མ
2141	terminal-particle	22		གཟུགས་མེད་པའི་རྣམ་པར་ཐར་པ་དང་། གཟུགས་མེད་པའི་ཟད་པར་ནི་ཁམས་གསུམ་པའི་རྟེན་ཅན་དག་ཡི
2142	terminal-particle	16		ལྷག་མ་ནི་མིའི་རྟེན་ཅན་ཁོ་ན་ཡིན་ཏེ། ལུང་གི་མཐུས་སྐྱེད་པའི་ཕྱིར་རོ། །
2143	line-end	46		ཇི་ལྟར་ན་གཟུགས་དང་གཟུགས་མེད་པའི་ཁམས་དག་ཏུ་གཟུགས་མེད་པ་དང་བསམ་གཏན་གྱི་ཁྱད་པར་སྐྱེ
2144	verse-stanza	13		ཁམས་གཉིས་དག་ཏུ་གཟུགས་མེད་པ། །↵རྒྱུ་དང་ལས་ཀྱི་སྟོབས་ཀྱིས་ཏེ། །
2145	terminal-particle	32		གཟུགས་དང་གཟུགས་མེད་པའི་ཁམས་དག་ཏུ་གཟུགས་མེད་པའི་སྙོམས་པར་འཇུག་པ་སྐྱེ་བ་རྒྱུའི་སྟོ
2146	terminal-particle	44		ལས་ཀྱི་སྟོབས་ཀྱིས་ནི་ས་གོང་མའི་ལན་གྲངས་གཞན་ལ་མྱོང་བར་འགྱུར་བའི་ལས་ཀྱི་རྣམ་པར་སྨི
2147	terminal-particle	39		གཟུགས་ཀྱི་ཁམས་སུ་བསམ་གཏན་རྣམས། །དེ་དག་དང་ཆོས་ཉིད་ཀྱིས་ཀྱང་། གཟུགས་ཀྱི་ཁམས་སུ་ནི་
2148	terminal-particle	31		དེའི་ཚེ་ནི་ས་འོག་མ་པའི་སེམས་ཅན་ཐམས་ཅད་དགེ་བའི་ཆོས་རྣམས་ཀྱི་འཇུག་པ་ཤས་ཆེ་བ་ཉིད་ཀྱ
2149	terminal-particle	34		གང་ལ་ཆོས་རྣམས་ཀྱི་རྣམ་པ་ནི་དུ་ཡོད། འདི་ལྟ་བུའི་མངོན་པའི་ཆོས་འདི་ཇི་སྲིད་དུ་གནས་ཤ
2150	terminal-particle	15		དེ་ལ་ལུང་ནི་མདོ་སྡེ་དང་འདུལ་བ་དང་ཆོས་མངོན་པ་རྣམས་སོ། །
2151	line-end	24		རྟོགས་པ་ནི་བྱང་ཆུབ་ཀྱི་ཕྱོགས་དང་མཐུན་པ་རྣམས་ཏེ། དེ་ལྟར་ན་དམ་པའི་ཆོས་འདི་ནི་རྣམ་པ
2152	verse-stanza	14		དེ་འཛིན་བྱེད་པ་སྨྲ་བྱེད་དང་། །↵སྒྲུབ་པར་བྱེད་པ་ཁོ་ན་ཡིན། །
2153	terminal-particle	12		ལུང་འཛིན་པར་བྱེད་པ་ནི་སྨྲ་བར་བྱེད་པ་ཡིན་ནོ། །
2154	terminal-particle	32		རྟོགས་པ་འཛིན་པར་བྱེད་པ་ནི་སྒྲུབ་པར་བྱེད་པ་ཡིན་ཏེ། དེའི་ཕྱིར་དེ་ཉིད་ཇི་སྲིད་དུ་གན
2155	quote-close	11		དེ་དག་ཀྱང་ལོ་སྟོང་དུ་གནས་སོ་ཞེས་བཤད་དོ། །
2156	terminal-particle	21		གཞན་དག་ན་རེ་རྟོགས་པ་ནི་དེ་ལྟ་བུ་ཡིན་གྱི། ལུང་ནི་ཡུན་རིང་དུ་གནས་སོ་ཞེས་ཟེར་རོ། །
2157	line-end	23		ཅི་བསྟན་བཅོས་འདིར་ཆོས་མངོན་པ་བཤད་པ་གང་ཡིན་པའི་ཆོས་མངོན་པ་འདི་ཉིད་སྟོན་པས་བཤད་དམ་
2158	verse-stanza	33		བདག་གིས་མངོན་པའི་ཆོས་འདི་ཕལ་ཆེར་ནི། །↵ཁ་ཆེ་བྱེ་བྲག་སྨྲ་བའི་ཚུལ་གྲུབ་བཤད། །↵ཉེས་པ
2159	terminal-particle	25		བདག་གིས་ཆོས་མངོན་པ་འདི་ཕལ་ཆེར་ཁ་ཆེ་བྱེ་བྲག་ཏུ་སྨྲ་བ་རྣམས་ཀྱི་ཚུལ་དུ་གྲུབ་པར་བཤད་
2160	line-end	32		འདི་ལ་བདག་གིས་ཉེས་པར་ཟིན་པ་གང་ཡིན་པ་དེ་ནི་བདག་གིས་ཉེས་པ་ཡིན་ཏེ། དམ་པའི་ཆོས་ཀྱི་ཚ
2161	verse-stanza	34		སངས་རྒྱས་ཀྱི་སྲས་རྣམས་ཚད་མ་ཡིན་ནོ། །↵སྟོན་པ་འཇིག་རྟེན་མིག་ནི་ཟུམ་གྱུར་ཅིང་། །↵དབ
2162	verse-stanza	33		ངན་རྟོག་རྣམས་ཀྱིས་བསྟན་པ་འདི་དཀྲུགས་སོ། །↵རང་བྱུང་རང་བྱུང་བསྟན་པ་གཅེས་འཛིན་རྣམས།
2163	verse-stanza	33		དྲི་མས་དགའ་མགུར་དེང་སང་འདི་ན་སྤྱོད། །↵དེ་ལྟར་ཐུབ་པ་དག་གི་བསྟན་པ་ནི། །↵ལྐོག་མར་སྲ
2164	terminal-particle	30		ཐར་པ་འདོད་པ་དག་གིས་བག་ཡོད་གྱིས། །ཆོས་མངོན་པའི་མཛོད་ཀྱི་བཤད་པ་ལས་སྙོམས་པར་འཇུག་པ་
2165	terminal-particle	22		གནས་དགུ་པ། གང་ཟག་དགག་པ་བསྟན་པའི་བཤད་པ། ཡང་ཅི་འདི་ལས་གཞན་ལ་ཐར་པ་ཡོད་དམ་ཞེ་ན། མེད་
2166	terminal-particle	32		ཅིའི་ཕྱིར་ཞེ་ན། བདག་ཏུ་ལྟ་བ་ཕྱིན་ཅི་ལོག་ལ་ཞེན་པ་ཉིད་ཀྱི་ཕྱིར་ཏེ། ཕུང་པོའི་རྒྱུད་
2167	terminal-particle	32		འོ་ན་ཅི་ཞེ་ན། རྫས་གཞན་ཁོ་ན་ལ་བདག་ཏུ་ཡོངས་སུ་རྟོགས་པར་བྱེད་ལ། ཉོན་མོངས་པ་རྣམས་ནི་
2168	line-end	66		བདག་ཏུ་མངོན་པར་བརྗོད་པ་འདི་ནི་ཕུང་པོའི་རྒྱུད་ཁོ་ན་ལ་འཇུག་གི །བརྗོད་པར་བྱ་བ་གཞན་ལ
2169	verse-stanza	17		དཔེར་ན་ཡུལ་དྲུག་དང་ཡིད་ལྟ་བུའོ། །↵ཡང་ན་རྗེས་སུ་དཔག་པས་དམིགས་པ་ཡིན་ཏེ།
2170	terminal-particle	6		དཔེར་ན་དབང་པོ་ལྟ་བུའོ། །
2171	terminal-particle	36		དེ་ལ་འདི་ནི་རྗེས་སུ་དཔག་པ་ཡིན་ཏེ། རྒྱུ་ཡོད་ཀྱང་རྒྱུ་གཞན་མེད་ན་འབྲས་བུ་མེད་པར་མཐོ
2172	terminal-particle	45		ཡུལ་སྣང་བར་གྱུར་པ་དང་རྒྱུ་ཡིད་ལ་བྱེད་པ་ཡོད་ཀྱང་ཡུལ་འཛིན་པ་མེད་པར་མཐོང་ལ། ཡང་ཡོད་
2173	terminal-particle	35		དེའི་ཕྱིར་དེ་ལ་ཡང་རྒྱུ་གཞན་མེད་པ་དང་། ཡོད་པར་ངེས་ལ། རྒྱུ་གཞན་གང་ཡིན་པ་དེ་ནི་དབང་
2174	terminal-particle	12		བདག་ནི་དེ་ལྟར་ཡོད་པ་མ་ཡིན་པས་བདག་མེད་དོ། །
2175	terminal-particle	76		འོ་ན་གང་གནས་མའི་བུ་རྣམས་གང་ཟག་ཡོད་པར་འདོད་པ་ཇི་ལྟ་བུ། འདི་ནི་རེ་ཞིག་དཔྱད་པར་བྱ་བ
2176	terminal-particle	21		གལ་ཏེ་འོ་མ་ལ་སོགས་པ་བཞིན་དུ་སྤྱི་ཡིན་ནོ་ཞེ་ན་ནི་བཏགས་པར་ཡོད་པ་ཡིན་ནོ། །
2177	line-end	30		དེ་ལས་ཅིར་འགྱུར། རེ་ཞིག་གལ་ཏེ་རྫས་སུ་ཡོད་ན་ནི་དེ་རང་བཞིན་ཐ་དད་པའི་ཕྱིར་ཕུང་པོ་རྣ
2178	verse-stanza	12		ཕན་ཚུན་གྱི་ཕུང་པོ་བཞིན་ནོ། །↵འདིའི་རྒྱུ་ཡང་བརྗོད་དགོས་སོ། །
2179	terminal-particle	29		འོན་ཏེ་འདུས་མ་བྱས་ཡིན་ན་ནི་དེའི་ཕྱིར་མུ་སྟེགས་ཅན་གྱི་ལྟ་བར་ཡང་ཐལ་བར་འགྱུར་ལ། དགོ
2180	terminal-particle	18		འོན་ཏེ་བཏགས་པར་ཡོད་དོ་ཞེ་ན་ནི་ཁོ་བོ་ཅག་ཀྱང་དེ་སྐད་ཅེས་སྨྲས་སོ། །
2181	terminal-particle	20		དེ་ནི་རྫས་སུ་ཡོད་པ་ཁོ་ན་ཡང་མ་ཡིན་ལ་བཏགས་པར་ཡོད་པ་ཡང་མ་ཡིན་ནོ། །
2182	terminal-particle	22		འོ་ན་ཅི་ཞེ་ན། ད་ལྟར་གྱི་ནང་གི་ཟིན་པའི་ཕུང་པོ་རྣམས་རྒྱུར་བྱས་ནས་གང་ཟག་ཏུ་འདོགས་སོ
2183	terminal-particle	13		ལོང་བ་ལྟ་བུའི་ཚིག་དོན་མི་གསལ་བ་འདི་ནི་མི་གོའོ། །
2184	terminal-particle	37		རྒྱུར་བྱས་ནས་ཞེས་བྱ་བ་འདི་ཅི། གལ་ཏེ་འདིའི་དོན་ཕུང་པོ་རྣམས་ལ་དམིགས་ནས་ཞེས་བྱ་བ་འད
2185	terminal-particle	19		དཔེར་ན་གཟུགས་ལ་སོགས་པ་ལ་དམིགས་ནས། དེ་དག་ཁོ་ན་ལ་འོ་མ་འདོགས་པ་བཞིན་ནོ། །
2186	terminal-particle	36		འོན་ཏེ་འདིའི་དོན་ཕུང་པོ་རྣམས་ལ་བརྟེན་ནས་ཞེས་བྱ་བ་འདི་ཡིན་ནོ་ཞེ་ན་ནི་ཕུང་པོ་རྣམས་
2187	terminal-particle	7		དེ་ནི་དེ་ལྟར་མི་འདོགས་སོ། །
2188	terminal-particle	18		འོ་ན་ཇི་ལྟ་བུ་ཞེ་ན། ཇི་ལྟར་བུད་ཤིང་རྒྱུར་བྱས་ནས་མེ་འདོགས་པ་བཞིན་ནོ། །
2189	terminal-particle	58		ཇི་ལྟར་ན་བུད་ཤིང་རྒྱུར་བྱས་ནས་མེ་འདོགས་ཤེ་ན། བུད་ཤིང་མེད་པར་མེ་མི་འདོགས་མོད་ཀྱི།
2190	terminal-particle	16		འོན་ཏེ་གཞན་མ་ཡིན་ན་ནི་བསྲེག་བྱ་ཉིད་སྲེག་བྱེད་ཡིན་པར་འགྱུར་རོ། །
2191	terminal-particle	32		དེ་ལྟར་ཕུང་པོ་རྣམས་མེད་པར་ཡང་གང་ཟག་མི་འདོགས་ལ། ཕུང་པོ་རྣམས་ལས་གཞན་ཡིན་པར་དམ་བཅའ་
2192	terminal-particle	17		གཞན་མ་ཡིན་པར་ཡང་དམ་བཅའ་བར་མི་ནུས་ཏེ་ཆད་པར་ཐལ་བར་འགྱུར་རོ། །
2193	terminal-particle	30		རེ་ཞིག་ཀྱེ་བུད་ཤིང་ནི་ཅི། མེ་ནི་ཅི་ཡིན་པ་སྨྲོས་ཤིག་དང་། དེ་ལས་ཇི་ལྟར་ན་བུད་ཤིང་ར
2194	terminal-particle	39		འདི་ལ་ཅི་ཞིག་བརྗོད་པར་བྱ། བསྲེག་བྱ་ནི་བུད་ཤིང་ཡིན་ལ་སྲེག་བྱེད་ནི་མེ་ཡིན་པར་ཟད་མོ
2195	terminal-particle	25		རེ་ཞིག་འཇིག་རྟེན་ན་ནི་ཤིང་ལ་སོགས་པ་མ་འབར་བ་ལ་བུད་ཤིང་ཞེས་ཀྱང་བྱ་ལ་བསྲེག་བྱ་ཞེས་ཀ
2196	line-end	33		འབར་བ་ལ་ནི་མེ་ཞེས་ཀྱང་བྱ་ལ་སྲེག་བྱེད་ཅེས་ཀྱང་བྱ་སྟེ། འབར་བ་དང་ཤིན་ཏུ་ཚ་བ་གང་ཡིན་
2197	verse-stanza	15		རྒྱུད་འགྱུར་བར་བྱེད་པའི་ཕྱིར་རོ། །↵དེ་གཉི་ག་ཡང་རྫས་བརྒྱད་པ་ཡིན་ནོ། །
2198	terminal-particle	60		བུད་ཤིང་ལ་བརྟེན་ནས་མེ་འབྱུང་བ་དེ་ཡང་དཔེར་ན་འོ་མ་ལ་བརྟེན་ནས་ཞོ་འབྱུང་བ་དང་། མངར་པ
2199	terminal-particle	27		གལ་ཏེ་དེ་ལྟར་ཕུང་པོ་རྣམས་ལ་བརྟེན་ནས་གང་ཟག་སྐྱེ་ན་ནི་དེ་དག་ལས་གཞན་པ་དང་མི་རྟག་པར་
2200	terminal-particle	55		འོན་ཏེ་ཤིང་ལ་སོགས་པ་འབར་བ་དེ་ཉིད་ལ་དྲོ་བ་ཉིད་ཡོད་པ་གང་ཡིན་པ་དེ་ནི་མེ་ཡིན་ལ། དེ་ད
2201	terminal-particle	45		ཇི་ལྟར་ན་བུད་ཤིང་དེ་རྒྱུར་བྱས་ནས་མེ་འདོགས་པར་བྱེད་པ་རྒྱུར་བྱས་པའི་དོན་ཡང་བརྗོད་ད
2202	terminal-particle	51		གལ་ཏེ་རྒྱུར་བྱས་པའི་དོན་རྟེན་གྱི་དོན་ནམ་ལྷན་ཅིག་འབྱུང་བའི་དོན་ཡིན་ནོ་ཞེ་ན་ནི། ཕུ
2203	terminal-particle	18		དེ་མེད་ན་གང་ཟག་མེད་པར་ཡང་འགྱུར་ཏེ། བུད་ཤིང་མེད་ན་མེ་མེད་པ་བཞིན་ནོ། །
2204	terminal-particle	63		གང་ཡང་བུད་ཤིང་ལས་མེ་གཞན་ཡིན་ན་ནི་བུད་ཤིང་དྲོ་བ་ཉིད་མ་ཡིན་པར་འགྱུར་རོ་ཞེས་སྨྲས་པ་
2205	terminal-particle	39		འོན་ཏེ་དྲོ་བ་ཉིད་དང་ལྡན་པ་ཡིན་ནོ་ཞེ་ན་ནི་དྲོ་བ་ཉིད་ཀྱི་རང་བཞིན་གྱི་མེ་ལས་གཞན་པ་ད
2206	terminal-particle	15		དེ་ལྟ་བས་ན་དོན་ཐ་དད་པ་ཉིད་ཡིན་ན་ཉེས་པ་མེད་དོ། །
2207	terminal-particle	34		འོན་ཏེ་ཤིང་ལ་སོགས་པ་འབར་བ་དེ་དག་ཐམས་ཅད་བུད་ཤིང་ཡང་ཡིན་ལ་མེ་ཡང་ཡིན་པར་འདོད་ན་ནི་ད
2208	terminal-particle	21		ཕུང་པོ་རྣམས་ཁོ་ན་ཡང་གང་ཟག་ཡིན་པས་གཞན་པ་མ་ཡིན་པ་ཉིད་མི་ལྡོག་པར་འགྱུར་རོ། །
2209	terminal-particle	33		དེ་ལྟ་བས་ན་ཇི་ལྟར་བུད་ཤིང་རྒྱུར་བྱས་ནས་མེ་འདོགས་པ་དེ་ལྟར་ཕུང་པོ་རྣམས་རྒྱུར་བྱས་ན
2210	terminal-particle	78		གལ་ཏེ་ཡང་འདི་ཕུང་པོ་རྣམས་ལས་གཞན་དུ་བརྗོད་པར་བྱ་བ་མ་ཡིན་ན། ཤེས་བྱ་ནི་རྣམ་པ་ལྔ་སྟེ
2211	terminal-particle	49		གང་གི་ཚེ་གང་ཟག་འདོགས་པ་ན་ཅི་རེ་ཞིག་ཕུང་པོ་རྣམས་དམིགས་ནས་འདོགས་སམ། འོན་ཏེ་གང་ཟག་ད
2212	terminal-particle	29		འོན་ཏེ་གང་ཟག་ན་ནི་འདི་ཇི་ལྟར་ན་ཕུང་པོ་རྣམས་རྒྱུར་བྱས་ནས་འདོགས་པ་ཡིན་ཏེ། གང་ཟག་ཁོ
2213	terminal-particle	60		འོན་ཏེ་ཕུང་པོ་རྣམས་ཡོད་ན་གང་ཟག་དམིགས་ཏེ། དེའི་ཕྱིར་ཕུང་པོ་རྣམས་རྒྱུར་བྱས་ནས་འདི་
2214	terminal-particle	40		རེ་ཞིག་འདི་ཡང་བརྗོད་པར་བྱ་སྟེ། རྣམ་པར་ཤེས་པ་དྲུག་རྣམས་ལས་གང་ཟག་རྣམ་པར་ཤེས་པ་གང་ག
2215	terminal-particle	60		ཇི་ལྟར་བྱས་པས་ཤེ་ན། གལ་ཏེ་མིག་གིས་རྣམ་པར་ཤེས་པར་བྱ་བའི་གཟུགས་རྣམས་ལ་བརྟེན་ནས། གང
2216	terminal-particle	58		དེ་བཞིན་དུ་ཡིད་ཀྱིས་རྣམ་པར་ཤེས་པར་བྱ་བའི་ཆོས་རྣམས་ཀྱི་བར་ལ་བརྟེན་ནས། གང་ཟག་དམིགས
2217	terminal-particle	75		དེ་ལྟ་ན་ནི་འོ་ན་འོ་མ་ལ་སོགས་པ་དང་འདྲ་བར་འགྱུར་ཏེ། གལ་ཏེ་མིག་གིས་རྣམ་པར་ཤེས་པར་བྱ
2218	terminal-particle	58		དེ་བཞིན་དུ་གལ་ཏེ་སྣ་དང་། ལྕེ་དང་། ལུས་ཀྱིས་རྣམ་པར་ཤེས་པར་བྱ་བ་མ་ཡིན་པར་བརྗོད་པར་
2219	terminal-particle	33		དེའི་ཕྱིར་ཇི་ལྟར་གཟུགས་ལ་སོགས་པའི་སྤྱི་ཁོ་ན་ལ། འོ་མ་འམ། ཆུ་ཞེས་འདོགས་པ་དེ་བཞིན་ད
2220	terminal-particle	55		གང་ཡང་མིག་གིས་རྣམ་པར་ཤེས་པར་བྱ་བའི་གཟུགས་རྣམས་ལ་བརྟེན་ནས་གང་ཟག་དམིགས་པར་བྱེད་ཅེས
2221	terminal-particle	60		གལ་ཏེ་གཟུགས་རྣམས་གང་ཟག་དམིགས་པའི་རྒྱུ་ཡིན་ལ་དེ་ཡང་དེ་དག་ལས་གཞན་དུ་བརྗོད་པར་མི་བྱ
2222	terminal-particle	55		འོན་ཏེ་གཟུགས་རྣམས་དམིགས་ན་གང་ཟག་དམིགས་སོ་ཞེ་ན་ནི་ཅི་དམིགས་པ་དེ་ཁོ་ནས་དམིགས་སམ། འ
2223	terminal-particle	28		འདི་ནི་གང་ཟག་གོ་ཞེས་བྱ་བ་འདི་ཡང་ཇི་ལྟར་ཡོངས་སུ་གཅོད། འོན་ཏེ་དེ་ལྟར་ཡོངས་སུ་མི་གཅ
2224	terminal-particle	26		གང་ཟག་ཀྱང་ཡོད་དོ་ཞེས་བྱ་བ་འདི་ཡང་ཇི་ལྟར་དམ་འཆའ་སྟེ། དམིགས་པའི་དབང་གིས་དེ་ཡོད་པར་
2225	terminal-particle	12		དེ་བཞིན་དུ་ཆོས་ཀྱི་བར་དག་ལ་ཡང་བརྗོད་པར་བྱའོ། །
2226	terminal-particle	37		འོན་ཏེ་གཞན་གྱིས་སོ་ཞེ་ན་ནི། དུས་ཐ་དད་དམིགས་པའི་ཕྱིར་གཟུགས་ལས་གཞན་ཡིན་པར་འགྱུར་ཏེ
2227	terminal-particle	12		དེ་བཞིན་དུ་ཆོས་ཀྱི་བར་དག་ལ་ཡང་བརྗོད་པར་བྱའོ། །
2228	terminal-particle	51		འོན་ཏེ་གཟུགས་དང་གང་ཟག་བཞིན་དུ་དེ་དག་དམིགས་པ་དག་ཀྱང་གཞན་དང་གཞན་མ་ཡིན་པ་ཉིད་དུ་བརྗ
2229	quote-open	49		གལ་ཏེ་ཡང་འདི་ཡོད་ལ་གཟུགས་རྣམས་ཞེས་ཀྱང་བརྗོད་པར་མི་བྱ། གཟུགས་རྣམས་མ་ཡིན་ནོ་ཞེས་ཀྱ
2230	terminal-particle	75		མིག་གི་རྣམ་པར་ཤེས་པ་གང་གིས་གང་ཟག་འདི་དམིགས་པ་དེ་ཅི་གཟུགས་ལ་བརྟེན་ནས་སྐྱེ་འམ། འོན
2231	terminal-particle	55		འོན་ཏེ་གང་ཟག་གམ། གཉི་ག་ལ་བརྟེན་ནས་སྐྱེའོ་ཞེ་ན། འདི་ནི་མདོ་ལས་ཐལ་བ་ཡིན་ཏེ། མདོ་ལས
2232	terminal-particle	6		རྐྱེན་ནི་གཟུགས་རྣམས་ཡིན་ནོ། །
2233	quote-close	30		དེ་ཅིའི་ཕྱིར་ཞེ་ན། མིག་གི་རྣམ་པར་ཤེས་པ་གང་ཅི་ཡང་རུང་བ་དེ་ཐམས་ཅད་ནི་མིག་དང་གཟུགས་
2234	quote-open	12		དེ་ལྟ་ན་ནི་གང་ཟག་མི་རྟག་པར་འགྱུར་ཏེ། མདོ་ལས།
2235	terminal-particle	32		མིག་གི་རྣམ་པར་ཤེས་པ་སྐྱེད་པ་ལ་རྒྱུ་གང་དག་ཡིན་པ་དང་། རྐྱེན་གང་ཡིན་པ་དེ་དག་ཀྱང་མི་
2236	terminal-particle	25		འོན་ཏེ་དེའི་དམིགས་པ་གང་ཟག་མ་ཡིན་ན་འོ་ན་ནི་དེས་རྣམ་པར་ཤེས་པར་བྱ་བ་མ་ཡིན་པར་འགྱུར་
2237	terminal-particle	48		གལ་ཏེ་ཡང་གང་ཟག་རྣམ་པར་ཤེས་པ་དྲུག་གིས་རྣམ་པར་ཤེས་པར་བྱ་བ་ཡིན་པར་དམ་འཆའ་ན་ནི་དེ་རྣ
2238	terminal-particle	25		མིག་གི་རྣམ་པར་ཤེས་པས་རྣམ་པར་ཤེས་པར་བྱ་བ་ཡིན་པའི་ཕྱིར་སྒྲ་ལས་གཞན་ཡིན་པར་འགྱུར་ཏེ་
2239	terminal-particle	10		དེ་བཞིན་དུ་གཞན་དག་ལ་ཡང་སྦྱར་བར་བྱའོ། །
2240	terminal-particle	78		བྲམ་ཟེ་དབང་པོ་ལྔ་པོ་འདི་དག་ནི་སྤྱོད་ཡུལ་ཐ་དད་པ་ཅན་ཡིན་ཞིང་ཡུལ་ཐ་དད་པ་ཅན་ཡིན་ཏེ། 
2241	terminal-particle	45		ཡིད་ཀྱི་དབང་པོ་ནི་དབང་པོ་ལྔ་པོ་འདི་དག་གི་སྤྱོད་ཡུལ་དང་ཡུལ་ཉམས་སུ་མྱོང་བ་ཡིན་ཞིང་
2242	terminal-particle	10		ཡང་ན་གང་ཟག་ཡུལ་མ་ཡིན་པར་འགྱུར་རོ། །
2243	terminal-particle	21		གལ་ཏེ་ཡུལ་མ་ཡིན་ནོ་ཞེ་ན། འོ་ན་ནི་རྣམ་པར་ཤེས་པར་བྱ་བ་མ་ཡིན་པར་འགྱུར་རོ། །
2244	quote-open	23		གལ་ཏེ་དེ་ལྟ་ན་ཡིད་ཀྱི་དབང་པོ་ཡང་འཁྲུལ་པ་མེད་པར་འགྱུར་ཏེ། སྲོག་ཆགས་དྲུག་པ་ལྟ་བུའི
2245	quote-close	36		དབང་པོ་དྲུག་པོ་འདི་དག་ནི་སྤྱོད་ཡུལ་ཐ་དད་པ་ཅན་ཡིན་ཞིང་ཡུལ་ཐ་དད་པ་ཅན་ཡིན་ཏེ། རང་རང
2246	terminal-particle	56		དེར་ནི་དབང་པོ་ཁོ་ན་ལ་དབང་པོ་ཡིན་པར་མ་གསུངས་ཀྱི་ལྔ་པོ་དང་དེ་དག་གི་རྣམ་པར་ཤེས་པ་རྣ
2247	terminal-particle	41		ཡིད་ཀྱི་དབང་པོ་འབའ་ཞིག་གིས་དྲངས་པའི་ཡིད་ཀྱི་རྣམ་པར་ཤེས་པ་གང་ཡིན་པ་དེ་ནི་དེ་ལས་གཞ
2248	quote-close	148		བཅོམ་ལྡན་འདས་ཀྱིས་ཀྱང་དགེ་སློང་དག་མངོན་པར་ཤེས་པར་བྱ་བ་དང་། ཡོངས་སུ་ཤེས་པར་བྱ་བའི
2249	terminal-particle	57		དེའི་ཕྱིར་མངོན་པར་ཤེས་པར་བྱ་བ་དང་། ཡོངས་སུ་ཤེས་པར་བྱ་བ་ནི་དེ་སྙེད་ཅིག་ཡིན་པར་ངེས
2250	terminal-particle	36		གང་ཟག་པ་རྣམས་མིག་གིས་གང་ཟག་བལྟའོ་ཞེས་གང་ཟག་ལྟ་བ་ནི་བདག་མེད་པས་བདག་བལྟའོ་ཞེས་བྱ་བ
2251	quote-open	7		བཅོམ་ལྡན་འདས་ཀྱིས་ཀྱང་མདོ་ལས།
2252	terminal-particle	16		ཕུང་པོ་རྣམས་ཁོ་ན་ལ་གང་ཟག་ཅེས་བྱའོ་ཞེས་འདི་ངེས་པར་མཛད་དོ། །
2253	terminal-particle	21		ངེས་པའི་དོན་གྱི་མདོ་ལས་ཀྱང་། མིག་དང་གཟུགས་རྣམས་ལ་བརྟེན་ནས་མིག་གི་རྣམ་པར་ཤེས་པ་སྐ
2254	terminal-particle	6		གསུམ་འདུས་པས་ནི་རེག་པའོ། །
2255	terminal-particle	42		ལྷན་ཅིག་སྐྱེས་པས་ནི་ཚོར་བ་དང་འདུ་ཤེས་དང་སེམས་པ་དག་སྟེ། དེ་ལྟར་ན་གཟུགས་ཅན་མ་ཡིན་པ
2256	terminal-particle	32		འདི་ལ་སེམས་ཅན་དང་། མིང་དང་ཤེད་ལས་སྐྱེས་དང་། ཤེད་བུ་དང་། གསོ་བ་དང་། གང་ཟག་དང་། སྲ
2257	terminal-particle	19		འདི་ལ་བདག་གིས་མིག་གི་གཟུགས་རྣམས་བལྟའོ་ཞེས་བྱ་བ་འདི་ནི་ཁས་འཆེ་བ་ཡིན་ནོ། །
2258	terminal-particle	67		འདི་ལ་ནི་འདི་ལྟར་ཚེ་དང་ལྡན་པ་དེའི་མིང་ནི་འདི་ཞེས་བྱ། རིགས་ནི་འདི་ཞེས་བྱ། རུས་ནི་
2259	quote-close	46		དགེ་སློང་དག་དེ་ལྟར་ན་འདི་དག་ནི་མིང་ཙམ། འདི་དག་ཁས་འཆེ་བ་ཙམ། འདི་དག་ནི་ཐ་སྙད་ཙམ་སྟ
2260	terminal-particle	30		བཅོམ་ལྡན་འདས་ཀྱིས་ཀྱང་ངེས་པའི་དོན་གྱི་མདོ་ལ་བརྟེན་པར་གསུངས་ཏེ། དེ་ལྟ་བས་ན་འདི་ནི
2261	terminal-particle	27		དེ་བཞིན་དུ་བྲམ་ཟེ་ཐམས་ཅད་ཡོད་དོ་ཞེས་བྱ་བ་ནི་འདི་ལྟ་སྟེ། སྐྱེ་མཆེད་བཅུ་གཉིས་དག་ཏུ
2262	terminal-particle	22		གལ་ཏེ་གང་ཟག་འདི་སྐྱེ་མཆེད་མ་ཡིན་ན་ནི་དེ་ཡོད་པ་མ་ཡིན་ནོ་ཞེས་བྱ་བར་གྲུབ་བོ། །
2263	terminal-particle	17		འོན་ཏེ་སྐྱེ་མཆེད་ཡིན་ནོ་ཞེ་ན། འོ་ན་ནི་བརྗོད་པར་བྱ་བ་མ་ཡིན་ནོ། །
2264	terminal-particle	43		དེ་དག་གི་ལྟར་ན་ཡང་འདི་སྐད་དུ་དགེ་སློང་མི་ཇི་སྙེད་པ་དང་། གཟུགས་ཇི་སྙེད་པ་ཞེས་བྱ་བ
2265	terminal-particle	10		ཐམས་ཅད་བརྟགས་སོ་ཞེས་གསུངས་སོ་ཞེས་འདོན་ཏོ། །
2266	terminal-particle	62		གཟུགས་ཅན་སྙིང་པོའི་མདོ་ལས་ཀྱང་། དགེ་སློང་དག་བདག་དང་བདག་གི་ཞེས་བྱ་བ་ནི་བྱིས་པ་སོ་
2267	line-end	10		དགྲ་བཅོམ་པ་དྲུག་གིས་ཀྱང་བདུད་ལས་བརྩམས་ནས།
2268	verse-stanza	25		སེམས་ཅན་ཞེས་བྱ་བདུད་ཅི་སེམས། །↵ཁྱོད་ནི་ལྟ་བར་གྱུར་པ་ཡིན། །↵འདུ་བྱེད་ཕུང་པོ་འདི་ས
2269	verse-stanza	24		ཇི་ལྟར་ཡན་ལག་ཚོགས་རྣམས་ལ། །↵ཤིང་རྟའི་མིང་དུ་བཤད་པ་ལྟར། །↵དེ་བཞིན་ཕུང་པོ་རྣམས་བརྟ
2270	quote-close	3		ཞེས་བཤད་དོ། །
2271	line-end	15		ལུང་ཕྲན་ཚེགས་ལས་ཀྱང་། བྲམ་ཟེ་རྒྱ་ཤུག་གི་བུའི་དབང་དུ་བྱས་ནས།
2272	verse-stanza	26		ཇི་ལྟར་སེམས་ནི་ཀུན་ཉོན་མོངས། །↵ཇི་ལྟར་སེམས་ནི་རྣམ་བྱང་དང་། །↵མདུད་པ་ཐམས་ཅད་འཇིག་
2273	verse-stanza	25		བདག་ཉིད་ཀྱིས་ནི་བདག་མེད་དེ། །↵ཕྱིན་ཅི་ལོག་གིས་རྟོགས་པར་བྱེད། །↵འདི་ལ་བདག་གམ་སེམས
2274	verse-stanza	26		སྲིད་པའི་ཡན་ལག་བཅུ་གཉིས་དང་། །↵ཕུང་པོ་སྐྱེ་མཆེད་ཁམས་རྣམས་ཏེ། །↵རྣམ་པར་བསམས་ན་འདི
2275	verse-stanza	25		ནང་གི་སྟོང་པ་ཡིན་པར་ལྟོས། །↵ཕྱི་རོལ་གནས་པ་སྟོང་པར་ལྟོས། །↵རང་བཞིན་སྟོང་པ་ཉིད་བསྒ
2276	quote-close	3		ཞེས་གསུངས་སོ། །
2277	terminal-particle	13		དེ་བཞིན་དུ་བདག་ཏུ་དམིགས་པ་ལ་ཉེས་དམིགས་ལྔ་ཡོད་དོ། །
2278	quote-close	71		བདག་ཏུ་ལྟ་བ་དང་སེམས་ཅན་དུ་ལྟ་བ་དང་། སྲོག་ཏུ་ལྟ་བར་འགྱུར། མུ་སྟེགས་ཅན་རྣམས་དང་ཁྱད
2279	terminal-particle	12		དེ་དག་ནི་གཞུང་འདི་ཚད་མར་མི་བྱེད་པ་ཉིད་དོ། །
2280	terminal-particle	16		ཅིའི་ཕྱིར་ཞེ་ན། འདི་ཁོ་བོ་ཅག་གི་སྡེ་པ་མི་འདོན་ཏོ་ཞེས་ཟེར་རོ། །
2281	terminal-particle	77		ཅི་དེ་དག་ལ་སྡེ་པ་ཁོ་ན་ཚད་མ་ཡིན་ནམ། འོན་ཏེ་སངས་རྒྱས་ཀྱི་བཀའ་ཚད་མ་ཡིན། གལ་ཏེ་སྡེ་པ
2282	terminal-particle	22		དེ་ཅིའི་ཕྱིར་ཞེ་ན་ནི། ཁོ་བོ་ཅག་གི་སྡེ་པ་མི་འདོན་པའི་ཕྱིར་རོ་ཞེས་ཟེར་རོ་ཞེས་གྲག་ག
2283	terminal-particle	9		འདི་ནི་མི་རིགས་པར་ཞུགས་པ་ཡིན་ནོ། །
2284	terminal-particle	54		འདིར་མི་རིགས་པ་གང་ཞིག་ཡིན་ཞེ་ན། གཞུང་གང་ཞིག་སྡེ་པ་གཞན་ཐམས་ཅད་ལས་འབྱུང་ལ་མདོ་དང་།
2285	terminal-particle	71		གཞན་ཡང་དེ་དག་ལ་ཆོས་ཐམས་ཅད་ནི་བདག་མེད་པའོ་ཞེས་བྱ་བའི་མདོ་འདི་ཡང་མེད་དམ། གང་ཟག་ནི་
2286	terminal-particle	56		བདག་མེད་པ་ལ་བདག་གོ་སྙམ་དུ་འདུ་ཤེས་ཕྱིན་ཅི་ལོག་པ་དང་། སེམས་ཕྱིན་ཅི་ལོག་པ་དང་། ལྟ་
2287	terminal-particle	16		བདག་མེད་པ་ཡང་གང་ཞིག་ཡིན། ཕུང་པོ་དང་སྐྱེ་མཆེད་དང་། ཁམས་རྣམས་ཡིན་ནོ། །
2288	terminal-particle	11		རེ་ཞིག་སྔར་གཟུགས་རྣམས་ཞེས་ཀྱང་བརྗོད་པར་མི་བྱའོ། །
2289	terminal-particle	19		གཟུགས་རྣམས་མ་ཡིན་ཞེས་ཀྱང་བརྗོད་པར་མི་བྱའོ་ཞེས་སྨྲས་པ་གང་ཡིན་པ་ནི་བསལ་ཏོ། །
2290	quote-open	3		མདོ་གཞན་ལས།
2291	terminal-particle	58		དགེ་སློང་དག་དགེ་སྦྱོང་ངམ་བྲམ་ཟེ་གང་ལ་ལ་བདག་གོ་སྙམ་དུ་རྗེས་སུ་ལྟ་བ་དེ་དག་ཐམས་ཅད་ན
2292	quote-close	47		དེ་བཞིན་དུ་གང་ལ་སྔོན་གྱི་གནས་རྣམ་པ་དུ་མ་རྗེས་སུ་དྲན་པར་གྱུར་ཏམ། རྗེས་སུ་དྲན་ནམ། 
2293	quote-open	25		གལ་ཏེ་དེ་ལྟ་ན་ནི་ཅིའི་ཕྱིར་བདག་ནི་འདས་པའི་དུས་ན་གཟུགས་འདི་ལྟ་བུ་དང་ལྡན་པར་གྱུར་ཏ
2294	terminal-particle	21		གང་དག་དེ་ལྟར་རྣམ་པ་དུ་མ་རྗེས་སུ་དྲན་པ་ཞེས་བྱ་བ་རབ་ཏུ་སྟོན་པར་བྱེད་དོ། །
2295	terminal-particle	32		གལ་ཏེ་གང་ཟག་གཟུགས་དང་ལྡན་པར་ལྟ་བར་གྱུར་ན་འཇིག་ཚོགས་ལ་ལྟ་བར་ཐལ་བར་འགྱུར་བས་འདི་ལ་
2296	terminal-particle	21		དེ་ལྟ་བས་ན་གང་ཟག་ནི་བཏགས་པའི་ཡོད་པ་ཡིན་ཏེ། ཕུང་པོ་དང་རྒྱུན་ལ་སོགས་པ་བཞིན་ནོ། །
2297	terminal-particle	53		གལ་ཏེ་དེ་ལྟར་ན་འོ་ན་ནི་སངས་རྒྱས་ཐམས་ཅད་མཁྱེན་པ་མ་ཡིན་པར་འགྱུར་ཏེ། ཐམས་ཅད་ཤེས་པར་
2298	terminal-particle	29		དེ་ལྟ་ན་ནི་འོ་ན་སེམས་འཇིག་པ་ན་གང་ཟག་མི་འཇིག་པར་ཁས་བླངས་པའི་ཕྱིར་འདི་རྟག་པ་ཉིད་དུ
2299	terminal-particle	25		ཁོ་བོ་ཅག་ནི་ཐམས་ཅད་མཁྱེན་པ་མངོན་སུམ་དུ་གྱུར་པའི་ཕྱིར་སངས་རྒྱས་ཐམས་ཅད་མཁྱེན་པ་ཡིན
2300	terminal-particle	45		འོ་ན་ཇི་ལྟ་བུ་ཞེ་ན། མཐུ་ཡོད་པའི་ཕྱིར་ཏེ། སངས་རྒྱས་ཞེས་བྱ་བའི་རྒྱུད་གང་ཡིན་པ་དེ་ལ
2301	line-end	3		འདིར་སྨྲས་པ།
2302	verse-stanza	25		རྒྱུན་གྱིས་སྤྱོད་པའི་ཕྱིར་ན་དཔེར། །↵མེ་ཡིས་ཐམས་ཅད་སྲེག་འདོད་ལྟ། །↵དེ་བཞིན་ཐམས་ཅད
2303	line-end	16		འདི་ཇི་ལྟར་ཁོང་དུ་ཆུད་ཅེ་ན། འདས་པ་ལ་སོགས་པ་གསུངས་པའི་ཕྱིར་ཏེ།
2304	verse-stanza	27		རྫོགས་སངས་རྒྱས་འདས་གང་དག་དང་། །↵སངས་རྒྱས་མ་བྱོན་གང་དག་དང་། །↵ད་ལྟའི་རྫོགས་སངས་རྒ
2305	quote-close	3		ཞེས་གསུངས་སོ། །
2306	terminal-particle	21		ཁྱེད་ཅག་ཀྱང་ཕུང་པོ་རྣམས་ཁོ་ན་དུས་གསུམ་པ་ཡིན་པར་འདོད་ཀྱི་གང་ཟག་ནི་མ་ཡིན་ནོ། །
2307	terminal-particle	22		གལ་ཏེ་ཕུང་པོ་རྣམས་ཁོ་ན་གང་ཟག་ཡིན་ན་ཅིའི་ཕྱིར་དགེ་སློང་དག་ཁྱེད་ལ་ཁུར་ཡང་བསྟན་ཏོ། 
2308	quote-open	16		ཁུར་ལེན་པ་དང་། ཁུར་འདོར་བ་དང་། ཁུར་ཁྱེར་བ་ཡང་བསྟན་གྱི་ཞེས་གསུངས།
2309	terminal-particle	28		ཅིའི་ཕྱིར་གསུངས་པར་མི་བྱ། ཁུར་ཉིད་ཁུར་ཁྱེར་བ་ཡིན་པར་ནི་རིགས་པ་མ་ཡིན་ཏེ། ཅིའི་ཕྱི
2310	terminal-particle	23		བརྗོད་པར་བྱ་བ་མ་ཡིན་པ་ཡང་རིགས་པ་མ་ཡིན་ཏེ། ཅིའི་ཕྱིར་ཞེ་ན། དེ་ལྟ་བུ་མི་སྣང་བའི་ཕྱ
2311	terminal-particle	14		ཁུར་ལེན་པ་ཡང་ཕུང་པོས་མ་བསྡུས་པར་ཡང་ཐལ་བར་འགྱུར་རོ། །
2312	terminal-particle	97		ཁུར་ཁྱེར་བ་ནི་བཅོམ་ལྡན་འདས་ཀྱིས་ཅི་ནས་ཚེ་དང་ལྡན་པ་མིང་འདི་ཞེས་བྱ་བ་ནས་ཡུན་ནི་འདི
2313	quote-close	28		གང་ཟག་ནི་ཡོད་པ་ཉིད་དེ། འདི་ལྟར་སེམས་ཅན་སྐྱེ་བ་པ་མེད་དོ་ཞེས་ཟེར་བ་ནི་ལོག་པར་ལྟ་བ་
2314	terminal-particle	22		སེམས་ཅན་སྐྱེ་བ་པ་མེད་དོ་ཞེས་སུ་ཟེར། ཇི་ལྟར་བཅོམ་ལྡན་འདས་ཀྱིས་རྣམ་པར་ཕྱེ་བ་ལྟར་ཡོ
2315	terminal-particle	3		ཞེས་ཟེར་རོ། །
2316	terminal-particle	52		དེ་ལྟ་བས་ན་འདི་ནི་གང་ཞིག་ཕ་རོལ་དུ་སྐྱེ་བ་པ་སེམས་ཅན་ཞེས་བྱ་བ་ཕུང་པོའི་རྒྱུན་ལ་སེམ
2317	terminal-particle	61		གང་ཟག་ལ་སྐུར་པ་འདེབས་པ་འདི་ལོག་པར་ལྟ་བ་ཡིན་ན་ཡང་ཅི་ཞིག་གིས་སྤང་བར་བྱ་བར་འགྱུར། འ
2318	terminal-particle	62		གལ་ཏེ་འཇིག་རྟེན་ན་ཡང་གང་ཟག་གཅིག་པུ་སྐྱེ་བ་ན་སྐྱེའོ་ཞེས་གསུངས་པའི་ཕྱིར་ཕུང་པོ་རྣམ
2319	terminal-particle	26		ཡང་ན་གང་ཟག་འདུས་བྱས་ཡིན་ནོ་ཞེས་བྱ་བར་བརྗོད་པར་བྱ་སྟེ། སྐྱེ་བ་དང་ལྡན་པ་ཉིད་དུ་ཁས་
2320	terminal-particle	21		དེ་ནི་ཇི་ལྟར་ཕུང་པོ་རྣམས་སྔོན་མེད་པ་ལས་བྱུང་བ་དེ་ལྟར་སྐྱེ་བ་ནི་མ་ཡིན་ནོ། །
2321	terminal-particle	24		འོ་ན་ཇི་ལྟ་བུ་ཞེ་ན། ཕུང་པོ་གཞན་ལེན་པའི་ཕྱིར་ཏེ། དཔེར་ན་རིག་པ་བླངས་པའི་ཕྱིར་མཆོད་
2322	line-end	11		བརྡ་སྤྲོད་པ་པ་སྐྱེས་སོ་ཞེས་བྱ་བ་དང་།
2323	verse-stanza	34		རྟགས་བླངས་པའི་ཕྱིར་དགེ་སློང་སྐྱེས་སོ། །↵ཀུན་དུ་རྒྱུ་སྐྱེས་སོ་ཞེས་བྱ་བ་དང་།↵གནས་ས
2324	terminal-particle	6		མ་ཡིན་ཏེ། བཀག་པའི་ཕྱིར་རོ། །
2325	line-end	15		བཅོམ་ལྡན་འདས་ཀྱིས་དོན་དམ་པ་སྟོང་པ་ཉིད་ཀྱི་མདོ་ཁོ་ན་ལས།
2326	verse-stanza	13		དགེ་སློང་དག་ལས་ནི་ཡོད་དོ། །↵རྣམ་པར་སྨིན་པ་ནི་ཡོད་དོ། །
2327	quote-close	38		ཆོས་སུ་བརྡར་བཏགས་པ་མ་གཏོགས་པ་གང་ཞིག་ཕུང་པོ་འདི་རྣམས་འདོར་བར་བྱེད་ཅིང་ཕུང་པོ་གཞན་
2328	terminal-particle	38		དབོ་ལས་སྐྱེས་ཀྱི་མདོ་ལས་ཀྱང་། དབོ་ལས་སྐྱེས་ལེན་ཅེས་མི་སྨྲའོ་ཞེས་གསུངས་ཏེ། དེ་ལྟ་
2329	terminal-particle	30		རེ་ཞིག་ཁྱོད་མཆོད་སྦྱིན་པ་ནས་རྒ་བའི་བར་གང་གི་དབང་དུ་བྱས་ནས་དཔེར་བྱེད། གལ་ཏེ་གང་ཟག
2330	terminal-particle	31		འོན་ཏེ་སེམས་དང་སེམས་ལས་བྱུང་བ་རྣམས་ཡིན་ནོ་ཞེ་ན་ནི་དེ་དག་སྐད་ཅིག་རེ་རེ་ལ་སྔོན་མེད
2331	terminal-particle	31		འོན་ཏེ་ལུས་ཡིན་ནོ་ཞེ་ན། དེ་ཡང་དེ་དང་འདྲ་ལ། ལུས་དང་། རིག་པ་དང་། རྟགས་བཞིན་དུ་ཕུང་
2332	terminal-particle	12		རྒ་བ་དང་ན་བ་ཡང་ལུས་གཞན་ཁོ་ན་ཡིན་ནོ། །
2333	terminal-particle	11		གྲངས་ཅན་པའི་འགྱུར་བར་སྨྲ་བ་ནི་བཀག་ཟིན་ཏོ། །
2334	terminal-particle	12		དེ་ལྟ་བས་ན་འདི་དག་ནི་དཔེ་ངན་པ་ཡིན་ནོ། །
2335	terminal-particle	40		གལ་ཏེ་ཡང་ཕུང་པོ་རྣམས་ནི་སྔོན་མེད་པ་ལས་སྐྱེས་པ་ཡིན་ལ། གང་ཟག་ནི་མ་ཡིན་པར་འདོད་ན་ནི
2336	terminal-particle	4		ཕུང་པོ་ནི་ལྔའོ། །
2337	terminal-particle	48		གང་ཟག་ནི་གཅིག་གོ་ཞེས་སྨྲ་བས་ཇི་ལྟར་ན་གཞན་ཉིད་དུ་མི་བརྗོད། རེ་ཞིག་ཇི་ལྟར་ན་འབྱུང་
2338	terminal-particle	10		ཕྱོགས་གང་ལ་ཞེ་ན། འབྱུང་བ་ཙམ་པའི་ཕྱོགས་ལའོ། །
2339	terminal-particle	27		དེ་ལྟ་ན་ཡང་ཇི་ལྟར་འབྱུང་བ་ཙམ་གཟུགས་ཡིན་པ་དེ་བཞིན་དུ་ཕུང་པོ་ཙམ་གང་ཟག་ཡིན་པར་ཁས་བླ
2340	terminal-particle	53		གལ་ཏེ་ཕུང་པོ་ཙམ་གང་ཟག་ཡིན་ན་ཅིའི་ཕྱིར་བཅོམ་ལྡན་འདས་ཀྱིས་སྲོག་དེ་ཉིད་ལུས་ཡིན་པའམ།
2341	terminal-particle	33		དེ་ཡང་འགའ་ཡང་མེད་ན་འདི་ཇི་ལྟར་གཞན་ཉིད་དམ་གཞན་མ་ཡིན་པ་ཉིད་ལུང་བསྟན་པར་བྱ་སྟེ། རུས
2342	terminal-particle	38		མདུད་པ་འདི་ནི་སྔ་མ་དག་ཁོ་ནས་ཀྱང་བཀྲོལ་ཟིན་ཏེ། རྒྱལ་པོ་དེས་འདུ་སྦྱིན་གནས་བརྟན་ཀླུ
2343	terminal-particle	18		གལ་ཏེ་གང་དྲིས་པ་དེ་ཉིད་ལན་འདེབས་ན་བདག་འདྲི་བར་འཚལ་ལོ་ཞེས་སྨྲས་སོ། །
2344	terminal-particle	24		དྲིར་གསོལ་ཞེས་སྨྲས་པ་དག་ཅི་ལགས། སྲོག་དེ་ཉིད་ལུས་ལགས་སམ། སྲོག་ཀྱང་གཞན་ལགས་ལ་ལུས་ཀ
2345	quote-open	55		གནས་བརྟན་གྱིས་འདི་ནི་ལན་མི་གདགས་པ་ཡིན་ནོ་ཞེས་སྨྲས་པ་དང་། དེས་སྨྲས་པ། བདག་གིས་སྔ་
2346	terminal-particle	18		གནས་བརྟན་གྱིས་སྨྲས་པ། རྒྱལ་པོ་ཆེན་པོ་རྒྱལ་པོ་རྣམས་ནི་སྨྲ་བ་མང་བ་ལགས་སོ། །
2347	terminal-particle	17		གལ་ཏེ་གང་དྲིས་པ་དེ་ཉིད་ལན་འདེབས་ན་བདག་ཀྱང་འདྲི་བར་འཚལ་ལགས་སོ། །
2348	terminal-particle	36		དྲིར་གསོལ་ཞེས་སྨྲས་པ་དང་། ཁྱོད་ཀྱི་སླས་ལ་ཤིང་ལྗོན་པ་ཨ་མྲ་འབྲས་བུ་ཡོད་པ་གང་ཡིན་པ་
2349	terminal-particle	17		བདག་གི་སླས་ལ་ཤིང་ལྗོན་པ་ཨ་མྲ་ཉིད་འགའ་ཡང་མེད་དོ་ཞེས་སྨྲས་སོ། །
2350	quote-open	40		བདག་གིས་སྔ་ནས་རྒྱལ་པོ་ཆེན་པོ་གཞན་ལུང་བསྟན་པར་མི་བྱའོ་ཞེས་དམ་འཆར་གསོལ་བ་མ་ལགས་སམ།
2351	terminal-particle	59		དེས་སྨྲས་པ། ཇི་ལྟར་ན་ཤིང་ལྗོན་པ་མེད་པའི་འབྲས་བུ་རྣམས་སྐྱུར་བའམ་མངར་བ་ཉིད་དུ་ལུང་
2352	line-end	51		ཅིའི་ཕྱིར་བཅོམ་ལྡན་འདས་ཀྱིས་ཀྱང་མེད་པ་ཁོ་ནའོ་ཞེས་མ་གསུངས་ཤེ་ན། དྲི་བ་པོའི་བསམ་པ་
2353	verse-stanza	19		རྟེན་ཅིང་འབྲེལ་པར་འབྱུང་བ་མི་ཤེས་པའི་ཕྱིར་རོ། །↵དེ་ནི་དེ་བསྟན་པ་ཡང་མི་བཟོད་དོ། །
2354	terminal-particle	128		འདི་ནི་བཅོམ་ལྡན་འདས་ཀྱིས་ཀུན་དགའ་བོ་ཀུན་དུ་རྒྱུ་གནས་པ་དང་། རུས་མཐུན་པས་དྲི་བ་དྲི
2355	line-end	34		ཀུན་དགའ་བོ་བདག་མེད་ཅེས་བྱ་བ་ནི་ཆད་པའི་མཐར་འགྱུར་རོ་ཞེས་རྒྱས་པར་གསུངས་པ་གང་ཡིན་པ་
2356	verse-stanza	26		ལྟ་བའི་མཆེ་བས་སྨྲས་པ་དང་། །↵ལས་རྣམས་འཇིག་པ་ལ་ལྟོས་ནས། །↵སྟག་མོས་ཕྲུ་གུ་ཁྱེར་བ་ལྟ
2357	verse-stanza	25		བདག་ཡོད་ཉིད་དུ་ཁས་བླངས་ནས། །↵ལྟ་བའི་མཆེ་བས་སྨས་པར་གྱུར། །↵ཀུན་རྫོབ་རྟོག་པར་མ་གྱུ
2358	line-end	9		ཡང་སྨྲས་པ། མེད་ཕྱིར་བཅོམ་ལྡན་འདས་ཀྱིས་སྲོག །
2359	verse-stanza	25		དེ་ཉིད་གཞན་དུ་མ་གསུངས་སོ། །↵བརྟགས་པའང་མེད་དུ་འགྱུར་འོང་བས། །↵མེད་དོ་ཞེས་ཀྱང་མ་གས
2360	verse-stanza	25		མི་དགེའི་འབྲས་བུ་ཡོད་པ་ཉིད། །↵དེ་ལ་སྲོག་ཅེས་བྱ་སྟེ་དེ། །↵སྲོག་མིང་བསྟན་པས་མེད་པར
2361	verse-stanza	25		བཏགས་ཙམ་ཞེས་ཀྱང་མ་གསུངས་ཏེ། །↵དེ་ཚེའི་སྐྱེ་བོ་དེ་འདྲ་སྟེ། །↵སྟོང་ཉིད་རྟོགས་པའི་ས
2362	verse-stanza	19		མེད་ཅེས་དྲི་བ་འདྲི་བ་ཡི། །↵བསམ་པ་ལ་ལྟོས་མ་གསུངས་ཏེ། །↵ཡོད་ན་ཅི་ཕྱིར་ཡོད་མི་གསུངས
2363	terminal-particle	50		འཇིག་རྟེན་རྟག་ཅེས་བྱ་བ་ལ་སོགས་པ་ཡང་འདྲི་བ་པོའི་བསམ་པ་ལ་ལྟོས་ནས་ལུང་མ་བསྟན་ཏེ། རེ
2364	terminal-particle	35		འོན་ཏེ་འཇིག་རྟེན་འཁོར་བ་ཐམས་ཅད་ཡིན་ནོ་ཞེ་ན་ནི་དེ་ཡང་རིགས་པ་མ་ཡིན་ཏེ། འཇིག་རྟེན་ར
2365	terminal-particle	10		མི་རྟག་ན་ནི་ཐམས་ཅད་ཆད་པར་འགྱུར་རོ། །
2366	terminal-particle	26		གཉི་ག་ལྟར་ཡིན་ན་ནི་ཁ་ཅིག་ནི་ངེས་པར་ཡོངས་སུ་མྱ་ངན་ལས་འདའ་བར་འགྱུར་ལ་ཁ་ཅིག་ནི་མི་འ
2367	terminal-particle	32		གཉི་ག་ལྟར་མ་ཡིན་ན་ནི་ཡོངས་སུ་མྱ་ངན་ལས་འདའ་བ་ཡང་མ་ཡིན། ཡོངས་སུ་མྱ་ངན་ལས་མི་འདའ་བ་
2368	terminal-particle	37		དེའི་ཕྱིར་ཡོངས་སུ་མྱ་ངན་ལས་འདའ་བ་ནི་ལམ་ལ་རག་ལུས་པའི་ཕྱིར་རྣམ་པ་བཞི་ཆར་ཡང་ངེས་པར་
2369	terminal-particle	29		དེ་ཉིད་ཀྱི་ཕྱིར་འཇིག་རྟེན་མཐའ་དང་ལྡན་ཞེས་བྱ་བ་ལ་སོགས་པ་རྣམ་པ་བཞི་ཡང་ལུང་མ་བསྟན་ཏ
2370	terminal-particle	70		འདི་ལྟར་ཀུན་དུ་རྒྱུ་སྨྲ་བྱེད་ཀྱིས་བཞི་ཚན་འདི་ཞུས་ནས་ཡང་ཅི་ལགས། འཇིག་རྟེན་ཐམས་ཅད་
2371	terminal-particle	44		དེ་བཞིན་འོངས་པ་ཤི་ཕན་ཆད་ཡོད་དམ་ཞེས་བྱ་བ་བཞི་ཚན་འདི་ཡང་དྲི་བ་པོའི་བསམ་པ་ལ་ལྟོས་ནས
2372	terminal-particle	43		གང་ཟག་པ་རྣམས་ལ་བརྒལ་ཞིང་བརྟག་པར་བྱ་སྟེ། བཅོམ་ལྡན་འདས་ཀྱིས་ཅིའི་ཕྱིར་གང་ཟག་གསོན་པ
2373	terminal-particle	66		འོ་ན་ནི་ཅིའི་ཕྱིར་བྱམས་པ་ཁྱོད་མ་འོངས་པའི་དུས་ན་དེ་བཞིན་གཤེགས་པ་དགྲ་བཅོམ་པ་ཡང་དག་
2374	terminal-particle	43		གལ་ཏེ་ཡང་བཅོམ་ལྡན་འདས་ཀྱིས་གང་ཟག་སྔར་གཟིགས་ལ་ཡོངས་སུ་མྱ་ངན་ལས་འདས་ནས་ཀྱང་མི་གཟིག
2375	terminal-particle	13		ཡང་ན་ནི་དེ་མེད་དོ་ཞེས་ཁས་བླང་བར་བྱ་དགོས་སོ། །
2376	terminal-particle	23		འོན་ཏེ་གཟིགས་ན་ནི་མ་གསུངས་བཞིན་དུ་ཡང་དེ་ཡོད་པ་དང་རྟག་པ་ཞེས་བྱ་བར་གྲུབ་པ་ཡིན་ནོ། 
2377	terminal-particle	72		འོན་ཏེ་གཟིགས་སམ་མི་གཟིགས་ཞེས་བྱ་བ་འདི་ཡང་བརྗོད་པར་མི་བྱ་བ་ཡིན་ན། དེ་ལྟ་ན་ནི་འོ་ན
2378	terminal-particle	51		ཡོད་དོ་སྙམ་པ་ཡང་ལྟ་བའི་གནས་སུ་གསུངས་ཏེ། དེ་ལྟ་བས་ན་འདི་ནི་ཁུངས་སུ་མི་རུང་ངོ་། །ཆ
2379	quote-open	12		དེ་ཁོ་ན་བཞིན་དུ་རིགས་ཏེ་གནས་མ་བུའི་མདོ་ལས།
2380	terminal-particle	13		ཀུན་དགའ་བོ་བདག་ཡོད་ཅེས་བྱ་བ་ནི་རྟག་པར་འགྱུར་རོ། །
2381	terminal-particle	18		ཀུན་དགའ་བོ་བདག་མེད་ཅེས་བྱ་བ་ནི་ཆད་པར་འགྱུར་རོ་ཞེས་གསུངས་པའི་ཕྱིར་རོ། །
2382	terminal-particle	21		གལ་ཏེ་ཡང་གང་ཟག་མེད་ན་འཁོར་བ་འདི་སུའི་ཡིན། འཁོར་བ་ཉིད་འཁོར་བར་རིག་པ་མ་ཡིན་ནོ། །
2383	quote-close	23		བཅོམ་ལྡན་འདས་ཀྱིས་ཀྱང་སེམས་ཅན་མ་རིག་པའི་སྒྲིབ་པ་ཅན་ཀུན་དུ་རྒྱུ་བ་རྣམས་འཁོར་རོ་ཞེ
2384	terminal-particle	16		ཡང་གང་ཟག་ཇི་ལྟར་འཁོར་ཕུང་པོ་གཞན་འདོར་བ་དང་། ལེན་པའི་ཕྱིར་རོ། །
2385	terminal-particle	7		ཕྱོགས་འདི་ནི་ལན་བཏབ་ཟིན་ཏོ། །
2386	terminal-particle	32		ཇི་ལྟར་མེ་སྐད་ཅིག་མ་ཡིན་ཡང་རྒྱུན་གྱིས་དྲོ་བ་དེ་བཞིན་དུ་སྲེད་པ་ཉེ་བར་ལེན་པ་ཅན་སེམ
2387	quote-close	33		གལ་ཏེ་འདི་ཕུང་པོ་ཙམ་ཡིན་ན་ཅིའི་ཕྱིར་བཅོམ་ལྡན་འདས་ཀྱིས་ང་ཉིད་དེའི་ཚེ་དེའི་དུས་ན་མ
2388	terminal-particle	13		ཅིའི་ཕྱིར་གསུང་བར་མི་འགྱུར། ཕུང་པོ་རྣམས་གཞན་ཡིན་པའི་ཕྱིར་རོ། །
2389	terminal-particle	14		འོ་ན་ཅི་དེ་ཉིད་གང་ཟག་ཡིན་ན་ནི་རྟག་པར་འགྱུར་རོ། །
2390	terminal-particle	37		དེ་ལྟ་བས་ན་ང་ཉིད་དེ་ཡིན་ནོ་ཞེས་བྱ་བ་ནི་རྒྱུད་གཅིག་པ་ཉིད་དུ་སྟོན་པར་མཛད་པ་ཡིན་ཏེ།
2391	terminal-particle	25		གལ་ཏེ་ཡང་བདག་དེ་ཡོད་པར་གྱུར་ན་དེ་བཞིན་གཤེགས་པ་རྣམས་ཀྱིས་ཤིན་ཏུ་གསལ་བ་ཁོ་ནར་གཟིགས
2392	terminal-particle	13		གཟིགས་ན་ཡང་བདག་ཏུ་འཛིན་པ་ཤིན་ཏུ་དམ་པོར་འགྱུར་རོ། །
2393	terminal-particle	40		བདག་ཡོད་ན་བདག་གིར་ཡང་འགྱུར་རོ་ཞེས་མདོ་ལས་འབྱུང་བའི་ཕྱིར་དེ་དག་ཕུང་པོ་རྣམས་ལ་བདག་
2394	terminal-particle	40		བདག་གིར་ལྟ་བ་ཡོད་ན་ཡང་བདག་གིར་ཆགས་པར་འགྱུར་ཏེ། དེ་ལྟ་བས་ན་བདག་དང་བདག་གིར་ཆགས་པའི
2395	terminal-particle	77		འོན་ཏེ་བདག་ལ་ཆགས་པ་མི་འབྱུང་བ་ཁོ་ནའོ་ཞེས་བྱ་བར་འདོད་ན། དེ་ནི་བདག་མེད་པ་ལ་ནི་བདག་
2396	terminal-particle	33		མུ་སྟེགས་བྱེད་གང་དག་བདག་རྫས་གཞན་ཁོ་ན་ཡིན་པར་སེམས་པ་དེ་དག་གི་ལྟར་ན་ཡང་ཐར་པ་མེད་པའ
2397	terminal-particle	52		འོ་ན་གལ་ཏེ་བདག་རྣམ་པ་ཐམས་ཅད་དུ་མེད་ན་སེམས་སྐད་ཅིག་མ་རྣམས་ལ་ཉམས་སུ་མྱོང་ནས་རིང་མོ
2398	terminal-particle	62		སེམས་ཀྱི་ཁྱད་པར་ཇི་ལྟ་བུ་ལས་ཤེ་ན། གང་གི་མཇུག་ཐོགས་སུ་དྲན་པ་སྐྱེ་བ་སྟེ། དེ་དག་ལ་ར
2399	terminal-particle	27		དེ་ལྟ་བུ་ཡིན་ཡང་དེའི་རྒྱུ་ལས་བྱུང་བ་མ་ཡིན་པའི་སེམས་ཀྱི་ཁྱད་པར་གྱིས་ནི་དྲན་པ་དེ་བ
2400	terminal-particle	41		དེའི་རྒྱུ་ལས་བྱུང་བ་ཡིན་ཡང་གཞན་ལྟ་བུ་ནི་དྲན་པ་དེ་སྐྱེད་པར་མི་ནུས་ཀྱི་གཉི་ག་ལྟར་ན
2401	terminal-particle	33		ད་ནི་ཇི་ལྟར་ན་སེམས་གཞན་གྱིས་མཐོང་ལ་གཞན་གྱིས་དྲན་དེ་ལྟར་ན་ནི་ལྷ་སྦྱིན་གྱིས་སེམས་ཀ
2402	terminal-particle	9		མ་ཡིན་ཏེ་འབྲེལ་པ་མེད་པའི་ཕྱིར་རོ། །
2403	terminal-particle	28		དེ་གཉིས་ནི་རྒྱུ་དང་འབྲས་བུར་མ་གྱུར་པའི་ཕྱིར་ཇི་ལྟར་ན་རྒྱུད་གཅིག་ལ་ཡོད་པའི་རྒྱུ་ད
2404	terminal-particle	14		སེམས་གཞན་གྱིས་མཐོང་ལ་གཞན་གྱིས་དྲན་ནོ་ཞེས་ཀྱང་མི་ཟེར་རོ། །
2405	terminal-particle	45		འོན་ཀྱང་ཇི་སྐད་བཤད་པ་ལྟར་རྒྱུད་ཡོངས་སུ་འགྱུར་བའི་ཚུལ་གྱིས་མཐོང་པའི་སེམས་ལ་དྲན་པའ
2406	terminal-particle	19		བདག་མེད་ན་སུ་ཞིག་གིས་དེ་ལྟར་དྲན། དྲན་ཞེས་བྱ་བའི་དོན་ཅི་ཡིན། དྲན་པས་ཡུལ་འཛིན་པའོ།
2407	line-end	11		ཅི་དེ་འཛིན་པ་དྲན་པ་ལས་གཞན་ཞིག་ཡིན་ནམ།
2408	verse-stanza	27		འོ་ན་ནི་དྲན་པ་བྱེད་པ་ཡིན་ནོ། །↵གང་གིས་དེ་བྱེད་པ་དེ་ནི་བཤད་ཟིན་ཏེ།↵དྲན་པའི་རྒྱུ་ན
2409	terminal-particle	31		འོ་ན་གང་ནག་པས་དྲན་ནོ་ཞེས་བྱ་བ་ཇི་ལྟ་བུ་ཞེ་ན། ནག་པ་ཞེས་བྱ་བའི་རྒྱུད་དེ་ལས་དེ་སྐྱེ
2410	line-end	9		བདག་མེད་པ་ན་དྲན་པ་འདི་སུའི་ཡིན།
2411	ordinal-open	12		དྲུག་པ་འདིའི་དོན་ཇི་ལྟ་བུ་ཡིན། རྗེ་བོའི་དོན་ཡིན་ནོ། །
2412	terminal-particle	18		དཔེར་ན་གང་གི་རྗེ་བོ་གང་ལྟ་བུ་ཡིན། དཔེར་ན་བའི་ནག་པ་ལྟ་བུ་ཡིན་ནོ། །
2413	terminal-particle	25		འདི་ཇི་ལྟར་དེའི་རྗེ་བོ་ཡིན། དེ་རྨོ་བ་དང་བཞོ་བ་ལ་སོགས་པ་ལ་སྦྱོར་བ་དེ་ལ་རག་ལུས་པ་ཡ
2414	terminal-particle	18		དྲན་པ་གང་དུ་སྦྱར་བར་བྱ་ན། འདི་ལྟར་དེའི་རྗེ་བོ་བཙལ། དྲན་པར་བྱ་བའི་དོན་ལའོ། །
2415	terminal-particle	10		ཅིའི་ཕྱིར་སྦྱར་བར་བྱ། དྲན་པར་བྱ་བའི་ཕྱིར་རོ། །
2416	terminal-particle	24		ཀྱེ་མ་དེ་ཉིད་དེའི་དོན་དུ་སྦྱོར་རོ་ཞེས་བྱ་བ་ནི་བསོད་ནམས་ཀྱིས་བསྐྱེད་པ་རྣམས་ཀྱིས་ལ
2417	terminal-particle	28		ཇི་ལྟར་སྦྱར་བར་བྱ། ཅི་དེ་བསྐྱེད་པའི་སྒོ་ནས་སམ། འོན་ཏེ་མངག་པའི་སྒོ་ནས། དྲན་པ་ལ་འག
2418	terminal-particle	53		དེ་ལྟ་ན་ནི་རྒྱུ་ཁོ་ན་ལ་རྗེ་བོ་ཡིན་ལ་འབྲས་བུ་ཁོ་ན་བྲན་ཡིན་པར་འགྱུར་ཏེ། འདི་ལྟར་རྒ
2419	terminal-particle	71		གང་ཡང་ནག་པ་ཞེས་བྱ་བ་འདུ་བྱེད་ཀྱི་ཚོགས་ཀྱི་རྒྱུན་ལ་གཅིག་ཏུ་བཟུང་ནས་བ་ཞེས་བྱ་བའི་ར
2420	terminal-particle	19		དེ་ལྟ་བས་ན་དེ་ལ་ཡང་རྒྱུའི་དངོས་པོ་མ་གཏོགས་པའི་རྗེ་བོའི་དངོས་པོ་མེད་དོ། །
2421	terminal-particle	54		དེ་བཞིན་དུ་སུ་ཞིག་གིས་རྣམ་པར་ཤེས། སུའི་རྣམ་པར་ཤེས་པ་ཡིན་ཞེས་བྱ་བ་དེ་ལྟ་བུ་ལ་སོགས
2422	terminal-particle	57		གང་ཡང་བྱ་བ་ནི་བྱེད་པ་པོ་ལ་ལྟོས་པའི་ཕྱིར་ཏེ། བྱ་བ་ཐམས་ཅད་ནི་བྱེད་པ་པོ་ལ་ལྟོས་ཏེ། 
2423	terminal-particle	33		དེ་ལྟ་བས་ན་གང་ཞིག་གིས་རྣམ་པར་ཤེས་པ་དེ་ཡང་བརྗོད་དགོས་སོ་ཞེས་ཟེར་བ་དེ་ལ་ལྷས་བྱིན་ཞ
2424	terminal-particle	14		གལ་ཏེ་བདག་ཡིན་ནོ་ཞེ་ན། དེ་ཉིད་བསྒྲུབ་པར་བྱ་བ་ཡིན་ནོ། །
2425	terminal-particle	31		འོན་ཏེ་སྐྱེས་བུར་ཐ་སྙད་གདགས་པ་ཡིན་ནོ་ཞེ་ན། དེ་ཡང་གཅིག་པུ་ནི་འགའ་ཡང་མེད་ཀྱི་འདུ་བ
2426	terminal-particle	15		དེ་ལ་ཇི་ལྟར་ལྷས་བྱིན་འགྲོ་བ་དེ་བཞིན་དུ་རྣམ་པར་ཤེས་སོ། །
2427	terminal-particle	51		ལྷ་སྦྱིན་ཇི་ལྟར་འགྲོ་ཞེ་ན། འདུ་བྱེད་སྐད་ཅིག་པ་རྒྱུན་ཐ་མི་དད་པ་རྣམས་ལ་བྱིས་པ་རྣམས
2428	terminal-particle	22		ཡུལ་གཞན་དུ་འབྱུང་བ་དེ་ནི་འགྲོ་བ་ཡིན་ཏེ། མེ་དང་སྒྲའི་རྒྱུན་དག་ལ་འགྲོའོ་ཞེས་བརྗོད་
2429	terminal-particle	20		དེ་དག་ཉིད་རྣམ་པར་ཤེས་པའི་རྒྱུར་གྱུར་ན་ལྷས་བྱིན་གྱིས་རྣམ་པར་ཤེས་སོ་ཞེས་ཀྱང་བྱའོ། 
2430	terminal-particle	21		འཕགས་པ་རྣམས་ཀྱིས་ཀྱང་ཐ་སྙད་གདགས་པའི་དོན་དུ་དེ་དག་ལ་མིང་དུ་དེ་སྐད་ཅེས་གསུངས་སོ། །
2431	terminal-particle	86		འོ་ན་གང་མདོ་ལས་རྣམ་པར་ཤེས་པས་རྣམ་པར་ཤེས་སོ་ཞེས་གསུངས་པ་དེ་ལ་རྣམ་པར་ཤེས་པ་ཅི་ཞིག་
2432	terminal-particle	10		འདིའི་འདྲ་བ་ཅི་ཞེ་ན། དེའི་རྣམ་པ་ཉིད་དོ། །
2433	terminal-particle	27		དེ་ཉིད་ཀྱི་ཕྱིར་དེ་ནི་དབང་པོ་ལས་ཀྱང་སྐྱེས་མོད་ཀྱི་ཡུལ་རྣམ་པར་ཤེས་སོ་ཞེས་བྱ་བའི་ད
2434	terminal-particle	50		ཡང་ན་ནི་དེར་ཡང་རྣམ་པར་ཤེས་པའི་རྒྱུན་རྣམ་པར་ཤེས་པའི་རྒྱུར་གྱུར་པའི་ཕྱིར་རྣམ་པར་ཤེ
2435	terminal-particle	24		གཞན་ཡང་ཇི་ལྟར་སྒྲོན་མ་འགྲོ་བ་ལྟར་རྣམ་པར་ཤེས་པས་རྣམ་པར་ཤེས་སོ་ཞེས་བྱ་བ་ཡང་དེ་དང་འ
2436	terminal-particle	38		སྒྲོན་མ་ཇི་ལྟར་འགྲོ་ཞེ་ན། སྒྲོན་མ་ཞེས་བྱ་བ་ནི་མེ་ལྕེ་རྣམས་ཀྱི་རྒྱུན་ལ་ཉེ་བར་འདོག
2437	terminal-particle	40		དེ་བཞིན་དུ་རྣམ་པར་ཤེས་པ་ཞེས་བྱ་བ་ནི་སེམས་རྣམས་ཀྱི་རྒྱུན་ལ་ཉེ་བར་འདོགས་པར་བྱེད་ལ་
2438	terminal-particle	7		ཡང་ན་ཇི་ལྟར་གཟུགས་འགྱུར་རོ། །
2439	terminal-particle	31		སྐྱེའོ་གནས་སོ་ཞེས་བྱ་བ་འདི་ལ་འགྱུར་བ་པོ་དང་འགྱུར་བ་དོན་གཞན་མ་ཡིན་པ་ལྟར་རྣམ་པར་ཤེ
2440	terminal-particle	89		གལ་ཏེ་རྣམ་པར་ཤེས་པ་ལས་རྣམ་པར་ཤེས་པ་སྐྱེའི་བདག་ལས་མ་ཡིན་ན་ཅིའི་ཕྱིར་རྟག་ཏུ་དེ་དག་
2441	terminal-particle	42		དེ་ལྟ་མ་ཡིན་ན་བསམ་གཏན་རྫོགས་པས་མཉམ་པར་གཞག་པ་རྣམས་ལས་ལུས་དང་སེམས་འདྲ་བ་སྐྱེ་ན་སྐད
2442	terminal-particle	116		གང་ལས་གང་ཞིག་སྐྱེ་བར་འགྱུར་བ་དེ་ཁོ་ན་ལས་དེ་སྐྱེ་བའི་ཕྱིར་སེམས་ཅན་རྣམས་ཀྱི་རིམ་པ་
2443	terminal-particle	6		གཞན་དུ་ནི་མི་ནུས་སོ། །
2444	terminal-particle	52		ཡང་བུད་མེད་ཀྱི་སེམས་ལས་རྣམ་གྲངས་ཀྱི་སེམས་རྣམ་པ་མང་པོ་ཞིག་སྐྱེས་པར་གྱུར་ན་དེ་ལས་ཆ
2445	terminal-particle	16		དེའི་འདུས་པའི་ལུས་དང་ཕྱི་རོལ་གྱི་རྐྱེན་གྱི་ཁྱད་པར་ནི་མ་གཏོགས་སོ། །
2446	terminal-particle	54		བསྒོས་པ་དེ་ཉིད་ཆེས་སྟོབས་དང་ལྡན་ན་ཅིའི་ཕྱིར་རྟག་ཏུ་འབྲས་བུ་མི་འབྱིན་ཞེ་ན། གནས་པ་
2447	line-end	39		འདི་ནི་སེམས་ཀྱི་རྣམ་པ་ཐམས་ཅད་ལ་ཕྱོགས་ཙམ་དུ་ཟད་ཀྱི་མཇུག་ཐོགས་ཀྱི་རྒྱུ་ཤེས་པ་ལ་ནི་
2448	verse-stanza	19		རྒྱུ་ཡི་རྣམ་པ་ཐམས་ཅད་ནི། །↵ཀུན་མཁྱེན་མིན་པས་ཤེས་བྱ་མིན། །↵དེ་ཤེས་ཀུན་མཁྱེན་སྟོབས
2449	terminal-particle	80		ཞེས་བཤད་ན། གཟུགས་ཅན་མ་ཡིན་པ་སེམས་ཀྱི་བྱེ་བྲག་རྣམས་ལྟ་སྨོས་ཀྱང་ཅི་དགོས། ཅིའི་ཕྱིར
2450	terminal-particle	25		གལ་ཏེ་ཡིད་དང་ཕྲད་པའི་བྱེ་བྲག་ལ་ལྟོས་པའི་ཕྱིར་རོ་ཞེ་ན་མ་ཡིན་ཏེ། འབྲེལ་པ་གཞན་མ་ཡིན
2451	terminal-particle	46		འབྲེལ་པ་ཅན་དག་ཡོངས་སུ་ཆད་པའི་ཕྱིར་དང་། ཕྲད་པ་ཞེས་བྱ་བའི་མཚན་ཉིད་ནི་མ་ཕྲད་པ་སྔོན་
2452	terminal-particle	14		དེའི་ཕྱིར་ཡིད་འཕྲོས་པ་ལ་བདག་འཕོ་བའམ། ཉམས་པར་ཐལ་བར་འགྱུར་རོ། །
2453	terminal-particle	23		གལ་ཏེ་ཕྱོགས་གཅིག་ཕྲད་དོ་ཞེ་ན། མ་ཡིན་ཏེ། ཕྱོགས་དེ་དེ་ཉིད་ཀྱི་ཡིན་པ་ཉིད་དུ་མི་རུང་
2454	terminal-particle	51		ཕྲད་པ་ཡོད་དུ་ཆུག་ན་ཡང་འོན་ཀྱང་ཡིད་རྟག་ཏུ་ཁྱད་པར་མེད་པ་ལ་ཇི་ལྟར་ཕྲད་པ་ཁྱད་པར་དུ་འ
2455	terminal-particle	66		གལ་ཏེ་འདུ་བྱེད་ཀྱི་ཁྱད་པར་ལ་ལྟོས་པའི་བདག་དང་ཡིད་ཕྲད་པ་ལས་སོ་ཞེ་ན། འདུ་བྱེད་ཀྱི་ཁ
2456	terminal-particle	16		གལ་ཏེ་བདག་ཡོད་ན་དེ་གཉིས་སྲིད་དོ་ཞེ་ན་ནི། ཚིག་ཙམ་དུ་ཟད་དོ། །
2457	terminal-particle	65		གལ་ཏེ་དེ་ནི་རྟེན་ཡིན་ནོ་ཞེ་ན། དཔེར་ན་གང་གི་རྟེན་གང་ཡིན་པ་ལྟ་བུ་དེ་དག་ཀྱང་རི་མོ་ད
2458	terminal-particle	11		གལ་ཏེ་དེ་ནི་དེ་ལྟ་བུར་རྟེན་མ་ཡིན་ནོ། །
2459	terminal-particle	54		འོ་ན་ཇི་ལྟ་བུ་ཞེ་ན། དཔེར་ན་དྲི་ལ་སོགས་པའི་ས་ལྟ་བུའོ་ཞེ་ན། འདི་ཉིད་ཁོ་བོའི་བདག་མེ
2460	terminal-particle	68		དྲི་ལ་སོགས་པ་ལས་ས་གཞན་ཡིན་པར་ངེས་པར་འཛིན་པར་བྱེད་པ་དེ་སུ་ཞིག་ཡིན། སའི་དྲི་ལ་སོགས
2461	terminal-particle	36		འདུ་བྱེད་ཀྱི་ཁྱད་པར་ལ་ལྟོས་པ་ཡིན་དུ་ཟིན་ཀྱང་ཅིའི་ཕྱིར་ཤེས་པ་ཐམས་ཅད་དུས་གཅིག་ཏུ་ས
2462	terminal-particle	33		སྟོབས་ཆེ་བ་དེ་ཉིད་ཅིའི་ཕྱིར་རྟག་པར་འབྲས་བུ་མི་འབྱིན་ཏེ། འདིའི་ཚུལ་གང་ཡིན་པ་དེ་བས
2463	terminal-particle	41		གལ་ཏེ་བདག་ནི་གདོན་མི་ཟ་བར་ཁས་བླང་བར་བྱ་སྟེ། དྲན་པ་ལ་སོགས་པ་ནི་ཡོན་ཏན་གྱི་དངོས་པོ
2464	terminal-particle	21		དེ་དག་གི་རྟེན་གཞན་ཡིན་པར་ཡང་མི་རུང་པའི་ཕྱིར་རོ་ཞེ་ན། མ་ཡིན་ཏེ། མ་གྲུབ་པའི་ཕྱིར་ར
2465	terminal-particle	14		འདི་དག་ནི་ཡོན་ཏན་གྱི་དངོས་པོ་ཉིད་ཡིན་པར་མ་གྲུབ་བོ། །
2466	terminal-particle	29		ཁོ་བོ་ཅག་གི་ལྟར་ན་ཡོད་པ་ཐམས་ཅད་ནི་རྫས་ཡིན་ཏེ། དགེ་སྦྱོང་གི་ཚུལ་གྱི་འབྲས་བུ་ནི་རྫ
2467	line-end	12		དེ་དག་རྫས་ལ་བརྟེན་པ་ཉིད་དུ་ཡང་མ་གྲུབ་སྟེ།
2468	verse-stanza	14		རྟེན་གྱི་དོན་ནི་བརྟགས་ཟིན་ཏོ། །↵དེ་ལྟ་བས་ན་འདི་ནི་གྱི་ནའོ། །
2469	terminal-particle	23		བདག་མེད་ན་ཅིའི་ཕྱིར་ལས་རྩོམ། བདག་བདེ་བར་གྱུར་ཅིག །བདག་སྡུག་བསྔལ་བར་མ་གྱུར་ཅིག་ཅེ
2470	line-end	9		ཡང་བདག་ཅེས་བྱ་བ་ཡང་གང་ཞིག་ཡིན།
2471	verse-stanza	17		བདག་ཏུ་འཛིན་པ་འདིའི་ཡུལ་གང་ཡིན་པའོ། །↵བདག་ཏུ་འཛིན་པ་འདིའི་ཡུལ་གང་ཞིག་ཡིན།
2472	terminal-particle	6		ཡུལ་ནི་ཕུང་པོ་ཡིན་ནོ། །
2473	terminal-particle	25		ཇི་ལྟར་ཤེས། དེ་དག་ལ་ཆགས་པའི་ཕྱིར་དང་། དཀར་ཤམ་ལ་སོགས་པའི་བློས་གཞི་མཐུན་པར་བྱེད་པའ
2474	terminal-particle	4		བདག་སྔོ་བསངས་སོ། །
2475	terminal-particle	3		བདག་སྦོམ་མོ། །
2476	terminal-particle	3		བདག་སྐེམ་མོ། །
2477	terminal-particle	3		བདག་རྒས་སོ། །
2478	terminal-particle	49		བདག་དར་ལ་བབ་པོ་ཞེས་དཀར་ཤམ་ལ་སོགས་པའི་བློས་བདག་ཏུ་འཛིན་པ་འདི་གཞི་མཐུན་པར་བྱེད་པར་
2479	terminal-particle	50		བདག་ལ་ཕན་འདོགས་པའི་ལུས་ལ་ཡང་བདག་ཉེ་བར་འདོགས་ཏེ། དཔེར་ན་བདག་གང་ཡིན་པ་དེ་ཉིད་བདག་ག
2480	terminal-particle	62		ལུས་ལ་དམིགས་པ་ཡིན་ན་ཅིའི་ཕྱིར་ཕ་རོལ་གྱི་ལུས་ལ་དམིགས་པ་ཡང་མ་ཡིན། འབྲེལ་པ་མེད་པའི་
2481	terminal-particle	15		འབྲེལ་པ་ཡང་གང་ཞིག་ཡིན། རྒྱུ་དང་འབྲས་བུའི་དངོས་པོའི་འབྲས་བུ་ཡིན་ནོ། །
2482	terminal-particle	49		གལ་ཏེ་བདག་མེད་པ་ན་བདག་ཏུ་འཛིན་པ་ནི་སུའི་ཡིན། འདི་ནི་དྲུག་པ་འདིའི་དོན་ཇི་ལྟ་བུ་ཡི
2483	terminal-particle	30		འདིའི་རྒྱུ་གང་ཞིག་ཡིན་ཞེ་ན། སྔོན་བདག་ཏུ་འཛིན་པས་ཡོངས་སུ་བསྒོས་པ་རང་གི་རྒྱུད་ཀྱི་
2484	line-end	20		བདག་མེད་ན་བདེ་བའམ་སྡུག་བསྔལ་བ་སུ་ཞིག་ཡིན། རྟེན་གང་བདེ་བའམ་སྡུག་བསྔལ་བ་འབྱུང་བ་སྟ
2485	verse-stanza	19		དཔེར་ན་ཤིང་ལྗོན་པ་མེ་ཏོག་ཆགས་སོ། །↵ནགས་ཚལ་འབྲས་བུ་ཆགས་སོ་ཞེས་བྱ་བ་ལྟ་བུའོ། །
2486	terminal-particle	20		འདི་གཉིས་ཀྱི་རྟེན་གང་ཞེ་ན། སྐྱེ་མཆེད་དྲུག་ཡིན་ཏེ། ཇི་ལྟར་ཡིན་པ་དེ་ལྟར་ནི་བཤད་ཟིན
2487	terminal-particle	51		བདག་མེད་ན་ལས་རྣམས་ཀྱི་བྱེད་པ་པོ་ནི་གང་ཡིན། འབྲས་བུ་རྣམས་ཀྱི་ཟ་བ་པོ་གང་ཡིན། བྱེད་
2488	terminal-particle	11		རྣམ་གྲངས་སྨྲས་སུ་ཟིན་གྱི་དོན་ནི་མ་ཡིན་ནོ། །
2489	terminal-particle	55		མཚན་ཉིད་རྣམས་ནི་བྱེད་པ་པོའི་མཚན་ཉིད་རང་དབང་ཅན་ནི་བྱེད་པ་པོ་ཡིན་ནོ་ཞེས་ཟེར་ན། འཇི
2490	terminal-particle	22		ཁྱོད་ལྷས་བྱིན་གང་ཞིག་དཔེར་བརྗོད། གལ་ཏེ་བདག་ཡིན་ནོ་ཞེ་ན་ནི་དེ་ཉིད་བསྒྲུབ་པར་བྱ་བ་
2491	terminal-particle	30		འོན་ཏེ་ཕུང་པོ་ལྔ་ཡིན་ནོ་ཞེ་ན་ནི་དེ་ཉིད་བྱེད་པ་པོ་ཡིན་ཏེ། ལས་འདི་ནི་རྣམ་པ་གསུམ་སྟ
2492	terminal-particle	18		དེ་ལ་རེ་ཞིག་ལུས་དང་ངག་གི་ལས་ལ་སེམས་ཀྱི་གཞན་གྱི་དབང་གིས་འཇུག་གོ། །
2493	terminal-particle	15		སེམས་ཀྱང་ལུས་དང་ངག་ལ་རང་གི་རྒྱུའི་གཞན་གྱི་དབང་གིས་འཇུག་གོ། །
2494	terminal-particle	25		དེ་ཡང་དེ་དང་འདྲ་བས་གང་ལ་ཡང་རང་དབང་མེད་དེ། དངོས་པོ་ཐམས་ཅད་ནི་རྐྱེན་གྱི་གཞན་གྱི་དབ
2495	terminal-particle	15		བདག་ཀྱང་ལྟོས་པ་མེད་པར་རྒྱུ་ཉིད་དུ་ཁས་མི་ལེན་པའི་ཕྱིར་རོ། །
2496	terminal-particle	7		རང་དབང་ཅན་དུ་མི་འགྲུབ་བོ། །
2497	terminal-particle	19		དེ་ལྟ་བས་ན་དེ་ལྟ་བུའི་མཚན་ཉིད་ཀྱི་བྱེད་པ་པོ་ནི་འགའ་ཡང་མི་དམིགས་སོ། །
2498	line-end	45		གང་ཞིག་གང་གི་རྒྱུའི་གཙོ་བོ་ཡིན་པ་དེ་ནི་དེའི་བྱེད་པ་པོ་ཞེས་བྱ་ན་བདག་ནི་གང་ལ་ཡང་རྒ
2499	verse-stanza	13		དྲན་པ་ལས་ནི་འདུན་པ་སྐྱེའོ། །↵འདུན་པ་ལས་ནི་རྟོག་པ་སྐྱེའོ། །
2500	verse-stanza	18		རྣམ་པར་རྟོག་པ་ལས་ནི་རབ་ཏུ་འབད་པའོ། །↵རབ་ཏུ་འབད་པ་ལས་ནི་རླུང་ངོ་། །
2501	terminal-particle	58		དེ་ལས་ནི་ལས་འབྱུང་ན་འདི་ལ་བདག་ཅི་ཞིག་བྱེད། འབྲས་བུ་ལ་ཡང་གང་ལ་བདག་མེད་ན་ཟ་བ་པོར་བ
2502	terminal-particle	43		བདག་མེད་ན་ཅིའི་ཕྱིར་སེམས་ཅན་གྱི་རྟེན་མ་ཡིན་པ་ལ་ཡང་སྡིག་པ་དང་བསོད་ནམས་ཉེ་བར་སྩོགས
2503	terminal-particle	10		ཇི་ལྟར་ཡིན་པ་དེ་ལྟར་ནི་བཤད་ཟིན་ཏོ། །
2504	terminal-particle	70		བདག་མེད་ན་ཇི་ལྟར་ན་ལས་ཞིག་ཟིན་པ་ལས་ཚེ་ཕྱི་མ་ལ་འབྲས་བུ་འབྱུང་། བདག་ཡོད་ན་ཡང་ཇི་ལྟ
2505	terminal-particle	37		དེ་ལྟ་བས་ན་ཆོས་དང་ཆོས་མ་ཡིན་པ་རྟེན་མེད་པ་ཁོ་ན་ལས་འབྱུང་ངོ་། །ཁོ་བོ་ཅག་ཀྱང་ལས་ཞིག
2506	terminal-particle	22		འོ་ན་ཇི་ལྟ་བུ་ཞེ་ན། དེའི་རྒྱུད་ཡོངས་སུ་འགྱུར་བའི་ཁྱད་པར་ལས་ཏེ། ས་བོན་དང་འབྲས་བུ་
2507	terminal-particle	33		དཔེར་ན་ས་བོན་ལས་འབྲས་བུ་འབྱུང་བ་ཞེས་བྱ་བ་དེ་ནི་ཞིག་པ་ལས་འབྱུང་བ་ཡང་མ་ཡིན་ལ་མཇུག་
2508	terminal-particle	37		འོ་ན་ཅི་ཞེ་ན། རྒྱུད་ཡོངས་སུ་འགྱུར་བའི་ཁྱད་པར་ལས་ཏེ། མྱུ་གུ་དང་སྡོང་བུ་དང་། འདབ་མ
2509	terminal-particle	31		དེ་ནི་མེ་ཏོག་ལས་གྲུབ་པ་ཡིན་ན་ཅིའི་ཕྱིར་ས་བོན་དེའི་འབྲས་བུ་ཞེས་བྱ་ཞེ་ན། དེས་བརྒྱུ
2510	terminal-particle	28		གལ་ཏེ་ས་བོན་དེ་སྔོན་དུ་འགྲོ་བར་མ་གྱུར་ན་འབྲས་བུ་དེ་འདྲ་བ་སྐྱེད་པ་ལ་དེའི་ནུས་པ་ཡོ
2511	line-end	22		དེ་བཞིན་དུ་ལས་ལས་འབྲས་བུ་འབྱུང་ངོ་། ། ཞེས་བྱ་བ་དེ་ཡང་ལས་ཞིག་པ་ལས་ཀྱང་མི་འབྱུང་ལ།
2512	verse-stanza	21		མཇུག་ཐོགས་སུ་ཡང་མ་ཡིན་ནོ། །↵འོ་ན་ཇི་ལྟ་བུ་ཞེ་ན།↵རྒྱུད་ཡོངས་སུ་འགྱུར་བའི་ཁྱད་པར་ལ
2513	terminal-particle	33		རྒྱུད་ནི་ཅི་ཡིན། ཡོངས་སུ་འགྱུར་བ་ནི་ཅི་ཡིན། ཁྱད་པར་ནི་ཅི་ཡིན་ཞེ་ན། ལས་སྔོན་དུ་འག
2514	terminal-particle	14		དེ་གཞན་དང་གཞན་དུ་སྐྱེ་བ་ནི་ཡོངས་སུ་འགྱུར་བ་ཡིན་ནོ། །
2515	terminal-particle	50		དེའི་མཇུག་ཐོགས་སུ་འབྲས་བུ་སྐྱེད་ནུས་པ་གང་ཡིན་པ་དེ་ནི་ཡོངས་སུ་འགྱུར་བ་གཞན་ལས་ཁྱད་
2516	line-end	45		ལས་རྣམ་པ་སྣ་ཚོགས་པ་སྔོན་དུ་འགྲོ་བ་ཉིད་ཡིན་ཡང་ལས་གང་ལྕི་བའམ། ཉེ་བའམ། གོམས་པ་ཡིན་པ
2517	verse-stanza	20		ཉེ་བ་གང་དང་གོམས་པ་གང་། །↵སྔོན་བྱས་གང་ཡིན་དེ་ལས་ནི། །↵སྔ་མ་སྔ་མ་རྣམ་སྨིན་འགྱུར། །
2518	terminal-particle	5		ཞེས་བཤད་པ་ལྟ་བུའོ། །
2519	terminal-particle	28		དེ་ལ་རྣམ་པར་སྨིན་པའི་རྒྱུས་བསྐྱེད་པ་རྣམ་པར་སྨིན་པའི་འབྲས་བུ་བསྐྱེད་པའི་ནུས་པ་ནི་
2520	terminal-particle	30		སྐལ་བ་མཉམ་པའི་རྒྱུས་བསྐྱེད་པ་རྒྱུ་མཐུན་པའི་འབྲས་བུ་བསྐྱེད་པའི་ནུས་པ་ནི་ཉོན་མོངས་
2521	terminal-particle	28		ཉོན་མོངས་པ་ཅན་མ་ཡིན་པ་རྣམས་ཀྱི་ནི་སེམས་ཀྱི་རྒྱུན་གཏན་དུ་ལོག་པ་སྟེ། གང་གི་ཚེ་ཡོངས
2522	terminal-particle	29		ཡང་ཅིའི་ཕྱིར་ས་བོན་གྱི་འབྲས་བུ་བཞིན་དུ་རྣམ་པར་སྨིན་པ་གཞན་མི་སྐྱེ་ན། རེ་ཞིག་ཐམས་ཅ
2523	terminal-particle	16		དེ་ལ་ཡང་འབྲས་བུ་ཁོ་ན་ལས་འབྲས་བུ་གཞན་སྐྱེ་བ་མ་ཡིན་ནོ། །
2524	terminal-particle	50		འོ་ན་ཅི་ཞེ་ན། རྣམ་པར་འདྲུལ་བའི་ཁྱད་པར་ལས་སྐྱེས་པ་རྣམ་པར་འགྱུར་བའི་ཁྱད་པར་ལས་སྐྱེ
2525	terminal-particle	15		འགྱུར་བའི་མིང་གིས་སམ། འདྲ་བའི་ཕྱིར་རྒྱུན་སྔ་མ་ཡང་ས་བོན་ཞེས་བྱའོ། །
2526	terminal-particle	66		དེ་བཞིན་དུ་འདི་ལ་ཡང་རྣམ་པར་སྨིན་པ་དེ་ལས་གལ་ཏེ་དམ་པ་དང་དམ་པ་མ་ཡིན་པའི་ཆོས་ཉན་པ་ལ་
2527	terminal-particle	76		ཡང་ན་དེ་ནི་འདི་ལྟར་ཤེས་པར་བྱ་སྟེ། ཇི་ལྟར་མ་དུ་ལུང་གའི་མེ་ཏོག་རྒྱ་སྐྱེགས་ཀྱི་ཁུ་བ
2528	terminal-particle	61		ཆེ་ལོང་ཙམ་འདི་ནི་བདག་གི་བློས་རྟོགས་པར་བྱ་བ་རབ་ཏུ་བསྟན་པ་ཡིན་ཏེ། མཐུ་རྣམ་པ་སྣ་ཚོག
2529	line-end	3		ཡང་སྨྲས་པ།
2530	verse-stanza	25		ལས་དང་དེའི་བསྒོས་དེའི་འཇུག་རྙེད། །↵དེ་ལས་འབྲས་བུ་སངས་རྒྱས་ལས། །↵གཞན་གྱི་རྣམ་པ་ཐམ
2531	verse-stanza	40		དེ་ལྟར་སངས་རྒྱས་རྣམས་ཀྱི་གསུང་རབ་རིགས་པའི་ལམ། །↵ལེགས་པར་གསུངས་པའི་དག་པ་ཆོས་ཉིད་འ
2532	verse-stanza	34		དེ་བཞིན་གཤེགས་པ་ཉི་མའི་གསུང་འོད་ཀྱིས། །↵སྣང་ལྡན་མྱ་ངན་འདས་གྲོང་ལམ་གཅིག་པ། །↵བདག་
2533	verse-stanza	25		དེ་ལྟར་འདི་ནི་ཕྱོགས་ཙམ་ཞིག།↵རང་གི་མཐུ་ཡིས་རྣམ་འཕེལ་བའི། །↵དུག་ལ་རྨ་ཡི་ཕྱོགས་བཞིན
2534	terminal-particle	39		ཆོས་མངོན་པའི་མཛོད་ལས་གང་ཟག་དགག་པ་བསྟན་པ་ཞེས་བྱ་བ་མཛོད་ཀྱི་གནས་དགུ་པ་སྟེ། ཆོས་མངོ
2535	line-end	29		རྒྱ་གར་གྱི་མཁན་པོ་ཛི་ན་མི་ཏྲ་དང་། ཞུ་ཆེན་གྱི་ལོ་ཙཱ་བ་བན་དེ་དཔལ་བརྩེགས་ཀྱིས་བསྒྱུ
SUMMARY	quote-balance	43	MISMATCH	open=43 close=32
